"cap","files","count"
"CAP-001","C:\Users\DIYA GOEL\Downloads\EBDESIGN\EVGA_PHASE3_Master_Capability_Repository.md;C:\Users\DIYA GOEL\Downloads\EBDESIGN\EVGA_PHASE7_Traceability_Matrix.md;C:\Users\DIYA GOEL\Downloads\EBDESIGN\EVGA_PHASE6_Heat_Maps.md;C:\Users\DIYA GOEL\Downloads\EBDESIGN\EVGA_PHASE14_Enhanced_Heat_Maps.md;C:\Users\DIYA GOEL\Downloads\EBDESIGN\EVGA_PHASE4_Evidence_Based_Verification.md;C:\Users\DIYA GOEL\Downloads\EBDESIGN\EVGA_FINAL_Deliverables.md","13"
"CAP-002","C:\Users\DIYA GOEL\Downloads\EBDESIGN\EVGA_PHASE7_Traceability_Matrix.md;C:\Users\DIYA GOEL\Downloads\EBDESIGN\EVGA_PHASE6_Heat_Maps.md;C:\Users\DIYA GOEL\Downloads\EBDESIGN\EVGA_PHASE5_Problem_Detection.md;C:\Users\DIYA GOEL\Downloads\EBDESIGN\EVGA_PHASE3_Master_Capability_Repository.md;C:\Users\DIYA GOEL\Downloads\EBDESIGN\EVGA_PHASE4_Evidence_Based_Verification.md","8"
"CAP-003","C:\Users\DIYA GOEL\Downloads\EBDESIGN\EVGA_PHASE3_Master_Capability_Repository.md;C:\Users\DIYA GOEL\Downloads\EBDESIGN\EVGA_PHASE4_Evidence_Based_Verification.md;C:\Users\DIYA GOEL\Downloads\EBDESIGN\EVGA_PHASE5_Problem_Detection.md;C:\Users\DIYA GOEL\Downloads\EBDESIGN\EVGA_PHASE6_Heat_Maps.md","4"
"CAP-004","C:\Users\DIYA GOEL\Downloads\EBDESIGN\EVGA_PHASE3_Master_Capability_Repository.md;C:\Users\DIYA GOEL\Downloads\EBDESIGN\EVGA_PHASE4_Evidence_Based_Verification.md;C:\Users\DIYA GOEL\Downloads\EBDESIGN\EVGA_PHASE6_Heat_Maps.md","3"
"CAP-005","C:\Users\DIYA GOEL\Downloads\EBDESIGN\EVGA_PHASE6_Heat_Maps.md;C:\Users\DIYA GOEL\Downloads\EBDESIGN\EVGA_PHASE3_Master_Capability_Repository.md;C:\Users\DIYA GOEL\Downloads\EBDESIGN\EVGA_PHASE4_Evidence_Based_Verification.md","3"
"CAP-006","C:\Users\DIYA GOEL\Downloads\EBDESIGN\EVGA_PHASE3_Master_Capability_Repository.md;C:\Users\DIYA GOEL\Downloads\EBDESIGN\EVGA_PHASE6_Heat_Maps.md;C:\Users\DIYA GOEL\Downloads\EBDESIGN\EVGA_PHASE4_Evidence_Based_Verification.md","3"
"CAP-007","C:\Users\DIYA GOEL\Downloads\EBDESIGN\EVGA_PHASE3_Master_Capability_Repository.md;C:\Users\DIYA GOEL\Downloads\EBDESIGN\EVGA_PHASE4_Evidence_Based_Verification.md;C:\Users\DIYA GOEL\Downloads\EBDESIGN\EVGA_PHASE5_Problem_Detection.md;C:\Users\DIYA GOEL\Downloads\EBDESIGN\EVGA_PHASE6_Heat_Maps.md","4"
"CAP-008","C:\Users\DIYA GOEL\Downloads\EBDESIGN\EVGA_PHASE3_Master_Capability_Repository.md;C:\Users\DIYA GOEL\Downloads\EBDESIGN\EVGA_PHASE6_Heat_Maps.md;C:\Users\DIYA GOEL\Downloads\EBDESIGN\EVGA_PHASE4_Evidence_Based_Verification.md","3"
"CAP-009","C:\Users\DIYA GOEL\Downloads\EBDESIGN\EVGA_PHASE6_Heat_Maps.md;C:\Users\DIYA GOEL\Downloads\EBDESIGN\EVGA_PHASE4_Evidence_Based_Verification.md;C:\Users\DIYA GOEL\Downloads\EBDESIGN\EVGA_PHASE3_Master_Capability_Repository.md","3"
"CAP-010","C:\Users\DIYA GOEL\Downloads\EBDESIGN\EVGA_PHASE3_Master_Capability_Repository.md;C:\Users\DIYA GOEL\Downloads\EBDESIGN\EVGA_PHASE5_Problem_Detection.md;C:\Users\DIYA GOEL\Downloads\EBDESIGN\EVGA_PHASE6_Heat_Maps.md;C:\Users\DIYA GOEL\Downloads\EBDESIGN\EVGA_PHASE4_Evidence_Based_Verification.md","4"
"CAP-011","C:\Users\DIYA GOEL\Downloads\EBDESIGN\EVGA_PHASE4_Evidence_Based_Verification.md;C:\Users\DIYA GOEL\Downloads\EBDESIGN\EVGA_PHASE6_Heat_Maps.md;C:\Users\DIYA GOEL\Downloads\EBDESIGN\EVGA_PHASE3_Master_Capability_Repository.md","3"
"CAP-012","C:\Users\DIYA GOEL\Downloads\EBDESIGN\EVGA_PHASE6_Heat_Maps.md;C:\Users\DIYA GOEL\Downloads\EBDESIGN\EVGA_PHASE3_Master_Capability_Repository.md;C:\Users\DIYA GOEL\Downloads\EBDESIGN\EVGA_PHASE4_Evidence_Based_Verification.md","3"
"CAP-013","C:\Users\DIYA GOEL\Downloads\EBDESIGN\EVGA_PHASE3_Master_Capability_Repository.md;C:\Users\DIYA GOEL\Downloads\EBDESIGN\EVGA_PHASE6_Heat_Maps.md;C:\Users\DIYA GOEL\Downloads\EBDESIGN\EVGA_PHASE4_Evidence_Based_Verification.md;C:\Users\DIYA GOEL\Downloads\EBDESIGN\EVGA_PHASE14_Enhanced_Heat_Maps.md","7"
"CAP-014","C:\Users\DIYA GOEL\Downloads\EBDESIGN\EVGA_PHASE14_Enhanced_Heat_Maps.md;C:\Users\DIYA GOEL\Downloads\EBDESIGN\EVGA_PHASE3_Master_Capability_Repository.md;C:\Users\DIYA GOEL\Downloads\EBDESIGN\EVGA_PHASE7_Traceability_Matrix.md;C:\Users\DIYA GOEL\Downloads\EBDESIGN\EVGA_PHASE4_Evidence_Based_Verification.md;C:\Users\DIYA GOEL\Downloads\EBDESIGN\EVGA_PHASE6_Heat_Maps.md","9"
"CAP-015","C:\Users\DIYA GOEL\Downloads\EBDESIGN\EVGA_PHASE4_Evidence_Based_Verification.md;C:\Users\DIYA GOEL\Downloads\EBDESIGN\EVGA_PHASE6_Heat_Maps.md;C:\Users\DIYA GOEL\Downloads\EBDESIGN\EVGA_PHASE3_Master_Capability_Repository.md;C:\Users\DIYA GOEL\Downloads\EBDESIGN\EVGA_PHASE7_Traceability_Matrix.md","4"
"CAP-016","C:\Users\DIYA GOEL\Downloads\EBDESIGN\EVGA_PHASE3_Master_Capability_Repository.md;C:\Users\DIYA GOEL\Downloads\EBDESIGN\EVGA_PHASE6_Heat_Maps.md;C:\Users\DIYA GOEL\Downloads\EBDESIGN\EVGA_PHASE4_Evidence_Based_Verification.md;C:\Users\DIYA GOEL\Downloads\EBDESIGN\EVGA_PHASE7_Traceability_Matrix.md","4"
"CAP-017","C:\Users\DIYA GOEL\Downloads\EBDESIGN\EVGA_PHASE6_Heat_Maps.md;C:\Users\DIYA GOEL\Downloads\EBDESIGN\EVGA_PHASE7_Traceability_Matrix.md;C:\Users\DIYA GOEL\Downloads\EBDESIGN\EVGA_PHASE3_Master_Capability_Repository.md;C:\Users\DIYA GOEL\Downloads\EBDESIGN\EVGA_PHASE4_Evidence_Based_Verification.md","4"
"CAP-018","C:\Users\DIYA GOEL\Downloads\EBDESIGN\EVGA_PHASE7_Traceability_Matrix.md;C:\Users\DIYA GOEL\Downloads\EBDESIGN\EVGA_PHASE3_Master_Capability_Repository.md;C:\Users\DIYA GOEL\Downloads\EBDESIGN\EVGA_PHASE6_Heat_Maps.md;C:\Users\DIYA GOEL\Downloads\EBDESIGN\EVGA_PHASE4_Evidence_Based_Verification.md","5"
"CAP-019","C:\Users\DIYA GOEL\Downloads\EBDESIGN\EVGA_PHASE6_Heat_Maps.md;C:\Users\DIYA GOEL\Downloads\EBDESIGN\EVGA_PHASE3_Master_Capability_Repository.md;C:\Users\DIYA GOEL\Downloads\EBDESIGN\EVGA_PHASE7_Traceability_Matrix.md;C:\Users\DIYA GOEL\Downloads\EBDESIGN\EVGA_PHASE14_Enhanced_Heat_Maps.md;C:\Users\DIYA GOEL\Downloads\EBDESIGN\EVGA_PHASE4_Evidence_Based_Verification.md","8"
"CAP-020","C:\Users\DIYA GOEL\Downloads\EBDESIGN\EVGA_PHASE6_Heat_Maps.md;C:\Users\DIYA GOEL\Downloads\EBDESIGN\EVGA_PHASE4_Evidence_Based_Verification.md;C:\Users\DIYA GOEL\Downloads\EBDESIGN\EVGA_PHASE3_Master_Capability_Repository.md;C:\Users\DIYA GOEL\Downloads\EBDESIGN\EVGA_PHASE7_Traceability_Matrix.md;C:\Users\DIYA GOEL\Downloads\EBDESIGN\EVGA_PHASE14_Enhanced_Heat_Maps.md;C:\Users\DIYA GOEL\Downloads\EBDESIGN\EVGA_PHASE5_Problem_Detection.md","9"
"CAP-021","C:\Users\DIYA GOEL\Downloads\EBDESIGN\EVGA_PHASE6_Heat_Maps.md;C:\Users\DIYA GOEL\Downloads\EBDESIGN\EVGA_PHASE3_Master_Capability_Repository.md;C:\Users\DIYA GOEL\Downloads\EBDESIGN\EVGA_PHASE5_Problem_Detection.md;C:\Users\DIYA GOEL\Downloads\EBDESIGN\EVGA_PHASE4_Evidence_Based_Verification.md","4"
"CAP-022","C:\Users\DIYA GOEL\Downloads\EBDESIGN\EVGA_PHASE5_Problem_Detection.md;C:\Users\DIYA GOEL\Downloads\EBDESIGN\EVGA_PHASE4_Evidence_Based_Verification.md;C:\Users\DIYA GOEL\Downloads\EBDESIGN\EVGA_PHASE3_Master_Capability_Repository.md;C:\Users\DIYA GOEL\Downloads\EBDESIGN\EVGA_PHASE6_Heat_Maps.md","5"
"CAP-023","C:\Users\DIYA GOEL\Downloads\EBDESIGN\EVGA_PHASE4_Evidence_Based_Verification.md;C:\Users\DIYA GOEL\Downloads\EBDESIGN\EVGA_PHASE7_Traceability_Matrix.md;C:\Users\DIYA GOEL\Downloads\EBDESIGN\EVGA_PHASE14_Enhanced_Heat_Maps.md;C:\Users\DIYA GOEL\Downloads\EBDESIGN\EVGA_PHASE6_Heat_Maps.md;C:\Users\DIYA GOEL\Downloads\EBDESIGN\EVGA_PHASE3_Master_Capability_Repository.md;C:\Users\DIYA GOEL\Downloads\EBDESIGN\EVGA_PHASE5_Problem_Detection.md","9"
"CAP-024","C:\Users\DIYA GOEL\Downloads\EBDESIGN\EVGA_PHASE5_Problem_Detection.md;C:\Users\DIYA GOEL\Downloads\EBDESIGN\EVGA_PHASE6_Heat_Maps.md;C:\Users\DIYA GOEL\Downloads\EBDESIGN\EVGA_PHASE7_Traceability_Matrix.md;C:\Users\DIYA GOEL\Downloads\EBDESIGN\EVGA_PHASE3_Master_Capability_Repository.md;C:\Users\DIYA GOEL\Downloads\EBDESIGN\EVGA_PHASE4_Evidence_Based_Verification.md;C:\Users\DIYA GOEL\Downloads\EBDESIGN\EVGA_PHASE14_Enhanced_Heat_Maps.md","10"
"CAP-025","C:\Users\DIYA GOEL\Downloads\EBDESIGN\EVGA_PHASE6_Heat_Maps.md;C:\Users\DIYA GOEL\Downloads\EBDESIGN\EVGA_PHASE4_Evidence_Based_Verification.md;C:\Users\DIYA GOEL\Downloads\EBDESIGN\EVGA_PHASE7_Traceability_Matrix.md;C:\Users\DIYA GOEL\Downloads\EBDESIGN\EVGA_PHASE5_Problem_Detection.md;C:\Users\DIYA GOEL\Downloads\EBDESIGN\EVGA_PHASE3_Master_Capability_Repository.md","7"
"CAP-026","C:\Users\DIYA GOEL\Downloads\EBDESIGN\EVGA_PHASE4_Evidence_Based_Verification.md;C:\Users\DIYA GOEL\Downloads\EBDESIGN\EVGA_PHASE5_Problem_Detection.md;C:\Users\DIYA GOEL\Downloads\EBDESIGN\EVGA_PHASE3_Master_Capability_Repository.md;C:\Users\DIYA GOEL\Downloads\EBDESIGN\EVGA_PHASE6_Heat_Maps.md;C:\Users\DIYA GOEL\Downloads\EBDESIGN\EVGA_PHASE7_Traceability_Matrix.md","6"
"CAP-027","C:\Users\DIYA GOEL\Downloads\EBDESIGN\EVGA_PHASE3_Master_Capability_Repository.md;C:\Users\DIYA GOEL\Downloads\EBDESIGN\EVGA_PHASE7_Traceability_Matrix.md;C:\Users\DIYA GOEL\Downloads\EBDESIGN\EVGA_PHASE4_Evidence_Based_Verification.md;C:\Users\DIYA GOEL\Downloads\EBDESIGN\EVGA_PHASE14_Enhanced_Heat_Maps.md;C:\Users\DIYA GOEL\Downloads\EBDESIGN\EVGA_PHASE6_Heat_Maps.md;C:\Users\DIYA GOEL\Downloads\EBDESIGN\EVGA_PHASE5_Problem_Detection.md","9"
"CAP-028","C:\Users\DIYA GOEL\Downloads\EBDESIGN\EVGA_PHASE14_Enhanced_Heat_Maps.md;C:\Users\DIYA GOEL\Downloads\EBDESIGN\EVGA_PHASE4_Evidence_Based_Verification.md;C:\Users\DIYA GOEL\Downloads\EBDESIGN\EVGA_PHASE6_Heat_Maps.md;C:\Users\DIYA GOEL\Downloads\EBDESIGN\EVGA_PHASE7_Traceability_Matrix.md;C:\Users\DIYA GOEL\Downloads\EBDESIGN\EVGA_PHASE3_Master_Capability_Repository.md;C:\Users\DIYA GOEL\Downloads\EBDESIGN\EVGA_PHASE5_Problem_Detection.md","10"
"CAP-029","C:\Users\DIYA GOEL\Downloads\EBDESIGN\EVGA_PHASE6_Heat_Maps.md;C:\Users\DIYA GOEL\Downloads\EBDESIGN\EVGA_PHASE5_Problem_Detection.md;C:\Users\DIYA GOEL\Downloads\EBDESIGN\EVGA_PHASE3_Master_Capability_Repository.md;C:\Users\DIYA GOEL\Downloads\EBDESIGN\EVGA_PHASE4_Evidence_Based_Verification.md;C:\Users\DIYA GOEL\Downloads\EBDESIGN\EVGA_PHASE7_Traceability_Matrix.md","6"
"CAP-030","C:\Users\DIYA GOEL\Downloads\EBDESIGN\EVGA_PHASE6_Heat_Maps.md;C:\Users\DIYA GOEL\Downloads\EBDESIGN\EVGA_PHASE5_Problem_Detection.md;C:\Users\DIYA GOEL\Downloads\EBDESIGN\EVGA_PHASE3_Master_Capability_Repository.md;C:\Users\DIYA GOEL\Downloads\EBDESIGN\EVGA_PHASE4_Evidence_Based_Verification.md;C:\Users\DIYA GOEL\Downloads\EBDESIGN\EVGA_PHASE7_Traceability_Matrix.md","6"
"CAP-031","C:\Users\DIYA GOEL\Downloads\EBDESIGN\EVGA_PHASE14_Enhanced_Heat_Maps.md;C:\Users\DIYA GOEL\Downloads\EBDESIGN\EVGA_PHASE6_Heat_Maps.md;C:\Users\DIYA GOEL\Downloads\EBDESIGN\EVGA_PHASE3_Master_Capability_Repository.md;C:\Users\DIYA GOEL\Downloads\EBDESIGN\EVGA_PHASE5_Problem_Detection.md;C:\Users\DIYA GOEL\Downloads\EBDESIGN\EVGA_PHASE7_Traceability_Matrix.md;C:\Users\DIYA GOEL\Downloads\EBDESIGN\EVGA_PHASE4_Evidence_Based_Verification.md","10"
"CAP-032","C:\Users\DIYA GOEL\Downloads\EBDESIGN\EVGA_PHASE14_Enhanced_Heat_Maps.md;C:\Users\DIYA GOEL\Downloads\EBDESIGN\EVGA_PHASE3_Master_Capability_Repository.md;C:\Users\DIYA GOEL\Downloads\EBDESIGN\EVGA_PHASE5_Problem_Detection.md;C:\Users\DIYA GOEL\Downloads\EBDESIGN\EVGA_PHASE4_Evidence_Based_Verification.md;C:\Users\DIYA GOEL\Downloads\EBDESIGN\EVGA_PHASE6_Heat_Maps.md","8"
"CAP-033","C:\Users\DIYA GOEL\Downloads\EBDESIGN\EVGA_PHASE4_Evidence_Based_Verification.md;C:\Users\DIYA GOEL\Downloads\EBDESIGN\EVGA_PHASE5_Problem_Detection.md;C:\Users\DIYA GOEL\Downloads\EBDESIGN\EVGA_PHASE3_Master_Capability_Repository.md;C:\Users\DIYA GOEL\Downloads\EBDESIGN\EVGA_PHASE6_Heat_Maps.md","4"
"CAP-034","C:\Users\DIYA GOEL\Downloads\EBDESIGN\EVGA_PHASE5_Problem_Detection.md;C:\Users\DIYA GOEL\Downloads\EBDESIGN\EVGA_PHASE6_Heat_Maps.md;C:\Users\DIYA GOEL\Downloads\EBDESIGN\EVGA_PHASE4_Evidence_Based_Verification.md;C:\Users\DIYA GOEL\Downloads\EBDESIGN\EVGA_PHASE3_Master_Capability_Repository.md;C:\Users\DIYA GOEL\Downloads\EBDESIGN\EVGA_PHASE14_Enhanced_Heat_Maps.md","9"
"CAP-035","C:\Users\DIYA GOEL\Downloads\EBDESIGN\EVGA_PHASE8_AI_Verification.md;C:\Users\DIYA GOEL\Downloads\EBDESIGN\EVGA_PHASE3_Master_Capability_Repository.md;C:\Users\DIYA GOEL\Downloads\EBDESIGN\EVGA_PHASE5_Problem_Detection.md;C:\Users\DIYA GOEL\Downloads\EBDESIGN\EVGA_PHASE14_Enhanced_Heat_Maps.md;C:\Users\DIYA GOEL\Downloads\EBDESIGN\EVGA_PHASE6_Heat_Maps.md;C:\Users\DIYA GOEL\Downloads\EBDESIGN\EVGA_PHASE4_Evidence_Based_Verification.md;C:\Users\DIYA GOEL\Downloads\EBDESIGN\EVGA_PHASE7_Traceability_Matrix.md","15"
"CAP-036","C:\Users\DIYA GOEL\Downloads\EBDESIGN\EVGA_PHASE8_AI_Verification.md;C:\Users\DIYA GOEL\Downloads\EBDESIGN\EVGA_PHASE5_Problem_Detection.md;C:\Users\DIYA GOEL\Downloads\EBDESIGN\EVGA_PHASE3_Master_Capability_Repository.md;C:\Users\DIYA GOEL\Downloads\EBDESIGN\EVGA_PHASE6_Heat_Maps.md;C:\Users\DIYA GOEL\Downloads\EBDESIGN\EVGA_PHASE7_Traceability_Matrix.md;C:\Users\DIYA GOEL\Downloads\EBDESIGN\EVGA_PHASE4_Evidence_Based_Verification.md","11"
"CAP-037","C:\Users\DIYA GOEL\Downloads\EBDESIGN\EVGA_PHASE5_Problem_Detection.md;C:\Users\DIYA GOEL\Downloads\EBDESIGN\EVGA_PHASE8_AI_Verification.md;C:\Users\DIYA GOEL\Downloads\EBDESIGN\EVGA_PHASE7_Traceability_Matrix.md;C:\Users\DIYA GOEL\Downloads\EBDESIGN\EVGA_PHASE3_Master_Capability_Repository.md;C:\Users\DIYA GOEL\Downloads\EBDESIGN\EVGA_PHASE4_Evidence_Based_Verification.md;C:\Users\DIYA GOEL\Downloads\EBDESIGN\EVGA_PHASE6_Heat_Maps.md","11"
"CAP-038","C:\Users\DIYA GOEL\Downloads\EBDESIGN\EVGA_PHASE3_Master_Capability_Repository.md;C:\Users\DIYA GOEL\Downloads\EBDESIGN\EVGA_PHASE6_Heat_Maps.md;C:\Users\DIYA GOEL\Downloads\EBDESIGN\EVGA_PHASE4_Evidence_Based_Verification.md;C:\Users\DIYA GOEL\Downloads\EBDESIGN\EVGA_PHASE8_AI_Verification.md;C:\Users\DIYA GOEL\Downloads\EBDESIGN\EVGA_PHASE14_Enhanced_Heat_Maps.md;C:\Users\DIYA GOEL\Downloads\EBDESIGN\EVGA_PHASE5_Problem_Detection.md;C:\Users\DIYA GOEL\Downloads\EBDESIGN\EVGA_PHASE7_Traceability_Matrix.md","14"
"CAP-039","C:\Users\DIYA GOEL\Downloads\EBDESIGN\EVGA_PHASE4_Evidence_Based_Verification.md;C:\Users\DIYA GOEL\Downloads\EBDESIGN\EVGA_PHASE6_Heat_Maps.md;C:\Users\DIYA GOEL\Downloads\EBDESIGN\EVGA_PHASE3_Master_Capability_Repository.md;C:\Users\DIYA GOEL\Downloads\EBDESIGN\EVGA_PHASE14_Enhanced_Heat_Maps.md;C:\Users\DIYA GOEL\Downloads\EBDESIGN\EVGA_PHASE5_Problem_Detection.md;C:\Users\DIYA GOEL\Downloads\EBDESIGN\EVGA_PHASE7_Traceability_Matrix.md","10"
"CAP-040","C:\Users\DIYA GOEL\Downloads\EBDESIGN\EVGA_PHASE3_Master_Capability_Repository.md;C:\Users\DIYA GOEL\Downloads\EBDESIGN\EVGA_PHASE7_Traceability_Matrix.md;C:\Users\DIYA GOEL\Downloads\EBDESIGN\EVGA_PHASE5_Problem_Detection.md;C:\Users\DIYA GOEL\Downloads\EBDESIGN\EVGA_PHASE6_Heat_Maps.md;C:\Users\DIYA GOEL\Downloads\EBDESIGN\EVGA_PHASE14_Enhanced_Heat_Maps.md;C:\Users\DIYA GOEL\Downloads\EBDESIGN\EVGA_PHASE4_Evidence_Based_Verification.md","11"
"CAP-041","C:\Users\DIYA GOEL\Downloads\EBDESIGN\EVGA_PHASE14_Enhanced_Heat_Maps.md;C:\Users\DIYA GOEL\Downloads\EBDESIGN\EVGA_PHASE3_Master_Capability_Repository.md;C:\Users\DIYA GOEL\Downloads\EBDESIGN\EVGA_PHASE4_Evidence_Based_Verification.md;C:\Users\DIYA GOEL\Downloads\EBDESIGN\EVGA_PHASE6_Heat_Maps.md;C:\Users\DIYA GOEL\Downloads\EBDESIGN\EVGA_PHASE5_Problem_Detection.md","9"
"CAP-042","C:\Users\DIYA GOEL\Downloads\EBDESIGN\EVGA_PHASE3_Master_Capability_Repository.md;C:\Users\DIYA GOEL\Downloads\EBDESIGN\EVGA_PHASE5_Problem_Detection.md;C:\Users\DIYA GOEL\Downloads\EBDESIGN\EVGA_PHASE6_Heat_Maps.md;C:\Users\DIYA GOEL\Downloads\EBDESIGN\EVGA_PHASE4_Evidence_Based_Verification.md;C:\Users\DIYA GOEL\Downloads\EBDESIGN\EVGA_PHASE14_Enhanced_Heat_Maps.md","9"
"CAP-043","C:\Users\DIYA GOEL\Downloads\EBDESIGN\EVGA_PHASE3_Master_Capability_Repository.md;C:\Users\DIYA GOEL\Downloads\EBDESIGN\EVGA_PHASE5_Problem_Detection.md;C:\Users\DIYA GOEL\Downloads\EBDESIGN\EVGA_PHASE4_Evidence_Based_Verification.md;C:\Users\DIYA GOEL\Downloads\EBDESIGN\EVGA_PHASE6_Heat_Maps.md;C:\Users\DIYA GOEL\Downloads\EBDESIGN\EVGA_PHASE14_Enhanced_Heat_Maps.md","9"
"CAP-044","C:\Users\DIYA GOEL\Downloads\EBDESIGN\EVGA_PHASE4_Evidence_Based_Verification.md;C:\Users\DIYA GOEL\Downloads\EBDESIGN\EVGA_PHASE6_Heat_Maps.md;C:\Users\DIYA GOEL\Downloads\EBDESIGN\EVGA_PHASE5_Problem_Detection.md;C:\Users\DIYA GOEL\Downloads\EBDESIGN\EVGA_PHASE3_Master_Capability_Repository.md","6"
"CAP-045","C:\Users\DIYA GOEL\Downloads\EBDESIGN\EVGA_PHASE3_Master_Capability_Repository.md;C:\Users\DIYA GOEL\Downloads\EBDESIGN\EVGA_PHASE6_Heat_Maps.md;C:\Users\DIYA GOEL\Downloads\EBDESIGN\EVGA_PHASE14_Enhanced_Heat_Maps.md;C:\Users\DIYA GOEL\Downloads\EBDESIGN\EVGA_PHASE5_Problem_Detection.md;C:\Users\DIYA GOEL\Downloads\EBDESIGN\EVGA_PHASE4_Evidence_Based_Verification.md","9"
"CAP-046","C:\Users\DIYA GOEL\Downloads\EBDESIGN\EVGA_PHASE4_Evidence_Based_Verification.md;C:\Users\DIYA GOEL\Downloads\EBDESIGN\EVGA_PHASE6_Heat_Maps.md;C:\Users\DIYA GOEL\Downloads\EBDESIGN\EVGA_PHASE5_Problem_Detection.md;C:\Users\DIYA GOEL\Downloads\EBDESIGN\EVGA_PHASE14_Enhanced_Heat_Maps.md;C:\Users\DIYA GOEL\Downloads\EBDESIGN\EVGA_PHASE3_Master_Capability_Repository.md","9"
"CAP-047","C:\Users\DIYA GOEL\Downloads\EBDESIGN\EVGA_PHASE5_Problem_Detection.md;C:\Users\DIYA GOEL\Downloads\EBDESIGN\EVGA_PHASE3_Master_Capability_Repository.md;C:\Users\DIYA GOEL\Downloads\EBDESIGN\EVGA_PHASE14_Enhanced_Heat_Maps.md;C:\Users\DIYA GOEL\Downloads\EBDESIGN\EVGA_PHASE6_Heat_Maps.md;C:\Users\DIYA GOEL\Downloads\EBDESIGN\EVGA_PHASE4_Evidence_Based_Verification.md","11"
"CAP-048","C:\Users\DIYA GOEL\Downloads\EBDESIGN\EVGA_PHASE6_Heat_Maps.md;C:\Users\DIYA GOEL\Downloads\EBDESIGN\EVGA_PHASE5_Problem_Detection.md;C:\Users\DIYA GOEL\Downloads\EBDESIGN\EVGA_PHASE4_Evidence_Based_Verification.md;C:\Users\DIYA GOEL\Downloads\EBDESIGN\EVGA_PHASE14_Enhanced_Heat_Maps.md;C:\Users\DIYA GOEL\Downloads\EBDESIGN\EVGA_PHASE3_Master_Capability_Repository.md","9"
"CAP-049","C:\Users\DIYA GOEL\Downloads\EBDESIGN\EVGA_PHASE4_Evidence_Based_Verification.md;C:\Users\DIYA GOEL\Downloads\EBDESIGN\EVGA_PHASE6_Heat_Maps.md;C:\Users\DIYA GOEL\Downloads\EBDESIGN\EVGA_PHASE3_Master_Capability_Repository.md;C:\Users\DIYA GOEL\Downloads\EBDESIGN\EVGA_PHASE5_Problem_Detection.md","5"
"CAP-050","C:\Users\DIYA GOEL\Downloads\EBDESIGN\EVGA_PHASE14_Enhanced_Heat_Maps.md;C:\Users\DIYA GOEL\Downloads\EBDESIGN\EVGA_PHASE5_Problem_Detection.md;C:\Users\DIYA GOEL\Downloads\EBDESIGN\EVGA_PHASE4_Evidence_Based_Verification.md;C:\Users\DIYA GOEL\Downloads\EBDESIGN\EVGA_PHASE3_Master_Capability_Repository.md;C:\Users\DIYA GOEL\Downloads\EBDESIGN\EVGA_PHASE6_Heat_Maps.md","9"
"CAP-051","C:\Users\DIYA GOEL\Downloads\EBDESIGN\EVGA_PHASE4_Evidence_Based_Verification.md;C:\Users\DIYA GOEL\Downloads\EBDESIGN\EVGA_PHASE5_Problem_Detection.md;C:\Users\DIYA GOEL\Downloads\EBDESIGN\EVGA_PHASE6_Heat_Maps.md;C:\Users\DIYA GOEL\Downloads\EBDESIGN\EVGA_PHASE3_Master_Capability_Repository.md;C:\Users\DIYA GOEL\Downloads\EBDESIGN\EVGA_PHASE14_Enhanced_Heat_Maps.md","8"
"CAP-052","C:\Users\DIYA GOEL\Downloads\EBDESIGN\EVGA_PHASE3_Master_Capability_Repository.md;C:\Users\DIYA GOEL\Downloads\EBDESIGN\EVGA_PHASE5_Problem_Detection.md;C:\Users\DIYA GOEL\Downloads\EBDESIGN\EVGA_PHASE6_Heat_Maps.md;C:\Users\DIYA GOEL\Downloads\EBDESIGN\EVGA_PHASE14_Enhanced_Heat_Maps.md;C:\Users\DIYA GOEL\Downloads\EBDESIGN\EVGA_PHASE4_Evidence_Based_Verification.md","8"
"CAP-053","C:\Users\DIYA GOEL\Downloads\EBDESIGN\EVGA_PHASE14_Enhanced_Heat_Maps.md;C:\Users\DIYA GOEL\Downloads\EBDESIGN\EVGA_PHASE5_Problem_Detection.md;C:\Users\DIYA GOEL\Downloads\EBDESIGN\EVGA_PHASE6_Heat_Maps.md;C:\Users\DIYA GOEL\Downloads\EBDESIGN\EVGA_PHASE4_Evidence_Based_Verification.md;C:\Users\DIYA GOEL\Downloads\EBDESIGN\EVGA_PHASE3_Master_Capability_Repository.md","8"
"CAP-054","C:\Users\DIYA GOEL\Downloads\EBDESIGN\EVGA_PHASE5_Problem_Detection.md;C:\Users\DIYA GOEL\Downloads\EBDESIGN\EVGA_PHASE6_Heat_Maps.md;C:\Users\DIYA GOEL\Downloads\EBDESIGN\EVGA_PHASE14_Enhanced_Heat_Maps.md;C:\Users\DIYA GOEL\Downloads\EBDESIGN\EVGA_PHASE4_Evidence_Based_Verification.md;C:\Users\DIYA GOEL\Downloads\EBDESIGN\EVGA_PHASE3_Master_Capability_Repository.md","8"
"CAP-055","C:\Users\DIYA GOEL\Downloads\EBDESIGN\EVGA_PHASE5_Problem_Detection.md;C:\Users\DIYA GOEL\Downloads\EBDESIGN\EVGA_PHASE6_Heat_Maps.md;C:\Users\DIYA GOEL\Downloads\EBDESIGN\EVGA_PHASE3_Master_Capability_Repository.md;C:\Users\DIYA GOEL\Downloads\EBDESIGN\EVGA_PHASE4_Evidence_Based_Verification.md","4"
"CAP-056","C:\Users\DIYA GOEL\Downloads\EBDESIGN\EVGA_PHASE4_Evidence_Based_Verification.md;C:\Users\DIYA GOEL\Downloads\EBDESIGN\EVGA_PHASE14_Enhanced_Heat_Maps.md;C:\Users\DIYA GOEL\Downloads\EBDESIGN\EVGA_PHASE3_Master_Capability_Repository.md;C:\Users\DIYA GOEL\Downloads\EBDESIGN\EVGA_PHASE6_Heat_Maps.md;C:\Users\DIYA GOEL\Downloads\EBDESIGN\EVGA_PHASE5_Problem_Detection.md","8"
"CAP-057","C:\Users\DIYA GOEL\Downloads\EBDESIGN\EVGA_PHASE6_Heat_Maps.md;C:\Users\DIYA GOEL\Downloads\EBDESIGN\EVGA_PHASE4_Evidence_Based_Verification.md;C:\Users\DIYA GOEL\Downloads\EBDESIGN\EVGA_PHASE3_Master_Capability_Repository.md;C:\Users\DIYA GOEL\Downloads\EBDESIGN\EVGA_PHASE14_Enhanced_Heat_Maps.md;C:\Users\DIYA GOEL\Downloads\EBDESIGN\EVGA_PHASE5_Problem_Detection.md","8"
"CAP-058","C:\Users\DIYA GOEL\Downloads\EBDESIGN\EVGA_PHASE4_Evidence_Based_Verification.md;C:\Users\DIYA GOEL\Downloads\EBDESIGN\EVGA_PHASE3_Master_Capability_Repository.md;C:\Users\DIYA GOEL\Downloads\EBDESIGN\EVGA_PHASE5_Problem_Detection.md;C:\Users\DIYA GOEL\Downloads\EBDESIGN\EVGA_PHASE14_Enhanced_Heat_Maps.md;C:\Users\DIYA GOEL\Downloads\EBDESIGN\EVGA_PHASE6_Heat_Maps.md","8"
"CAP-059","C:\Users\DIYA GOEL\Downloads\EBDESIGN\EVGA_PHASE3_Master_Capability_Repository.md;C:\Users\DIYA GOEL\Downloads\EBDESIGN\EVGA_PHASE5_Problem_Detection.md;C:\Users\DIYA GOEL\Downloads\EBDESIGN\EVGA_PHASE14_Enhanced_Heat_Maps.md;C:\Users\DIYA GOEL\Downloads\EBDESIGN\EVGA_PHASE4_Evidence_Based_Verification.md;C:\Users\DIYA GOEL\Downloads\EBDESIGN\EVGA_PHASE6_Heat_Maps.md","8"
"CAP-060","C:\Users\DIYA GOEL\Downloads\EBDESIGN\EVGA_PHASE6_Heat_Maps.md;C:\Users\DIYA GOEL\Downloads\EBDESIGN\EVGA_PHASE4_Evidence_Based_Verification.md;C:\Users\DIYA GOEL\Downloads\EBDESIGN\EVGA_PHASE14_Enhanced_Heat_Maps.md;C:\Users\DIYA GOEL\Downloads\EBDESIGN\EVGA_PHASE3_Master_Capability_Repository.md;C:\Users\DIYA GOEL\Downloads\EBDESIGN\EVGA_PHASE5_Problem_Detection.md","8"
"CAP-061","C:\Users\DIYA GOEL\Downloads\EBDESIGN\EVGA_PHASE6_Heat_Maps.md;C:\Users\DIYA GOEL\Downloads\EBDESIGN\EVGA_PHASE14_Enhanced_Heat_Maps.md;C:\Users\DIYA GOEL\Downloads\EBDESIGN\EVGA_PHASE5_Problem_Detection.md;C:\Users\DIYA GOEL\Downloads\EBDESIGN\EVGA_PHASE3_Master_Capability_Repository.md;C:\Users\DIYA GOEL\Downloads\EBDESIGN\EVGA_PHASE4_Evidence_Based_Verification.md","8"
"CAP-062","C:\Users\DIYA GOEL\Downloads\EBDESIGN\EVGA_PHASE6_Heat_Maps.md;C:\Users\DIYA GOEL\Downloads\EBDESIGN\EVGA_PHASE4_Evidence_Based_Verification.md;C:\Users\DIYA GOEL\Downloads\EBDESIGN\EVGA_PHASE3_Master_Capability_Repository.md;C:\Users\DIYA GOEL\Downloads\EBDESIGN\EVGA_PHASE8_AI_Verification.md;C:\Users\DIYA GOEL\Downloads\EBDESIGN\EVGA_PHASE5_Problem_Detection.md","7"
"CAP-063","C:\Users\DIYA GOEL\Downloads\EBDESIGN\EVGA_PHASE4_Evidence_Based_Verification.md;C:\Users\DIYA GOEL\Downloads\EBDESIGN\EVGA_PHASE3_Master_Capability_Repository.md;C:\Users\DIYA GOEL\Downloads\EBDESIGN\EVGA_PHASE6_Heat_Maps.md;C:\Users\DIYA GOEL\Downloads\EBDESIGN\EVGA_PHASE5_Problem_Detection.md;C:\Users\DIYA GOEL\Downloads\EBDESIGN\EVGA_PHASE14_Enhanced_Heat_Maps.md","8"
"CAP-064","C:\Users\DIYA GOEL\Downloads\EBDESIGN\EVGA_PHASE3_Master_Capability_Repository.md;C:\Users\DIYA GOEL\Downloads\EBDESIGN\EVGA_PHASE4_Evidence_Based_Verification.md;C:\Users\DIYA GOEL\Downloads\EBDESIGN\EVGA_PHASE14_Enhanced_Heat_Maps.md;C:\Users\DIYA GOEL\Downloads\EBDESIGN\EVGA_PHASE6_Heat_Maps.md;C:\Users\DIYA GOEL\Downloads\EBDESIGN\EVGA_PHASE5_Problem_Detection.md","8"
"CAP-065","C:\Users\DIYA GOEL\Downloads\EBDESIGN\EVGA_PHASE3_Master_Capability_Repository.md;C:\Users\DIYA GOEL\Downloads\EBDESIGN\EVGA_PHASE4_Evidence_Based_Verification.md;C:\Users\DIYA GOEL\Downloads\EBDESIGN\EVGA_PHASE5_Problem_Detection.md;C:\Users\DIYA GOEL\Downloads\EBDESIGN\EVGA_PHASE6_Heat_Maps.md","4"
"CAP-066","C:\Users\DIYA GOEL\Downloads\EBDESIGN\EVGA_PHASE3_Master_Capability_Repository.md;C:\Users\DIYA GOEL\Downloads\EBDESIGN\EVGA_PHASE6_Heat_Maps.md;C:\Users\DIYA GOEL\Downloads\EBDESIGN\EVGA_PHASE14_Enhanced_Heat_Maps.md;C:\Users\DIYA GOEL\Downloads\EBDESIGN\EVGA_PHASE4_Evidence_Based_Verification.md;C:\Users\DIYA GOEL\Downloads\EBDESIGN\EVGA_PHASE5_Problem_Detection.md","8"
"CAP-067","C:\Users\DIYA GOEL\Downloads\EBDESIGN\EVGA_PHASE14_Enhanced_Heat_Maps.md;C:\Users\DIYA GOEL\Downloads\EBDESIGN\EVGA_PHASE5_Problem_Detection.md;C:\Users\DIYA GOEL\Downloads\EBDESIGN\EVGA_PHASE6_Heat_Maps.md;C:\Users\DIYA GOEL\Downloads\EBDESIGN\EVGA_PHASE3_Master_Capability_Repository.md;C:\Users\DIYA GOEL\Downloads\EBDESIGN\EVGA_PHASE4_Evidence_Based_Verification.md","8"
"CAP-068","C:\Users\DIYA GOEL\Downloads\EBDESIGN\EVGA_PHASE6_Heat_Maps.md;C:\Users\DIYA GOEL\Downloads\EBDESIGN\EVGA_PHASE8_AI_Verification.md;C:\Users\DIYA GOEL\Downloads\EBDESIGN\EVGA_PHASE4_Evidence_Based_Verification.md;C:\Users\DIYA GOEL\Downloads\EBDESIGN\EVGA_PHASE3_Master_Capability_Repository.md;C:\Users\DIYA GOEL\Downloads\EBDESIGN\EVGA_PHASE5_Problem_Detection.md","7"
"CAP-069","C:\Users\DIYA GOEL\Downloads\EBDESIGN\EVGA_PHASE8_AI_Verification.md;C:\Users\DIYA GOEL\Downloads\EBDESIGN\EVGA_PHASE3_Master_Capability_Repository.md;C:\Users\DIYA GOEL\Downloads\EBDESIGN\EVGA_PHASE6_Heat_Maps.md;C:\Users\DIYA GOEL\Downloads\EBDESIGN\EVGA_PHASE4_Evidence_Based_Verification.md;C:\Users\DIYA GOEL\Downloads\EBDESIGN\EVGA_PHASE14_Enhanced_Heat_Maps.md;C:\Users\DIYA GOEL\Downloads\EBDESIGN\EVGA_PHASE5_Problem_Detection.md","11"
"CAP-070","C:\Users\DIYA GOEL\Downloads\EBDESIGN\EVGA_PHASE14_Enhanced_Heat_Maps.md;C:\Users\DIYA GOEL\Downloads\EBDESIGN\EVGA_PHASE6_Heat_Maps.md;C:\Users\DIYA GOEL\Downloads\EBDESIGN\EVGA_PHASE5_Problem_Detection.md;C:\Users\DIYA GOEL\Downloads\EBDESIGN\EVGA_PHASE4_Evidence_Based_Verification.md;C:\Users\DIYA GOEL\Downloads\EBDESIGN\EVGA_PHASE3_Master_Capability_Repository.md","8"
"CAP-071","C:\Users\DIYA GOEL\Downloads\EBDESIGN\EVGA_PHASE6_Heat_Maps.md;C:\Users\DIYA GOEL\Downloads\EBDESIGN\EVGA_PHASE3_Master_Capability_Repository.md;C:\Users\DIYA GOEL\Downloads\EBDESIGN\EVGA_PHASE5_Problem_Detection.md;C:\Users\DIYA GOEL\Downloads\EBDESIGN\EVGA_PHASE4_Evidence_Based_Verification.md","4"
"CAP-072","C:\Users\DIYA GOEL\Downloads\EBDESIGN\EVGA_PHASE4_Evidence_Based_Verification.md;C:\Users\DIYA GOEL\Downloads\EBDESIGN\EVGA_PHASE3_Master_Capability_Repository.md;C:\Users\DIYA GOEL\Downloads\EBDESIGN\EVGA_PHASE6_Heat_Maps.md;C:\Users\DIYA GOEL\Downloads\EBDESIGN\EVGA_PHASE5_Problem_Detection.md","4"
"CAP-073","C:\Users\DIYA GOEL\Downloads\EBDESIGN\EVGA_PHASE5_Problem_Detection.md;C:\Users\DIYA GOEL\Downloads\EBDESIGN\EVGA_PHASE6_Heat_Maps.md;C:\Users\DIYA GOEL\Downloads\EBDESIGN\EVGA_PHASE3_Master_Capability_Repository.md;C:\Users\DIYA GOEL\Downloads\EBDESIGN\EVGA_PHASE4_Evidence_Based_Verification.md","4"
"CAP-074","C:\Users\DIYA GOEL\Downloads\EBDESIGN\EVGA_PHASE4_Evidence_Based_Verification.md;C:\Users\DIYA GOEL\Downloads\EBDESIGN\EVGA_PHASE3_Master_Capability_Repository.md;C:\Users\DIYA GOEL\Downloads\EBDESIGN\EVGA_PHASE6_Heat_Maps.md;C:\Users\DIYA GOEL\Downloads\EBDESIGN\EVGA_PHASE5_Problem_Detection.md","4"
"CAP-075","C:\Users\DIYA GOEL\Downloads\EBDESIGN\EVGA_FINAL_Deliverables.md;C:\Users\DIYA GOEL\Downloads\EBDESIGN\EVGA_PHASE4_Evidence_Based_Verification.md;C:\Users\DIYA GOEL\Downloads\EBDESIGN\EVGA_PHASE6_Heat_Maps.md;C:\Users\DIYA GOEL\Downloads\EBDESIGN\EVGA_PHASE3_Master_Capability_Repository.md;C:\Users\DIYA GOEL\Downloads\EBDESIGN\EVGA_PHASE14_Enhanced_Heat_Maps.md;C:\Users\DIYA GOEL\Downloads\EBDESIGN\EVGA_PHASE5_Problem_Detection.md","10"
"CAP-077","C:\Users\DIYA GOEL\Downloads\EBDESIGN\EVGA_PHASE13_Enhanced_Evidence_Verification.md;C:\Users\DIYA GOEL\Downloads\EBDESIGN\EVGA_PHASE14_Enhanced_Heat_Maps.md;C:\Users\DIYA GOEL\Downloads\EBDESIGN\EVGA_PHASE11_Expanded_Enterprise_Platforms_Audit.md;C:\Users\DIYA GOEL\Downloads\EBDESIGN\EVGA_PHASE3_Master_Capability_Repository.md","4"
"CAP-078","C:\Users\DIYA GOEL\Downloads\EBDESIGN\EVGA_PHASE3_Master_Capability_Repository.md;C:\Users\DIYA GOEL\Downloads\EBDESIGN\EVGA_PHASE11_Expanded_Enterprise_Platforms_Audit.md;C:\Users\DIYA GOEL\Downloads\EBDESIGN\EVGA_PHASE14_Enhanced_Heat_Maps.md;C:\Users\DIYA GOEL\Downloads\EBDESIGN\EVGA_PHASE13_Enhanced_Evidence_Verification.md","4"
"CAP-079","C:\Users\DIYA GOEL\Downloads\EBDESIGN\EVGA_PHASE3_Master_Capability_Repository.md;C:\Users\DIYA GOEL\Downloads\EBDESIGN\EVGA_PHASE11_Expanded_Enterprise_Platforms_Audit.md;C:\Users\DIYA GOEL\Downloads\EBDESIGN\EVGA_PHASE13_Enhanced_Evidence_Verification.md;C:\Users\DIYA GOEL\Downloads\EBDESIGN\EVGA_PHASE14_Enhanced_Heat_Maps.md","4"
"CAP-080","C:\Users\DIYA GOEL\Downloads\EBDESIGN\EVGA_PHASE3_Master_Capability_Repository.md;C:\Users\DIYA GOEL\Downloads\EBDESIGN\EVGA_PHASE14_Enhanced_Heat_Maps.md;C:\Users\DIYA GOEL\Downloads\EBDESIGN\EVGA_PHASE11_Expanded_Enterprise_Platforms_Audit.md;C:\Users\DIYA GOEL\Downloads\EBDESIGN\EVGA_PHASE13_Enhanced_Evidence_Verification.md","4"
"CAP-081","C:\Users\DIYA GOEL\Downloads\EBDESIGN\EVGA_PHASE13_Enhanced_Evidence_Verification.md;C:\Users\DIYA GOEL\Downloads\EBDESIGN\EVGA_PHASE14_Enhanced_Heat_Maps.md;C:\Users\DIYA GOEL\Downloads\EBDESIGN\EVGA_PHASE13_REVERIFIED_2026-08-03.md;C:\Users\DIYA GOEL\Downloads\EBDESIGN\EVGA_PHASE11_Expanded_Enterprise_Platforms_Audit.md;C:\Users\DIYA GOEL\Downloads\EBDESIGN\EVGA_PHASE3_Master_Capability_Repository.md","5"
"CAP-082","C:\Users\DIYA GOEL\Downloads\EBDESIGN\EVGA_PHASE11_Expanded_Enterprise_Platforms_Audit.md;C:\Users\DIYA GOEL\Downloads\EBDESIGN\EVGA_PHASE13_Enhanced_Evidence_Verification.md;C:\Users\DIYA GOEL\Downloads\EBDESIGN\EVGA_PHASE3_Master_Capability_Repository.md;C:\Users\DIYA GOEL\Downloads\EBDESIGN\EVGA_PHASE14_Enhanced_Heat_Maps.md","4"
"CAP-083","C:\Users\DIYA GOEL\Downloads\EBDESIGN\EVGA_PHASE11_Expanded_Enterprise_Platforms_Audit.md;C:\Users\DIYA GOEL\Downloads\EBDESIGN\EVGA_PHASE3_Master_Capability_Repository.md;C:\Users\DIYA GOEL\Downloads\EBDESIGN\EVGA_PHASE14_Enhanced_Heat_Maps.md;C:\Users\DIYA GOEL\Downloads\EBDESIGN\EVGA_PHASE13_Enhanced_Evidence_Verification.md","4"
"CAP-085","C:\Users\DIYA GOEL\Downloads\EBDESIGN\EVGA_PHASE11_Expanded_Enterprise_Platforms_Audit.md;C:\Users\DIYA GOEL\Downloads\EBDESIGN\EVGA_PHASE14_Enhanced_Heat_Maps.md;C:\Users\DIYA GOEL\Downloads\EBDESIGN\EVGA_PHASE13_Enhanced_Evidence_Verification.md;C:\Users\DIYA GOEL\Downloads\EBDESIGN\EVGA_PHASE3_Master_Capability_Repository.md;C:\Users\DIYA GOEL\Downloads\EBDESIGN\EVGA_PHASE13_Enhanced_Evidence_Verification.pdf","8"
"CAP-086","C:\Users\DIYA GOEL\Downloads\EBDESIGN\EVGA_PHASE3_Master_Capability_Repository.md;C:\Users\DIYA GOEL\Downloads\EBDESIGN\EVGA_PHASE13_Enhanced_Evidence_Verification.md;C:\Users\DIYA GOEL\Downloads\EBDESIGN\EVGA_PHASE13_Enhanced_Evidence_Verification.pdf;C:\Users\DIYA GOEL\Downloads\EBDESIGN\EVGA_PHASE14_Enhanced_Heat_Maps.md;C:\Users\DIYA GOEL\Downloads\EBDESIGN\EVGA_PHASE11_Expanded_Enterprise_Platforms_Audit.md","8"
"CAP-087","C:\Users\DIYA GOEL\Downloads\EBDESIGN\EVGA_PHASE11_Expanded_Enterprise_Platforms_Audit.md;C:\Users\DIYA GOEL\Downloads\EBDESIGN\EVGA_PHASE13_Enhanced_Evidence_Verification.md;C:\Users\DIYA GOEL\Downloads\EBDESIGN\EVGA_PHASE3_Master_Capability_Repository.md","3"
"CAP-088","C:\Users\DIYA GOEL\Downloads\EBDESIGN\EVGA_PHASE13_Enhanced_Evidence_Verification.md;C:\Users\DIYA GOEL\Downloads\EBDESIGN\EVGA_PHASE3_Master_Capability_Repository.md;C:\Users\DIYA GOEL\Downloads\EBDESIGN\EVGA_PHASE11_Expanded_Enterprise_Platforms_Audit.md","3"
"CAP-089","C:\Users\DIYA GOEL\Downloads\EBDESIGN\EVGA_PHASE11_Expanded_Enterprise_Platforms_Audit.md;C:\Users\DIYA GOEL\Downloads\EBDESIGN\EVGA_PHASE3_Master_Capability_Repository.md;C:\Users\DIYA GOEL\Downloads\EBDESIGN\EVGA_PHASE13_Enhanced_Evidence_Verification.md","3"
"CAP-090","C:\Users\DIYA GOEL\Downloads\EBDESIGN\EVGA_PHASE3_Master_Capability_Repository.md;C:\Users\DIYA GOEL\Downloads\EBDESIGN\EVGA_PHASE13_Enhanced_Evidence_Verification.md;C:\Users\DIYA GOEL\Downloads\EBDESIGN\EVGA_PHASE11_Expanded_Enterprise_Platforms_Audit.md","3"
"CAP-091","C:\Users\DIYA GOEL\Downloads\EBDESIGN\EVGA_PHASE11_Expanded_Enterprise_Platforms_Audit.md;C:\Users\DIYA GOEL\Downloads\EBDESIGN\EVGA_PHASE13_Enhanced_Evidence_Verification.md;C:\Users\DIYA GOEL\Downloads\EBDESIGN\EVGA_PHASE3_Master_Capability_Repository.md","3"
"CAP-092","C:\Users\DIYA GOEL\Downloads\EBDESIGN\EVGA_PHASE13_Enhanced_Evidence_Verification.md;C:\Users\DIYA GOEL\Downloads\EBDESIGN\EVGA_PHASE11_Expanded_Enterprise_Platforms_Audit.md;C:\Users\DIYA GOEL\Downloads\EBDESIGN\EVGA_PHASE3_Master_Capability_Repository.md","3"
"CAP-093","C:\Users\DIYA GOEL\Downloads\EBDESIGN\EVGA_PHASE3_Master_Capability_Repository.md;C:\Users\DIYA GOEL\Downloads\EBDESIGN\EVGA_PHASE13_Enhanced_Evidence_Verification.md;C:\Users\DIYA GOEL\Downloads\EBDESIGN\EVGA_PHASE11_Expanded_Enterprise_Platforms_Audit.md","3"
"CAP-094","C:\Users\DIYA GOEL\Downloads\EBDESIGN\EVGA_PHASE11_Expanded_Enterprise_Platforms_Audit.md;C:\Users\DIYA GOEL\Downloads\EBDESIGN\EVGA_PHASE13_Enhanced_Evidence_Verification.md;C:\Users\DIYA GOEL\Downloads\EBDESIGN\EVGA_PHASE3_Master_Capability_Repository.md","3"
"CAP-095","C:\Users\DIYA GOEL\Downloads\EBDESIGN\EVGA_PHASE13_Enhanced_Evidence_Verification.md;C:\Users\DIYA GOEL\Downloads\EBDESIGN\EVGA_PHASE3_Master_Capability_Repository.md;C:\Users\DIYA GOEL\Downloads\EBDESIGN\EVGA_PHASE11_Expanded_Enterprise_Platforms_Audit.md","3"
"CAP-096","C:\Users\DIYA GOEL\Downloads\EBDESIGN\EVGA_PHASE11_Expanded_Enterprise_Platforms_Audit.md;C:\Users\DIYA GOEL\Downloads\EBDESIGN\EVGA_PHASE13_Enhanced_Evidence_Verification.md;C:\Users\DIYA GOEL\Downloads\EBDESIGN\EVGA_PHASE3_Master_Capability_Repository.md","3"
"CAP-097","C:\Users\DIYA GOEL\Downloads\EBDESIGN\EVGA_PHASE13_Enhanced_Evidence_Verification.md;C:\Users\DIYA GOEL\Downloads\EBDESIGN\EVGA_PHASE11_Expanded_Enterprise_Platforms_Audit.md;C:\Users\DIYA GOEL\Downloads\EBDESIGN\EVGA_PHASE3_Master_Capability_Repository.md","3"
"CAP-098","C:\Users\DIYA GOEL\Downloads\EBDESIGN\EVGA_PHASE11_Expanded_Enterprise_Platforms_Audit.md;C:\Users\DIYA GOEL\Downloads\EBDESIGN\EVGA_PHASE3_Master_Capability_Repository.md;C:\Users\DIYA GOEL\Downloads\EBDESIGN\EVGA_PHASE13_Enhanced_Evidence_Verification.md","3"
"CAP-099","C:\Users\DIYA GOEL\Downloads\EBDESIGN\EVGA_PHASE3_Master_Capability_Repository.md;C:\Users\DIYA GOEL\Downloads\EBDESIGN\EVGA_PHASE13_Enhanced_Evidence_Verification.md;C:\Users\DIYA GOEL\Downloads\EBDESIGN\EVGA_PHASE11_Expanded_Enterprise_Platforms_Audit.md","3"
"CAP-100","C:\Users\DIYA GOEL\Downloads\EBDESIGN\EVGA_PHASE13_Enhanced_Evidence_Verification.md;C:\Users\DIYA GOEL\Downloads\EBDESIGN\EVGA_PHASE3_Master_Capability_Repository.md;C:\Users\DIYA GOEL\Downloads\EBDESIGN\EVGA_PHASE11_Expanded_Enterprise_Platforms_Audit.md","3"
"CAP-101","C:\Users\DIYA GOEL\Downloads\EBDESIGN\EVGA_PHASE13_Enhanced_Evidence_Verification.md;C:\Users\DIYA GOEL\Downloads\EBDESIGN\EVGA_PHASE11_Expanded_Enterprise_Platforms_Audit.md;C:\Users\DIYA GOEL\Downloads\EBDESIGN\EVGA_PHASE3_Master_Capability_Repository.md","3"
"CAP-102","C:\Users\DIYA GOEL\Downloads\EBDESIGN\EVGA_PHASE11_Expanded_Enterprise_Platforms_Audit.md;C:\Users\DIYA GOEL\Downloads\EBDESIGN\EVGA_PHASE3_Master_Capability_Repository.md;C:\Users\DIYA GOEL\Downloads\EBDESIGN\EVGA_PHASE13_Enhanced_Evidence_Verification.md","3"
"CAP-103","C:\Users\DIYA GOEL\Downloads\EBDESIGN\EVGA_PHASE3_Master_Capability_Repository.md;C:\Users\DIYA GOEL\Downloads\EBDESIGN\EVGA_PHASE13_Enhanced_Evidence_Verification.md;C:\Users\DIYA GOEL\Downloads\EBDESIGN\EVGA_PHASE11_Expanded_Enterprise_Platforms_Audit.md","3"
"CAP-104","C:\Users\DIYA GOEL\Downloads\EBDESIGN\EVGA_PHASE3_Master_Capability_Repository.md;C:\Users\DIYA GOEL\Downloads\EBDESIGN\EVGA_PHASE13_Enhanced_Evidence_Verification.md;C:\Users\DIYA GOEL\Downloads\EBDESIGN\EVGA_PHASE11_Expanded_Enterprise_Platforms_Audit.md","3"
"CAP-105","C:\Users\DIYA GOEL\Downloads\EBDESIGN\EVGA_PHASE11_Expanded_Enterprise_Platforms_Audit.md;C:\Users\DIYA GOEL\Downloads\EBDESIGN\EVGA_PHASE13_Enhanced_Evidence_Verification.md;C:\Users\DIYA GOEL\Downloads\EBDESIGN\EVGA_PHASE3_Master_Capability_Repository.md","3"
"CAP-106","C:\Users\DIYA GOEL\Downloads\EBDESIGN\EVGA_PHASE11_Expanded_Enterprise_Platforms_Audit.md;C:\Users\DIYA GOEL\Downloads\EBDESIGN\EVGA_PHASE13_Enhanced_Evidence_Verification.md;C:\Users\DIYA GOEL\Downloads\EBDESIGN\EVGA_PHASE3_Master_Capability_Repository.md","3"
"CAP-107","C:\Users\DIYA GOEL\Downloads\EBDESIGN\EVGA_PHASE13_Enhanced_Evidence_Verification.md;C:\Users\DIYA GOEL\Downloads\EBDESIGN\EVGA_PHASE3_Master_Capability_Repository.md;C:\Users\DIYA GOEL\Downloads\EBDESIGN\EVGA_PHASE14_Enhanced_Heat_Maps.md;C:\Users\DIYA GOEL\Downloads\EBDESIGN\EVGA_PHASE11_Expanded_Enterprise_Platforms_Audit.md;C:\Users\DIYA GOEL\Downloads\EBDESIGN\EVGA_PHASE13_Enhanced_Evidence_Verification.pdf","8"
"CAP-108","C:\Users\DIYA GOEL\Downloads\EBDESIGN\EVGA_PHASE13_Enhanced_Evidence_Verification.md;C:\Users\DIYA GOEL\Downloads\EBDESIGN\EVGA_PHASE13_Enhanced_Evidence_Verification.pdf;C:\Users\DIYA GOEL\Downloads\EBDESIGN\EVGA_PHASE14_Enhanced_Heat_Maps.md;C:\Users\DIYA GOEL\Downloads\EBDESIGN\EVGA_PHASE11_Expanded_Enterprise_Platforms_Audit.md;C:\Users\DIYA GOEL\Downloads\EBDESIGN\EVGA_PHASE3_Master_Capability_Repository.md","8"
"CAP-109","C:\Users\DIYA GOEL\Downloads\EBDESIGN\EVGA_PHASE11_Expanded_Enterprise_Platforms_Audit.md;C:\Users\DIYA GOEL\Downloads\EBDESIGN\EVGA_PHASE3_Master_Capability_Repository.md;C:\Users\DIYA GOEL\Downloads\EBDESIGN\EVGA_PHASE13_Enhanced_Evidence_Verification.md","3"
"CAP-110","C:\Users\DIYA GOEL\Downloads\EBDESIGN\EVGA_PHASE11_Expanded_Enterprise_Platforms_Audit.md;C:\Users\DIYA GOEL\Downloads\EBDESIGN\EVGA_PHASE13_Enhanced_Evidence_Verification.md;C:\Users\DIYA GOEL\Downloads\EBDESIGN\EVGA_PHASE3_Master_Capability_Repository.md","3"
"CAP-111","C:\Users\DIYA GOEL\Downloads\EBDESIGN\EVGA_PHASE3_Master_Capability_Repository.md;C:\Users\DIYA GOEL\Downloads\EBDESIGN\EVGA_PHASE13_Enhanced_Evidence_Verification.md;C:\Users\DIYA GOEL\Downloads\EBDESIGN\EVGA_PHASE11_Expanded_Enterprise_Platforms_Audit.md","3"
"CAP-112","C:\Users\DIYA GOEL\Downloads\EBDESIGN\EVGA_PHASE11_Expanded_Enterprise_Platforms_Audit.md;C:\Users\DIYA GOEL\Downloads\EBDESIGN\EVGA_PHASE3_Master_Capability_Repository.md;C:\Users\DIYA GOEL\Downloads\EBDESIGN\EVGA_PHASE13_Enhanced_Evidence_Verification.md","3"
"CAP-113","C:\Users\DIYA GOEL\Downloads\EBDESIGN\EVGA_PHASE13_Enhanced_Evidence_Verification.md;C:\Users\DIYA GOEL\Downloads\EBDESIGN\EVGA_PHASE3_Master_Capability_Repository.md;C:\Users\DIYA GOEL\Downloads\EBDESIGN\EVGA_PHASE11_Expanded_Enterprise_Platforms_Audit.md","3"
"CAP-114","C:\Users\DIYA GOEL\Downloads\EBDESIGN\EVGA_PHASE13_Enhanced_Evidence_Verification.md;C:\Users\DIYA GOEL\Downloads\EBDESIGN\EVGA_PHASE11_Expanded_Enterprise_Platforms_Audit.md;C:\Users\DIYA GOEL\Downloads\EBDESIGN\EVGA_PHASE3_Master_Capability_Repository.md","3"
"CAP-115","C:\Users\DIYA GOEL\Downloads\EBDESIGN\EVGA_PHASE3_Master_Capability_Repository.md;C:\Users\DIYA GOEL\Downloads\EBDESIGN\EVGA_PHASE14_Enhanced_Heat_Maps.md;C:\Users\DIYA GOEL\Downloads\EBDESIGN\EVGA_PHASE13_Enhanced_Evidence_Verification.pdf;C:\Users\DIYA GOEL\Downloads\EBDESIGN\EVGA_PHASE11_Expanded_Enterprise_Platforms_Audit.md;C:\Users\DIYA GOEL\Downloads\EBDESIGN\EVGA_PHASE13_Enhanced_Evidence_Verification.md","8"
"CAP-116","C:\Users\DIYA GOEL\Downloads\EBDESIGN\EVGA_PHASE13_Enhanced_Evidence_Verification.md;C:\Users\DIYA GOEL\Downloads\EBDESIGN\EVGA_PHASE14_Enhanced_Heat_Maps.md;C:\Users\DIYA GOEL\Downloads\EBDESIGN\EVGA_PHASE3_Master_Capability_Repository.md;C:\Users\DIYA GOEL\Downloads\EBDESIGN\EVGA_PHASE11_Expanded_Enterprise_Platforms_Audit.md;C:\Users\DIYA GOEL\Downloads\EBDESIGN\EVGA_PHASE13_Enhanced_Evidence_Verification.pdf","8"
"CAP-117","C:\Users\DIYA GOEL\Downloads\EBDESIGN\EVGA_PHASE13_Enhanced_Evidence_Verification.md;C:\Users\DIYA GOEL\Downloads\EBDESIGN\EVGA_PHASE11_Expanded_Enterprise_Platforms_Audit.md;C:\Users\DIYA GOEL\Downloads\EBDESIGN\EVGA_PHASE3_Master_Capability_Repository.md","3"
"CAP-118","C:\Users\DIYA GOEL\Downloads\EBDESIGN\EVGA_PHASE11_Expanded_Enterprise_Platforms_Audit.md;C:\Users\DIYA GOEL\Downloads\EBDESIGN\EVGA_PHASE13_Enhanced_Evidence_Verification.md;C:\Users\DIYA GOEL\Downloads\EBDESIGN\EVGA_PHASE3_Master_Capability_Repository.md","3"
"CAP-119","C:\Users\DIYA GOEL\Downloads\EBDESIGN\EVGA_PHASE13_Enhanced_Evidence_Verification.md;C:\Users\DIYA GOEL\Downloads\EBDESIGN\EVGA_PHASE3_Master_Capability_Repository.md;C:\Users\DIYA GOEL\Downloads\EBDESIGN\EVGA_PHASE11_Expanded_Enterprise_Platforms_Audit.md","3"
"CAP-120","C:\Users\DIYA GOEL\Downloads\EBDESIGN\EVGA_PHASE13_Enhanced_Evidence_Verification.md;C:\Users\DIYA GOEL\Downloads\EBDESIGN\EVGA_PHASE11_Expanded_Enterprise_Platforms_Audit.md;C:\Users\DIYA GOEL\Downloads\EBDESIGN\EVGA_PHASE3_Master_Capability_Repository.md","3"
"CAP-121","C:\Users\DIYA GOEL\Downloads\EBDESIGN\EVGA_PHASE3_Master_Capability_Repository.md;C:\Users\DIYA GOEL\Downloads\EBDESIGN\EVGA_PHASE13_Enhanced_Evidence_Verification.md;C:\Users\DIYA GOEL\Downloads\EBDESIGN\EVGA_PHASE11_Expanded_Enterprise_Platforms_Audit.md","3"
"CAP-122","C:\Users\DIYA GOEL\Downloads\EBDESIGN\EVGA_PHASE13_Enhanced_Evidence_Verification.md;C:\Users\DIYA GOEL\Downloads\EBDESIGN\EVGA_PHASE3_Master_Capability_Repository.md;C:\Users\DIYA GOEL\Downloads\EBDESIGN\EVGA_PHASE11_Expanded_Enterprise_Platforms_Audit.md","3"
"CAP-123","C:\Users\DIYA GOEL\Downloads\EBDESIGN\EVGA_PHASE11_Expanded_Enterprise_Platforms_Audit.md;C:\Users\DIYA GOEL\Downloads\EBDESIGN\EVGA_PHASE3_Master_Capability_Repository.md;C:\Users\DIYA GOEL\Downloads\EBDESIGN\EVGA_PHASE13_Enhanced_Evidence_Verification.md","3"
"CAP-124","C:\Users\DIYA GOEL\Downloads\EBDESIGN\EVGA_PHASE11_Expanded_Enterprise_Platforms_Audit.md;C:\Users\DIYA GOEL\Downloads\EBDESIGN\EVGA_PHASE3_Master_Capability_Repository.md;C:\Users\DIYA GOEL\Downloads\EBDESIGN\EVGA_PHASE13_Enhanced_Evidence_Verification.md","3"
"CAP-125","C:\Users\DIYA GOEL\Downloads\EBDESIGN\EVGA_PHASE13_Enhanced_Evidence_Verification.md;C:\Users\DIYA GOEL\Downloads\EBDESIGN\EVGA_PHASE11_Expanded_Enterprise_Platforms_Audit.md;C:\Users\DIYA GOEL\Downloads\EBDESIGN\EVGA_PHASE3_Master_Capability_Repository.md","3"
"CAP-126","C:\Users\DIYA GOEL\Downloads\EBDESIGN\EVGA_PHASE13_Enhanced_Evidence_Verification.md;C:\Users\DIYA GOEL\Downloads\EBDESIGN\EVGA_PHASE11_Expanded_Enterprise_Platforms_Audit.md;C:\Users\DIYA GOEL\Downloads\EBDESIGN\EVGA_PHASE3_Master_Capability_Repository.md","3"
"CAP-127","C:\Users\DIYA GOEL\Downloads\EBDESIGN\EVGA_PHASE13_Enhanced_Evidence_Verification.md;C:\Users\DIYA GOEL\Downloads\EBDESIGN\EVGA_PHASE3_Master_Capability_Repository.md;C:\Users\DIYA GOEL\Downloads\EBDESIGN\EVGA_PHASE11_Expanded_Enterprise_Platforms_Audit.md","3"
"CAP-128","C:\Users\DIYA GOEL\Downloads\EBDESIGN\EVGA_PHASE3_Master_Capability_Repository.md;C:\Users\DIYA GOEL\Downloads\EBDESIGN\EVGA_PHASE11_Expanded_Enterprise_Platforms_Audit.md;C:\Users\DIYA GOEL\Downloads\EBDESIGN\EVGA_PHASE13_Enhanced_Evidence_Verification.md","3"
"CAP-129","C:\Users\DIYA GOEL\Downloads\EBDESIGN\EVGA_PHASE11_Expanded_Enterprise_Platforms_Audit.md;C:\Users\DIYA GOEL\Downloads\EBDESIGN\EVGA_PHASE3_Master_Capability_Repository.md;C:\Users\DIYA GOEL\Downloads\EBDESIGN\EVGA_PHASE13_Enhanced_Evidence_Verification.md","3"
"CAP-130","C:\Users\DIYA GOEL\Downloads\EBDESIGN\EVGA_PHASE11_Expanded_Enterprise_Platforms_Audit.md;C:\Users\DIYA GOEL\Downloads\EBDESIGN\EVGA_PHASE3_Master_Capability_Repository.md;C:\Users\DIYA GOEL\Downloads\EBDESIGN\EVGA_PHASE13_Enhanced_Evidence_Verification.md","3"
"CAP-131","C:\Users\DIYA GOEL\Downloads\EBDESIGN\EVGA_PHASE14_Enhanced_Heat_Maps.md;C:\Users\DIYA GOEL\Downloads\EBDESIGN\EVGA_PHASE13_Enhanced_Evidence_Verification.pdf;C:\Users\DIYA GOEL\Downloads\EBDESIGN\EVGA_PHASE11_Expanded_Enterprise_Platforms_Audit.md;C:\Users\DIYA GOEL\Downloads\EBDESIGN\EVGA_PHASE3_Master_Capability_Repository.md;C:\Users\DIYA GOEL\Downloads\EBDESIGN\EVGA_PHASE13_Enhanced_Evidence_Verification.md","8"
"cap-132","C:\Users\DIYA GOEL\Downloads\EBDESIGN\EVGA_PHASE13_Enhanced_Evidence_Verification.pdf;C:\Users\DIYA GOEL\Downloads\EBDESIGN\EVGA_PHASE13_REVERIFIED_2026-08-03.md;C:\Users\DIYA GOEL\Downloads\EBDESIGN\EVGA_PHASE14_Enhanced_Heat_Maps.md;C:\Users\DIYA GOEL\Downloads\EBDESIGN\EVGA_PHASE3_Master_Capability_Repository.md;C:\Users\DIYA GOEL\Downloads\EBDESIGN\EVGA_PHASE13_Enhanced_Evidence_Verification.md;C:\Users\DIYA GOEL\Downloads\EBDESIGN\EVGA_PHASE11_Expanded_Enterprise_Platforms_Audit.md","9"
"CAP-133","C:\Users\DIYA GOEL\Downloads\EBDESIGN\EVGA_PHASE11_Expanded_Enterprise_Platforms_Audit.md;C:\Users\DIYA GOEL\Downloads\EBDESIGN\EVGA_PHASE13_Enhanced_Evidence_Verification.md;C:\Users\DIYA GOEL\Downloads\EBDESIGN\EVGA_PHASE3_Master_Capability_Repository.md","3"
"CAP-134","C:\Users\DIYA GOEL\Downloads\EBDESIGN\EVGA_PHASE13_Enhanced_Evidence_Verification.md;C:\Users\DIYA GOEL\Downloads\EBDESIGN\EVGA_PHASE11_Expanded_Enterprise_Platforms_Audit.md;C:\Users\DIYA GOEL\Downloads\EBDESIGN\EVGA_PHASE3_Master_Capability_Repository.md","3"
"CAP-135","C:\Users\DIYA GOEL\Downloads\EBDESIGN\EVGA_PHASE11_Expanded_Enterprise_Platforms_Audit.md;C:\Users\DIYA GOEL\Downloads\EBDESIGN\EVGA_PHASE13_Enhanced_Evidence_Verification.md;C:\Users\DIYA GOEL\Downloads\EBDESIGN\EVGA_PHASE3_Master_Capability_Repository.md","3"
"CAP-136","C:\Users\DIYA GOEL\Downloads\EBDESIGN\EVGA_PHASE13_Enhanced_Evidence_Verification.md;C:\Users\DIYA GOEL\Downloads\EBDESIGN\EVGA_PHASE11_Expanded_Enterprise_Platforms_Audit.md;C:\Users\DIYA GOEL\Downloads\EBDESIGN\EVGA_PHASE3_Master_Capability_Repository.md","3"
"CAP-137","C:\Users\DIYA GOEL\Downloads\EBDESIGN\EVGA_PHASE11_Expanded_Enterprise_Platforms_Audit.md;C:\Users\DIYA GOEL\Downloads\EBDESIGN\EVGA_PHASE13_Enhanced_Evidence_Verification.md;C:\Users\DIYA GOEL\Downloads\EBDESIGN\EVGA_PHASE3_Master_Capability_Repository.md","3"
"CAP-138","C:\Users\DIYA GOEL\Downloads\EBDESIGN\EVGA_PHASE13_Enhanced_Evidence_Verification.md;C:\Users\DIYA GOEL\Downloads\EBDESIGN\EVGA_PHASE11_Expanded_Enterprise_Platforms_Audit.md;C:\Users\DIYA GOEL\Downloads\EBDESIGN\EVGA_PHASE3_Master_Capability_Repository.md","3"
"CAP-139","C:\Users\DIYA GOEL\Downloads\EBDESIGN\EVGA_PHASE3_Master_Capability_Repository.md;C:\Users\DIYA GOEL\Downloads\EBDESIGN\EVGA_PHASE11_Expanded_Enterprise_Platforms_Audit.md;C:\Users\DIYA GOEL\Downloads\EBDESIGN\EVGA_PHASE13_Enhanced_Evidence_Verification.md","3"
"CAP-140","C:\Users\DIYA GOEL\Downloads\EBDESIGN\EVGA_PHASE13_Enhanced_Evidence_Verification.md;C:\Users\DIYA GOEL\Downloads\EBDESIGN\EVGA_PHASE11_Expanded_Enterprise_Platforms_Audit.md;C:\Users\DIYA GOEL\Downloads\EBDESIGN\EVGA_PHASE3_Master_Capability_Repository.md","3"
"CAP-141","C:\Users\DIYA GOEL\Downloads\EBDESIGN\EVGA_PHASE13_Enhanced_Evidence_Verification.md;C:\Users\DIYA GOEL\Downloads\EBDESIGN\EVGA_PHASE11_Expanded_Enterprise_Platforms_Audit.md;C:\Users\DIYA GOEL\Downloads\EBDESIGN\EVGA_PHASE3_Master_Capability_Repository.md","3"
"CAP-142","C:\Users\DIYA GOEL\Downloads\EBDESIGN\EVGA_PHASE11_Expanded_Enterprise_Platforms_Audit.md;C:\Users\DIYA GOEL\Downloads\EBDESIGN\EVGA_PHASE3_Master_Capability_Repository.md;C:\Users\DIYA GOEL\Downloads\EBDESIGN\EVGA_PHASE13_Enhanced_Evidence_Verification.md","3"
"CAP-143","C:\Users\DIYA GOEL\Downloads\EBDESIGN\EVGA_PHASE3_Master_Capability_Repository.md;C:\Users\DIYA GOEL\Downloads\EBDESIGN\EVGA_PHASE11_Expanded_Enterprise_Platforms_Audit.md;C:\Users\DIYA GOEL\Downloads\EBDESIGN\EVGA_PHASE13_Enhanced_Evidence_Verification.md;C:\Users\DIYA GOEL\Downloads\EBDESIGN\EVGA_PHASE14_Enhanced_Heat_Maps.md;C:\Users\DIYA GOEL\Downloads\EBDESIGN\EVGA_PHASE13_Enhanced_Evidence_Verification.pdf","8"
"CAP-144","C:\Users\DIYA GOEL\Downloads\EBDESIGN\EVGA_PHASE14_Enhanced_Heat_Maps.md;C:\Users\DIYA GOEL\Downloads\EBDESIGN\EVGA_PHASE13_Enhanced_Evidence_Verification.pdf;C:\Users\DIYA GOEL\Downloads\EBDESIGN\EVGA_PHASE3_Master_Capability_Repository.md;C:\Users\DIYA GOEL\Downloads\EBDESIGN\EVGA_PHASE13_Enhanced_Evidence_Verification.md;C:\Users\DIYA GOEL\Downloads\EBDESIGN\EVGA_PHASE11_Expanded_Enterprise_Platforms_Audit.md","8"
"CAP-145","C:\Users\DIYA GOEL\Downloads\EBDESIGN\EVGA_PHASE3_Master_Capability_Repository.md;C:\Users\DIYA GOEL\Downloads\EBDESIGN\EVGA_PHASE13_Enhanced_Evidence_Verification.md;C:\Users\DIYA GOEL\Downloads\EBDESIGN\EVGA_PHASE11_Expanded_Enterprise_Platforms_Audit.md","3"
"CAP-146","C:\Users\DIYA GOEL\Downloads\EBDESIGN\EVGA_PHASE11_Expanded_Enterprise_Platforms_Audit.md;C:\Users\DIYA GOEL\Downloads\EBDESIGN\EVGA_PHASE3_Master_Capability_Repository.md;C:\Users\DIYA GOEL\Downloads\EBDESIGN\EVGA_PHASE13_Enhanced_Evidence_Verification.md","3"
"CAP-147","C:\Users\DIYA GOEL\Downloads\EBDESIGN\EVGA_PHASE11_Expanded_Enterprise_Platforms_Audit.md;C:\Users\DIYA GOEL\Downloads\EBDESIGN\EVGA_PHASE13_Enhanced_Evidence_Verification.md;C:\Users\DIYA GOEL\Downloads\EBDESIGN\EVGA_PHASE3_Master_Capability_Repository.md","3"
"CAP-148","C:\Users\DIYA GOEL\Downloads\EBDESIGN\EVGA_PHASE11_Expanded_Enterprise_Platforms_Audit.md;C:\Users\DIYA GOEL\Downloads\EBDESIGN\EVGA_PHASE13_Enhanced_Evidence_Verification.md;C:\Users\DIYA GOEL\Downloads\EBDESIGN\EVGA_PHASE3_Master_Capability_Repository.md","3"
"CAP-149","C:\Users\DIYA GOEL\Downloads\EBDESIGN\EVGA_PHASE11_Expanded_Enterprise_Platforms_Audit.md;C:\Users\DIYA GOEL\Downloads\EBDESIGN\EVGA_PHASE13_Enhanced_Evidence_Verification.md;C:\Users\DIYA GOEL\Downloads\EBDESIGN\EVGA_PHASE3_Master_Capability_Repository.md","3"
"CAP-150","C:\Users\DIYA GOEL\Downloads\EBDESIGN\EVGA_PHASE11_Expanded_Enterprise_Platforms_Audit.md;C:\Users\DIYA GOEL\Downloads\EBDESIGN\EVGA_PHASE13_Enhanced_Evidence_Verification.md;C:\Users\DIYA GOEL\Downloads\EBDESIGN\EVGA_PHASE3_Master_Capability_Repository.md","3"
"CAP-151","C:\Users\DIYA GOEL\Downloads\EBDESIGN\EVGA_PHASE11_Expanded_Enterprise_Platforms_Audit.md;C:\Users\DIYA GOEL\Downloads\EBDESIGN\EVGA_PHASE3_Master_Capability_Repository.md;C:\Users\DIYA GOEL\Downloads\EBDESIGN\EVGA_PHASE13_Enhanced_Evidence_Verification.md","3"
"CAP-152","C:\Users\DIYA GOEL\Downloads\EBDESIGN\EVGA_PHASE11_Expanded_Enterprise_Platforms_Audit.md;C:\Users\DIYA GOEL\Downloads\EBDESIGN\EVGA_PHASE13_Enhanced_Evidence_Verification.md;C:\Users\DIYA GOEL\Downloads\EBDESIGN\EVGA_PHASE3_Master_Capability_Repository.md","3"
"CAP-153","C:\Users\DIYA GOEL\Downloads\EBDESIGN\EVGA_PHASE3_Master_Capability_Repository.md;C:\Users\DIYA GOEL\Downloads\EBDESIGN\EVGA_PHASE11_Expanded_Enterprise_Platforms_Audit.md;C:\Users\DIYA GOEL\Downloads\EBDESIGN\EVGA_PHASE13_Enhanced_Evidence_Verification.md","3"
"CAP-154","C:\Users\DIYA GOEL\Downloads\EBDESIGN\EVGA_PHASE3_Master_Capability_Repository.md;C:\Users\DIYA GOEL\Downloads\EBDESIGN\EVGA_PHASE11_Expanded_Enterprise_Platforms_Audit.md;C:\Users\DIYA GOEL\Downloads\EBDESIGN\EVGA_PHASE13_Enhanced_Evidence_Verification.md","3"
"CAP-155","C:\Users\DIYA GOEL\Downloads\EBDESIGN\EVGA_PHASE3_Master_Capability_Repository.md;C:\Users\DIYA GOEL\Downloads\EBDESIGN\EVGA_PHASE13_Enhanced_Evidence_Verification.md;C:\Users\DIYA GOEL\Downloads\EBDESIGN\EVGA_PHASE11_Expanded_Enterprise_Platforms_Audit.md","3"
"CAP-156","C:\Users\DIYA GOEL\Downloads\EBDESIGN\EVGA_PHASE13_Enhanced_Evidence_Verification.md;C:\Users\DIYA GOEL\Downloads\EBDESIGN\EVGA_PHASE11_Expanded_Enterprise_Platforms_Audit.md;C:\Users\DIYA GOEL\Downloads\EBDESIGN\EVGA_PHASE3_Master_Capability_Repository.md","3"
"CAP-157","C:\Users\DIYA GOEL\Downloads\EBDESIGN\EVGA_PHASE11_Expanded_Enterprise_Platforms_Audit.md;C:\Users\DIYA GOEL\Downloads\EBDESIGN\EVGA_PHASE3_Master_Capability_Repository.md;C:\Users\DIYA GOEL\Downloads\EBDESIGN\EVGA_PHASE13_Enhanced_Evidence_Verification.md","3"
"CAP-158","C:\Users\DIYA GOEL\Downloads\EBDESIGN\EVGA_PHASE3_Master_Capability_Repository.md;C:\Users\DIYA GOEL\Downloads\EBDESIGN\EVGA_PHASE13_Enhanced_Evidence_Verification.md;C:\Users\DIYA GOEL\Downloads\EBDESIGN\EVGA_PHASE11_Expanded_Enterprise_Platforms_Audit.md","3"
"CAP-159","C:\Users\DIYA GOEL\Downloads\EBDESIGN\EVGA_PHASE3_Master_Capability_Repository.md;C:\Users\DIYA GOEL\Downloads\EBDESIGN\EVGA_PHASE11_Expanded_Enterprise_Platforms_Audit.md;C:\Users\DIYA GOEL\Downloads\EBDESIGN\EVGA_PHASE13_Enhanced_Evidence_Verification.md","3"
"CAP-160","C:\Users\DIYA GOEL\Downloads\EBDESIGN\EVGA_PHASE13_Enhanced_Evidence_Verification.md;C:\Users\DIYA GOEL\Downloads\EBDESIGN\EVGA_PHASE11_Expanded_Enterprise_Platforms_Audit.md;C:\Users\DIYA GOEL\Downloads\EBDESIGN\EVGA_PHASE3_Master_Capability_Repository.md","3"
"CAP-161","C:\Users\DIYA GOEL\Downloads\EBDESIGN\EVGA_PHASE11_Expanded_Enterprise_Platforms_Audit.md;C:\Users\DIYA GOEL\Downloads\EBDESIGN\EVGA_PHASE3_Master_Capability_Repository.md;C:\Users\DIYA GOEL\Downloads\EBDESIGN\EVGA_PHASE13_Enhanced_Evidence_Verification.md","3"
"CAP-162","C:\Users\DIYA GOEL\Downloads\EBDESIGN\EVGA_PHASE11_Expanded_Enterprise_Platforms_Audit.md;C:\Users\DIYA GOEL\Downloads\EBDESIGN\EVGA_PHASE3_Master_Capability_Repository.md;C:\Users\DIYA GOEL\Downloads\EBDESIGN\EVGA_PHASE13_Enhanced_Evidence_Verification.md","3"
"CAP-163","C:\Users\DIYA GOEL\Downloads\EBDESIGN\EVGA_PHASE11_Expanded_Enterprise_Platforms_Audit.md;C:\Users\DIYA GOEL\Downloads\EBDESIGN\EVGA_PHASE13_Enhanced_Evidence_Verification.md;C:\Users\DIYA GOEL\Downloads\EBDESIGN\EVGA_PHASE3_Master_Capability_Repository.md","3"
"CAP-164","C:\Users\DIYA GOEL\Downloads\EBDESIGN\EVGA_PHASE13_Enhanced_Evidence_Verification.md;C:\Users\DIYA GOEL\Downloads\EBDESIGN\EVGA_PHASE11_Expanded_Enterprise_Platforms_Audit.md;C:\Users\DIYA GOEL\Downloads\EBDESIGN\EVGA_PHASE3_Master_Capability_Repository.md","3"
"CAP-165","C:\Users\DIYA GOEL\Downloads\EBDESIGN\EVGA_PHASE13_Enhanced_Evidence_Verification.md;C:\Users\DIYA GOEL\Downloads\EBDESIGN\EVGA_PHASE11_Expanded_Enterprise_Platforms_Audit.md;C:\Users\DIYA GOEL\Downloads\EBDESIGN\EVGA_PHASE3_Master_Capability_Repository.md","3"
"CAP-166","C:\Users\DIYA GOEL\Downloads\EBDESIGN\EVGA_PHASE11_Expanded_Enterprise_Platforms_Audit.md;C:\Users\DIYA GOEL\Downloads\EBDESIGN\EVGA_PHASE13_Enhanced_Evidence_Verification.md;C:\Users\DIYA GOEL\Downloads\EBDESIGN\EVGA_PHASE3_Master_Capability_Repository.md","3"
"CAP-167","C:\Users\DIYA GOEL\Downloads\EBDESIGN\EVGA_PHASE11_Expanded_Enterprise_Platforms_Audit.md;C:\Users\DIYA GOEL\Downloads\EBDESIGN\EVGA_PHASE3_Master_Capability_Repository.md;C:\Users\DIYA GOEL\Downloads\EBDESIGN\EVGA_PHASE13_Enhanced_Evidence_Verification.md","3"
"CAP-168","C:\Users\DIYA GOEL\Downloads\EBDESIGN\EVGA_PHASE3_Master_Capability_Repository.md;C:\Users\DIYA GOEL\Downloads\EBDESIGN\EVGA_PHASE13_Enhanced_Evidence_Verification.md;C:\Users\DIYA GOEL\Downloads\EBDESIGN\EVGA_PHASE11_Expanded_Enterprise_Platforms_Audit.md","3"
"CAP-169","C:\Users\DIYA GOEL\Downloads\EBDESIGN\EVGA_PHASE11_Expanded_Enterprise_Platforms_Audit.md;C:\Users\DIYA GOEL\Downloads\EBDESIGN\EVGA_PHASE13_Enhanced_Evidence_Verification.md;C:\Users\DIYA GOEL\Downloads\EBDESIGN\EVGA_PHASE3_Master_Capability_Repository.md","3"
"CAP-170","C:\Users\DIYA GOEL\Downloads\EBDESIGN\EVGA_PHASE3_Master_Capability_Repository.md;C:\Users\DIYA GOEL\Downloads\EBDESIGN\EVGA_PHASE11_Expanded_Enterprise_Platforms_Audit.md;C:\Users\DIYA GOEL\Downloads\EBDESIGN\EVGA_PHASE13_Enhanced_Evidence_Verification.md","3"
"CAP-171","C:\Users\DIYA GOEL\Downloads\EBDESIGN\EVGA_PHASE14_Enhanced_Heat_Maps.md;C:\Users\DIYA GOEL\Downloads\EBDESIGN\EVGA_PHASE13_Enhanced_Evidence_Verification.pdf;C:\Users\DIYA GOEL\Downloads\EBDESIGN\EVGA_PHASE11_Expanded_Enterprise_Platforms_Audit.md;C:\Users\DIYA GOEL\Downloads\EBDESIGN\EVGA_PHASE13_Enhanced_Evidence_Verification.md;C:\Users\DIYA GOEL\Downloads\EBDESIGN\EVGA_PHASE3_Master_Capability_Repository.md","8"
"CAP-172","C:\Users\DIYA GOEL\Downloads\EBDESIGN\EVGA_PHASE13_Enhanced_Evidence_Verification.md;C:\Users\DIYA GOEL\Downloads\EBDESIGN\EVGA_PHASE3_Master_Capability_Repository.md;C:\Users\DIYA GOEL\Downloads\EBDESIGN\EVGA_PHASE11_Expanded_Enterprise_Platforms_Audit.md;C:\Users\DIYA GOEL\Downloads\EBDESIGN\EVGA_PHASE13_Enhanced_Evidence_Verification.pdf;C:\Users\DIYA GOEL\Downloads\EBDESIGN\EVGA_PHASE14_Enhanced_Heat_Maps.md","8"
"CAP-173","C:\Users\DIYA GOEL\Downloads\EBDESIGN\EVGA_PHASE11_Expanded_Enterprise_Platforms_Audit.md;C:\Users\DIYA GOEL\Downloads\EBDESIGN\EVGA_PHASE13_Enhanced_Evidence_Verification.md;C:\Users\DIYA GOEL\Downloads\EBDESIGN\EVGA_PHASE3_Master_Capability_Repository.md","3"
"CAP-174","C:\Users\DIYA GOEL\Downloads\EBDESIGN\EVGA_PHASE11_Expanded_Enterprise_Platforms_Audit.md;C:\Users\DIYA GOEL\Downloads\EBDESIGN\EVGA_PHASE13_Enhanced_Evidence_Verification.md;C:\Users\DIYA GOEL\Downloads\EBDESIGN\EVGA_PHASE3_Master_Capability_Repository.md","3"
"CAP-175","C:\Users\DIYA GOEL\Downloads\EBDESIGN\EVGA_PHASE13_Enhanced_Evidence_Verification.md;C:\Users\DIYA GOEL\Downloads\EBDESIGN\EVGA_PHASE11_Expanded_Enterprise_Platforms_Audit.md;C:\Users\DIYA GOEL\Downloads\EBDESIGN\EVGA_PHASE3_Master_Capability_Repository.md","3"
"CAP-176","C:\Users\DIYA GOEL\Downloads\EBDESIGN\EVGA_PHASE13_Enhanced_Evidence_Verification.md;C:\Users\DIYA GOEL\Downloads\EBDESIGN\EVGA_PHASE3_Master_Capability_Repository.md;C:\Users\DIYA GOEL\Downloads\EBDESIGN\EVGA_PHASE11_Expanded_Enterprise_Platforms_Audit.md","3"
"CAP-177","C:\Users\DIYA GOEL\Downloads\EBDESIGN\EVGA_PHASE3_Master_Capability_Repository.md;C:\Users\DIYA GOEL\Downloads\EBDESIGN\EVGA_PHASE11_Expanded_Enterprise_Platforms_Audit.md;C:\Users\DIYA GOEL\Downloads\EBDESIGN\EVGA_PHASE13_Enhanced_Evidence_Verification.md","3"
"CAP-178","C:\Users\DIYA GOEL\Downloads\EBDESIGN\EVGA_PHASE13_Enhanced_Evidence_Verification.md;C:\Users\DIYA GOEL\Downloads\EBDESIGN\EVGA_PHASE3_Master_Capability_Repository.md;C:\Users\DIYA GOEL\Downloads\EBDESIGN\EVGA_PHASE11_Expanded_Enterprise_Platforms_Audit.md","3"
"CAP-179","C:\Users\DIYA GOEL\Downloads\EBDESIGN\EVGA_PHASE3_Master_Capability_Repository.md;C:\Users\DIYA GOEL\Downloads\EBDESIGN\EVGA_PHASE11_Expanded_Enterprise_Platforms_Audit.md;C:\Users\DIYA GOEL\Downloads\EBDESIGN\EVGA_PHASE13_Enhanced_Evidence_Verification.md","3"
"CAP-180","C:\Users\DIYA GOEL\Downloads\EBDESIGN\EVGA_PHASE13_Enhanced_Evidence_Verification.md;C:\Users\DIYA GOEL\Downloads\EBDESIGN\EVGA_PHASE3_Master_Capability_Repository.md;C:\Users\DIYA GOEL\Downloads\EBDESIGN\EVGA_PHASE14_Enhanced_Heat_Maps.md;C:\Users\DIYA GOEL\Downloads\EBDESIGN\EVGA_PHASE13_Enhanced_Evidence_Verification.pdf;C:\Users\DIYA GOEL\Downloads\EBDESIGN\EVGA_PHASE11_Expanded_Enterprise_Platforms_Audit.md","8"
"CAP-181","C:\Users\DIYA GOEL\Downloads\EBDESIGN\EVGA_PHASE3_Master_Capability_Repository.md;C:\Users\DIYA GOEL\Downloads\EBDESIGN\EVGA_PHASE13_Enhanced_Evidence_Verification.pdf;C:\Users\DIYA GOEL\Downloads\EBDESIGN\EVGA_PHASE13_Enhanced_Evidence_Verification.md;C:\Users\DIYA GOEL\Downloads\EBDESIGN\EVGA_PHASE14_Enhanced_Heat_Maps.md;C:\Users\DIYA GOEL\Downloads\EBDESIGN\EVGA_PHASE11_Expanded_Enterprise_Platforms_Audit.md","8"
"CAP-182","C:\Users\DIYA GOEL\Downloads\EBDESIGN\EVGA_PHASE13_Enhanced_Evidence_Verification.md;C:\Users\DIYA GOEL\Downloads\EBDESIGN\EVGA_PHASE11_Expanded_Enterprise_Platforms_Audit.md;C:\Users\DIYA GOEL\Downloads\EBDESIGN\EVGA_PHASE3_Master_Capability_Repository.md","3"
"CAP-183","C:\Users\DIYA GOEL\Downloads\EBDESIGN\EVGA_PHASE11_Expanded_Enterprise_Platforms_Audit.md;C:\Users\DIYA GOEL\Downloads\EBDESIGN\EVGA_PHASE13_Enhanced_Evidence_Verification.md;C:\Users\DIYA GOEL\Downloads\EBDESIGN\EVGA_PHASE3_Master_Capability_Repository.md","3"
"CAP-184","C:\Users\DIYA GOEL\Downloads\EBDESIGN\EVGA_PHASE13_Enhanced_Evidence_Verification.md;C:\Users\DIYA GOEL\Downloads\EBDESIGN\EVGA_PHASE11_Expanded_Enterprise_Platforms_Audit.md;C:\Users\DIYA GOEL\Downloads\EBDESIGN\EVGA_PHASE3_Master_Capability_Repository.md","3"
"CAP-185","C:\Users\DIYA GOEL\Downloads\EBDESIGN\EVGA_PHASE13_Enhanced_Evidence_Verification.md;C:\Users\DIYA GOEL\Downloads\EBDESIGN\EVGA_PHASE3_Master_Capability_Repository.md;C:\Users\DIYA GOEL\Downloads\EBDESIGN\EVGA_PHASE11_Expanded_Enterprise_Platforms_Audit.md","3"
"CAP-186","C:\Users\DIYA GOEL\Downloads\EBDESIGN\EVGA_PHASE3_Master_Capability_Repository.md;C:\Users\DIYA GOEL\Downloads\EBDESIGN\EVGA_PHASE13_Enhanced_Evidence_Verification.md;C:\Users\DIYA GOEL\Downloads\EBDESIGN\EVGA_PHASE11_Expanded_Enterprise_Platforms_Audit.md","3"
"CAP-187","C:\Users\DIYA GOEL\Downloads\EBDESIGN\EVGA_PHASE3_Master_Capability_Repository.md;C:\Users\DIYA GOEL\Downloads\EBDESIGN\EVGA_PHASE11_Expanded_Enterprise_Platforms_Audit.md;C:\Users\DIYA GOEL\Downloads\EBDESIGN\EVGA_PHASE13_Enhanced_Evidence_Verification.md","3"
"CAP-188","C:\Users\DIYA GOEL\Downloads\EBDESIGN\EVGA_PHASE13_Enhanced_Evidence_Verification.md;C:\Users\DIYA GOEL\Downloads\EBDESIGN\EVGA_PHASE3_Master_Capability_Repository.md;C:\Users\DIYA GOEL\Downloads\EBDESIGN\EVGA_PHASE11_Expanded_Enterprise_Platforms_Audit.md","3"
"CAP-189","C:\Users\DIYA GOEL\Downloads\EBDESIGN\EVGA_PHASE11_Expanded_Enterprise_Platforms_Audit.md;C:\Users\DIYA GOEL\Downloads\EBDESIGN\EVGA_PHASE3_Master_Capability_Repository.md;C:\Users\DIYA GOEL\Downloads\EBDESIGN\EVGA_PHASE13_Enhanced_Evidence_Verification.md","3"
"CAP-190","C:\Users\DIYA GOEL\Downloads\EBDESIGN\EVGA_PHASE11_Expanded_Enterprise_Platforms_Audit.md;C:\Users\DIYA GOEL\Downloads\EBDESIGN\EVGA_PHASE13_Enhanced_Evidence_Verification.md;C:\Users\DIYA GOEL\Downloads\EBDESIGN\EVGA_PHASE3_Master_Capability_Repository.md","3"
"CAP-191","C:\Users\DIYA GOEL\Downloads\EBDESIGN\EVGA_PHASE3_Master_Capability_Repository.md;C:\Users\DIYA GOEL\Downloads\EBDESIGN\EVGA_PHASE11_Expanded_Enterprise_Platforms_Audit.md;C:\Users\DIYA GOEL\Downloads\EBDESIGN\EVGA_PHASE13_Enhanced_Evidence_Verification.md","3"
"cap-192","C:\Users\DIYA GOEL\Downloads\EBDESIGN\EVGA_PHASE13_Enhanced_Evidence_Verification.pdf;C:\Users\DIYA GOEL\Downloads\EBDESIGN\EVGA_PHASE14_Enhanced_Heat_Maps.md;C:\Users\DIYA GOEL\Downloads\EBDESIGN\EVGA_PHASE3_Master_Capability_Repository.md;C:\Users\DIYA GOEL\Downloads\EBDESIGN\EVGA_PHASE13_Enhanced_Evidence_Verification.md;C:\Users\DIYA GOEL\Downloads\EBDESIGN\EVGA_PHASE11_Expanded_Enterprise_Platforms_Audit.md","8"
"CAP-193","C:\Users\DIYA GOEL\Downloads\EBDESIGN\EVGA_PHASE11_Expanded_Enterprise_Platforms_Audit.md;C:\Users\DIYA GOEL\Downloads\EBDESIGN\EVGA_PHASE3_Master_Capability_Repository.md;C:\Users\DIYA GOEL\Downloads\EBDESIGN\EVGA_PHASE14_Enhanced_Heat_Maps.md;C:\Users\DIYA GOEL\Downloads\EBDESIGN\EVGA_PHASE13_Enhanced_Evidence_Verification.md;C:\Users\DIYA GOEL\Downloads\EBDESIGN\EVGA_PHASE13_Enhanced_Evidence_Verification.pdf","8"
"CAP-194","C:\Users\DIYA GOEL\Downloads\EBDESIGN\EVGA_PHASE3_Master_Capability_Repository.md;C:\Users\DIYA GOEL\Downloads\EBDESIGN\EVGA_PHASE13_Enhanced_Evidence_Verification.md;C:\Users\DIYA GOEL\Downloads\EBDESIGN\EVGA_PHASE11_Expanded_Enterprise_Platforms_Audit.md","3"
"CAP-195","C:\Users\DIYA GOEL\Downloads\EBDESIGN\EVGA_PHASE13_Enhanced_Evidence_Verification.md;C:\Users\DIYA GOEL\Downloads\EBDESIGN\EVGA_PHASE11_Expanded_Enterprise_Platforms_Audit.md;C:\Users\DIYA GOEL\Downloads\EBDESIGN\EVGA_PHASE3_Master_Capability_Repository.md","3"
"CAP-196","C:\Users\DIYA GOEL\Downloads\EBDESIGN\EVGA_PHASE11_Expanded_Enterprise_Platforms_Audit.md;C:\Users\DIYA GOEL\Downloads\EBDESIGN\EVGA_PHASE3_Master_Capability_Repository.md;C:\Users\DIYA GOEL\Downloads\EBDESIGN\EVGA_PHASE13_Enhanced_Evidence_Verification.md","3"
"CAP-197","C:\Users\DIYA GOEL\Downloads\EBDESIGN\EVGA_PHASE3_Master_Capability_Repository.md;C:\Users\DIYA GOEL\Downloads\EBDESIGN\EVGA_PHASE13_Enhanced_Evidence_Verification.md;C:\Users\DIYA GOEL\Downloads\EBDESIGN\EVGA_PHASE11_Expanded_Enterprise_Platforms_Audit.md","3"
"CAP-198","C:\Users\DIYA GOEL\Downloads\EBDESIGN\EVGA_PHASE11_Expanded_Enterprise_Platforms_Audit.md;C:\Users\DIYA GOEL\Downloads\EBDESIGN\EVGA_PHASE3_Master_Capability_Repository.md;C:\Users\DIYA GOEL\Downloads\EBDESIGN\EVGA_PHASE13_Enhanced_Evidence_Verification.md","3"
"CAP-199","C:\Users\DIYA GOEL\Downloads\EBDESIGN\EVGA_PHASE3_Master_Capability_Repository.md;C:\Users\DIYA GOEL\Downloads\EBDESIGN\EVGA_PHASE11_Expanded_Enterprise_Platforms_Audit.md;C:\Users\DIYA GOEL\Downloads\EBDESIGN\EVGA_PHASE13_Enhanced_Evidence_Verification.md","3"
"CAP-200","C:\Users\DIYA GOEL\Downloads\EBDESIGN\EVGA_PHASE14_Enhanced_Heat_Maps.md;C:\Users\DIYA GOEL\Downloads\EBDESIGN\EVGA_PHASE13_Enhanced_Evidence_Verification.pdf;C:\Users\DIYA GOEL\Downloads\EBDESIGN\EVGA_PHASE3_Master_Capability_Repository.md;C:\Users\DIYA GOEL\Downloads\EBDESIGN\EVGA_PHASE13_Enhanced_Evidence_Verification.md;C:\Users\DIYA GOEL\Downloads\EBDESIGN\EVGA_PHASE11_Expanded_Enterprise_Platforms_Audit.md","8"
"CAP-201","C:\Users\DIYA GOEL\Downloads\EBDESIGN\EVGA_PHASE3_Master_Capability_Repository.md;C:\Users\DIYA GOEL\Downloads\EBDESIGN\EVGA_PHASE14_Enhanced_Heat_Maps.md;C:\Users\DIYA GOEL\Downloads\EBDESIGN\EVGA_PHASE11_Expanded_Enterprise_Platforms_Audit.md;C:\Users\DIYA GOEL\Downloads\EBDESIGN\EVGA_PHASE13_Enhanced_Evidence_Verification.md;C:\Users\DIYA GOEL\Downloads\EBDESIGN\EVGA_PHASE13_Enhanced_Evidence_Verification.pdf","8"
"CAP-202","C:\Users\DIYA GOEL\Downloads\EBDESIGN\EVGA_PHASE3_Master_Capability_Repository.md;C:\Users\DIYA GOEL\Downloads\EBDESIGN\EVGA_PHASE13_Enhanced_Evidence_Verification.md;C:\Users\DIYA GOEL\Downloads\EBDESIGN\EVGA_PHASE11_Expanded_Enterprise_Platforms_Audit.md","3"
"CAP-203","C:\Users\DIYA GOEL\Downloads\EBDESIGN\EVGA_PHASE13_Enhanced_Evidence_Verification.md;C:\Users\DIYA GOEL\Downloads\EBDESIGN\EVGA_PHASE3_Master_Capability_Repository.md;C:\Users\DIYA GOEL\Downloads\EBDESIGN\EVGA_PHASE11_Expanded_Enterprise_Platforms_Audit.md","3"
"CAP-204","C:\Users\DIYA GOEL\Downloads\EBDESIGN\EVGA_PHASE3_Master_Capability_Repository.md;C:\Users\DIYA GOEL\Downloads\EBDESIGN\EVGA_PHASE13_Enhanced_Evidence_Verification.md;C:\Users\DIYA GOEL\Downloads\EBDESIGN\EVGA_PHASE11_Expanded_Enterprise_Platforms_Audit.md","3"
"CAP-205","C:\Users\DIYA GOEL\Downloads\EBDESIGN\EVGA_PHASE13_Enhanced_Evidence_Verification.md;C:\Users\DIYA GOEL\Downloads\EBDESIGN\EVGA_PHASE11_Expanded_Enterprise_Platforms_Audit.md;C:\Users\DIYA GOEL\Downloads\EBDESIGN\EVGA_PHASE3_Master_Capability_Repository.md","3"
"CAP-206","C:\Users\DIYA GOEL\Downloads\EBDESIGN\EVGA_PHASE13_Enhanced_Evidence_Verification.md;C:\Users\DIYA GOEL\Downloads\EBDESIGN\EVGA_PHASE11_Expanded_Enterprise_Platforms_Audit.md;C:\Users\DIYA GOEL\Downloads\EBDESIGN\EVGA_PHASE3_Master_Capability_Repository.md","3"
"CAP-207","C:\Users\DIYA GOEL\Downloads\EBDESIGN\EVGA_PHASE13_Enhanced_Evidence_Verification.md;C:\Users\DIYA GOEL\Downloads\EBDESIGN\EVGA_PHASE11_Expanded_Enterprise_Platforms_Audit.md;C:\Users\DIYA GOEL\Downloads\EBDESIGN\EVGA_PHASE3_Master_Capability_Repository.md","3"
"CAP-208","C:\Users\DIYA GOEL\Downloads\EBDESIGN\EVGA_PHASE13_Enhanced_Evidence_Verification.md;C:\Users\DIYA GOEL\Downloads\EBDESIGN\EVGA_PHASE14_Enhanced_Heat_Maps.md;C:\Users\DIYA GOEL\Downloads\EBDESIGN\EVGA_PHASE11_Expanded_Enterprise_Platforms_Audit.md;C:\Users\DIYA GOEL\Downloads\EBDESIGN\EVGA_PHASE13_Enhanced_Evidence_Verification.pdf;C:\Users\DIYA GOEL\Downloads\EBDESIGN\EVGA_PHASE3_Master_Capability_Repository.md","8"
"cap-231","C:\Users\DIYA GOEL\Downloads\EBDESIGN\EVGA_PHASE13_Enhanced_Evidence_Verification.pdf;C:\Users\DIYA GOEL\Downloads\EBDESIGN\EVGA_PHASE13_Enhanced_Evidence_Verification.md;C:\Users\DIYA GOEL\Downloads\EBDESIGN\EVGA_PHASE3_Master_Capability_Repository.md;C:\Users\DIYA GOEL\Downloads\EBDESIGN\EVGA_PHASE14_Enhanced_Heat_Maps.md;C:\Users\DIYA GOEL\Downloads\EBDESIGN\EVGA_PHASE11_Expanded_Enterprise_Platforms_Audit.md","8"
"CAP-232","C:\Users\DIYA GOEL\Downloads\EBDESIGN\EVGA_PHASE3_Master_Capability_Repository.md;C:\Users\DIYA GOEL\Downloads\EBDESIGN\EVGA_PHASE11_Expanded_Enterprise_Platforms_Audit.md;C:\Users\DIYA GOEL\Downloads\EBDESIGN\EVGA_PHASE13_Enhanced_Evidence_Verification.md","3"
"CAP-233","C:\Users\DIYA GOEL\Downloads\EBDESIGN\EVGA_PHASE13_Enhanced_Evidence_Verification.md;C:\Users\DIYA GOEL\Downloads\EBDESIGN\EVGA_PHASE11_Expanded_Enterprise_Platforms_Audit.md;C:\Users\DIYA GOEL\Downloads\EBDESIGN\EVGA_PHASE3_Master_Capability_Repository.md","3"
"CAP-234","C:\Users\DIYA GOEL\Downloads\EBDESIGN\EVGA_PHASE3_Master_Capability_Repository.md;C:\Users\DIYA GOEL\Downloads\EBDESIGN\EVGA_PHASE11_Expanded_Enterprise_Platforms_Audit.md;C:\Users\DIYA GOEL\Downloads\EBDESIGN\EVGA_PHASE13_Enhanced_Evidence_Verification.md","3"
"CAP-235","C:\Users\DIYA GOEL\Downloads\EBDESIGN\EVGA_PHASE3_Master_Capability_Repository.md;C:\Users\DIYA GOEL\Downloads\EBDESIGN\EVGA_PHASE13_Enhanced_Evidence_Verification.pdf;C:\Users\DIYA GOEL\Downloads\EBDESIGN\EVGA_PHASE11_Expanded_Enterprise_Platforms_Audit.md;C:\Users\DIYA GOEL\Downloads\EBDESIGN\EVGA_PHASE13_Enhanced_Evidence_Verification.md;C:\Users\DIYA GOEL\Downloads\EBDESIGN\EVGA_PHASE14_Enhanced_Heat_Maps.md","8"
"CAP-999","C:\Users\DIYA GOEL\Downloads\EBDESIGN\EVGA_PHASE3_Master_Capability_Repository.md","1"
