Type,File,Line,Issue,Severity
BROKEN_REQUIRE,redis.js,7,../utils/logger,HIGH
BROKEN_REQUIRE,aiBackboneController.js,8,../services/aiBackboneService,HIGH
BROKEN_REQUIRE,aiBackboneController.js,9,../utils/logger,HIGH
BROKEN_REQUIRE,bulkOrderController.js,6,../services/bulkOrderService,HIGH
BROKEN_REQUIRE,bulkOrderController.js,7,../utils/logger,HIGH
BROKEN_REQUIRE,completeAIIntegrationController.js,8,../services/completeAIIntegrationService,HIGH
BROKEN_REQUIRE,completeAIIntegrationController.js,9,../utils/logger,HIGH
BROKEN_REQUIRE,completeERPIntegrationController.js,8,../services/completeERPIntegrationService,HIGH
BROKEN_REQUIRE,completeERPIntegrationController.js,9,../utils/logger,HIGH
BROKEN_REQUIRE,comprehensiveERPController.js,8,../services/comprehensiveERPService,HIGH
BROKEN_REQUIRE,comprehensiveERPController.js,9,../utils/logger,HIGH
BROKEN_REQUIRE,ecommerceAIController.js,14,../services/ecommerceAIService,HIGH
BROKEN_REQUIRE,ecommerceAIController.js,15,../utils/logger,HIGH
BROKEN_REQUIRE,ecommerceBusinessSalesController.js,12,../services/ecommerceBusinessSalesService,HIGH
BROKEN_REQUIRE,ecommerceBusinessSalesController.js,13,../utils/logger,HIGH
BROKEN_REQUIRE,ecommerceController.js,8,../services/ecommerceService,HIGH
BROKEN_REQUIRE,ecommerceController.js,9,../utils/logger,HIGH
BROKEN_REQUIRE,ecommerceController.js,10,../middleware/inputValidation,HIGH
BROKEN_REQUIRE,ecommerceController.js,92,../database/connection,HIGH
BROKEN_REQUIRE,ecommerceController.js,149,../database/connection,HIGH
BROKEN_REQUIRE,ecommerceController.js,226,../database/connection,HIGH
BROKEN_REQUIRE,ecommerceController.js,298,../database/connection,HIGH
BROKEN_REQUIRE,ecommerceERPController.js,11,../services/ecommerceERPService,HIGH
BROKEN_REQUIRE,ecommerceERPController.js,12,../utils/logger,HIGH
BROKEN_REQUIRE,ecommerceIntegrationController.js,12,../services/ecommerceIntegrationService,HIGH
BROKEN_REQUIRE,ecommerceIntegrationController.js,13,../utils/logger,HIGH
BROKEN_REQUIRE,ecommerceMarketingController.js,12,../services/ecommerceMarketingService,HIGH
BROKEN_REQUIRE,ecommerceMarketingController.js,13,../utils/logger,HIGH
BROKEN_REQUIRE,farmerTrainingController.js,6,../services/farmerTrainingService,HIGH
BROKEN_REQUIRE,farmerTrainingController.js,7,../utils/logger,HIGH
BROKEN_REQUIRE,hrController.js,8,../services/hrService,HIGH
BROKEN_REQUIRE,nervousSystemController.js,20,../core/nervousSystem,HIGH
BROKEN_REQUIRE,nervousSystemController.js,21,../utils/logger,HIGH
BROKEN_REQUIRE,nutrientValueSalesController.js,15,../services/nutrientValueSalesService,HIGH
BROKEN_REQUIRE,nutrientValueSalesController.js,16,../utils/logger,HIGH
BROKEN_REQUIRE,aiOrchestrator.js,69,../utils/logger,HIGH
BROKEN_REQUIRE,aiOrchestrator.js,70,../database/pool,HIGH
BROKEN_REQUIRE,aiOrchestrator.js,246,../services/knowledgeGraphService,HIGH
BROKEN_REQUIRE,aiOrchestrator.js,265,../services/enterpriseMemoryService,HIGH
BROKEN_REQUIRE,aiOrchestrator.js,299,../services/decisionSupportService,HIGH
BROKEN_REQUIRE,aiOrchestrator.js,345,../services/advancedAIService,HIGH
BROKEN_REQUIRE,aiOrchestrator.js,387,../services/advancedAIService,HIGH
BROKEN_REQUIRE,aiOrchestrator.js,405,../services/visionService,HIGH
BROKEN_REQUIRE,aiOrchestrator.js,428,../services/ocrService,HIGH
BROKEN_REQUIRE,aiOrchestrator.js,480,../services/catalogIntelligenceService,HIGH
BROKEN_REQUIRE,aiOrchestrator.js,550,../services/aiCopilotService,HIGH
BROKEN_REQUIRE,businessCell.js,54,../utils/logger,HIGH
BROKEN_REQUIRE,decisionEngine.js,29,../utils/statistics,HIGH
BROKEN_REQUIRE,decisionEngine.js,30,../utils/logger,HIGH
BROKEN_REQUIRE,effectors.js,41,../utils/logger,HIGH
BROKEN_REQUIRE,erpAgents.js,37,../utils/statistics,HIGH
BROKEN_REQUIRE,erpAgents.js,38,../utils/logger,HIGH
BROKEN_REQUIRE,nervousSystem.js,21,../utils/logger,HIGH
BROKEN_REQUIRE,nervousSystem.js,359,../database/pool,HIGH
BROKEN_REQUIRE,nervousSystem.js,616,../database/pool,HIGH
BROKEN_REQUIRE,nervousSystem.js,734,../services/orderProcessingService,HIGH
BROKEN_REQUIRE,outcomeResolver.js,46,../database/pool,HIGH
BROKEN_REQUIRE,outcomeResolver.js,47,../utils/logger,HIGH
BROKEN_REQUIRE,outcomeSink.js,25,../database/pool,HIGH
BROKEN_REQUIRE,outcomeSink.js,26,../utils/logger,HIGH
BROKEN_REQUIRE,reflexEngine.js,52,../utils/logger,HIGH
BROKEN_REQUIRE,signalBus.js,28,../utils/logger,HIGH
BROKEN_REQUIRE,withTransaction.js,32,../database/pool,HIGH
BROKEN_REQUIRE,withTransaction.js,33,../utils/logger,HIGH
BROKEN_REQUIRE,index.js,23,./UserProfile,HIGH
BROKEN_REQUIRE,index.js,24,./Address,HIGH
BROKEN_REQUIRE,index.js,25,./Category,HIGH
BROKEN_REQUIRE,index.js,26,./State,HIGH
BROKEN_REQUIRE,index.js,27,./OrderItem,HIGH
BROKEN_REQUIRE,index.js,28,./Cart,HIGH
BROKEN_REQUIRE,index.js,29,./Farmer,HIGH
BROKEN_REQUIRE,index.js,30,./FPO,HIGH
BROKEN_REQUIRE,index.js,31,./Loan,HIGH
BROKEN_REQUIRE,index.js,32,./Policy,HIGH
BROKEN_REQUIRE,index.js,33,./Shipment,HIGH
BROKEN_REQUIRE,index.js,34,./Contract,HIGH
BROKEN_REQUIRE,index.js,35,./Asset,HIGH
BROKEN_REQUIRE,Order.js,19,../connection,HIGH
BROKEN_REQUIRE,Product.js,19,../connection,HIGH
BROKEN_REQUIRE,User.js,19,../connection,HIGH
BROKEN_REQUIRE,connection.js,7,../utils/logger,HIGH
BROKEN_REQUIRE,connection.js,21,../index,HIGH
BROKEN_REQUIRE,migrate.js,9,../utils/logger,HIGH
BROKEN_REQUIRE,pool.js,31,../database/pool,HIGH
BROKEN_REQUIRE,seed.js,17,../utils/logger,HIGH
BROKEN_REQUIRE,loadMandiPrices.js,37,../services/marketDataService,HIGH
BROKEN_REQUIRE,loadMandiPrices.js,38,../utils/logger,HIGH
BROKEN_REQUIRE,admin.js,6,../utils/logger,HIGH
BROKEN_REQUIRE,auth.js,6,../services/authService,HIGH
BROKEN_REQUIRE,auth.js,7,../utils/logger,HIGH
BROKEN_REQUIRE,auth.js,62,../services/authService,HIGH
BROKEN_REQUIRE,compliance.js,2,../services/auditService,HIGH
BROKEN_REQUIRE,errorHandler.js,6,../utils/logger,HIGH
BROKEN_REQUIRE,inputValidation.js,8,../utils/logger,HIGH
BROKEN_REQUIRE,rateLimiter.js,7,../utils/logger,HIGH
BROKEN_REQUIRE,resolveFarmerId.js,20,../database/pool,HIGH
BROKEN_REQUIRE,service.js,6,../../utils/logger,HIGH
BROKEN_REQUIRE,service.js,7,../../services/aiService,HIGH
BROKEN_REQUIRE,service.js,8,../../database/pool,HIGH
BROKEN_REQUIRE,service.js,6,../../utils/logger,HIGH
BROKEN_REQUIRE,service.js,7,../../services/aiService,HIGH
BROKEN_REQUIRE,service.js,8,../../database/pool,HIGH
BROKEN_REQUIRE,service.js,6,../../utils/logger,HIGH
BROKEN_REQUIRE,service.js,7,../../services/aiService,HIGH
BROKEN_REQUIRE,service.js,8,../../database/pool,HIGH
BROKEN_REQUIRE,service.js,6,../../utils/logger,HIGH
BROKEN_REQUIRE,service.js,7,../../services/aiService,HIGH
BROKEN_REQUIRE,service.js,8,../../database/pool,HIGH
BROKEN_REQUIRE,service.js,6,../../utils/logger,HIGH
BROKEN_REQUIRE,service.js,7,../../services/aiService,HIGH
BROKEN_REQUIRE,service.js,8,../../database/pool,HIGH
BROKEN_REQUIRE,controller.js,3,../../utils/logger,HIGH
BROKEN_REQUIRE,routes.js,4,../../middleware/auth,HIGH
BROKEN_REQUIRE,service.js,5,../../utils/logger,HIGH
BROKEN_REQUIRE,service.js,6,../../database/connection,HIGH
BROKEN_REQUIRE,service.js,7,../../core/signalBus,HIGH
BROKEN_REQUIRE,controller.js,3,../../utils/logger,HIGH
BROKEN_REQUIRE,routes.js,4,../../middleware/auth,HIGH
BROKEN_REQUIRE,service.js,3,../../utils/logger,HIGH
BROKEN_REQUIRE,service.js,4,../../database/connection,HIGH
BROKEN_REQUIRE,service.js,5,../../core/signalBus,HIGH
BROKEN_REQUIRE,controller.js,3,../../utils/logger,HIGH
BROKEN_REQUIRE,routes.js,4,../../middleware/auth,HIGH
BROKEN_REQUIRE,service.js,3,../../utils/logger,HIGH
BROKEN_REQUIRE,service.js,4,../../database/connection,HIGH
BROKEN_REQUIRE,service.js,5,../../core/signalBus,HIGH
BROKEN_REQUIRE,controller.js,3,../../utils/logger,HIGH
BROKEN_REQUIRE,routes.js,4,../../middleware/auth,HIGH
BROKEN_REQUIRE,service.js,3,../../utils/logger,HIGH
BROKEN_REQUIRE,service.js,4,../../database/connection,HIGH
BROKEN_REQUIRE,service.js,5,../../core/signalBus,HIGH
BROKEN_REQUIRE,controller.js,3,../../utils/logger,HIGH
BROKEN_REQUIRE,routes.js,4,../../middleware/auth,HIGH
BROKEN_REQUIRE,service.js,3,../../utils/logger,HIGH
BROKEN_REQUIRE,service.js,4,../../database/connection,HIGH
BROKEN_REQUIRE,service.js,5,../../core/signalBus,HIGH
BROKEN_REQUIRE,controller.js,3,../../utils/logger,HIGH
BROKEN_REQUIRE,routes.js,5,../../middleware/auth,HIGH
BROKEN_REQUIRE,service.js,4,../../utils/logger,HIGH
BROKEN_REQUIRE,service.js,5,../../database/connection,HIGH
BROKEN_REQUIRE,service.js,6,../../core/signalBus,HIGH
BROKEN_REQUIRE,controller.js,3,../../utils/logger,HIGH
BROKEN_REQUIRE,routes.js,4,../../middleware/auth,HIGH
BROKEN_REQUIRE,service.js,5,../../utils/logger,HIGH
BROKEN_REQUIRE,service.js,6,../../database/connection,HIGH
BROKEN_REQUIRE,service.js,7,../../core/signalBus,HIGH
BROKEN_REQUIRE,controller.js,2,../../utils/logger,HIGH
BROKEN_REQUIRE,routes.js,4,../../middleware/auth,HIGH
BROKEN_REQUIRE,service.js,2,../../utils/logger,HIGH
BROKEN_REQUIRE,service.js,3,../../database/connection,HIGH
BROKEN_REQUIRE,controller.js,3,../../utils/logger,HIGH
BROKEN_REQUIRE,routes.js,4,../../middleware/auth,HIGH
BROKEN_REQUIRE,service.js,3,../../utils/logger,HIGH
BROKEN_REQUIRE,service.js,4,../../database/connection,HIGH
BROKEN_REQUIRE,service.js,5,../../core/signalBus,HIGH
BROKEN_REQUIRE,controller.js,3,../../utils/logger,HIGH
BROKEN_REQUIRE,routes.js,4,../../middleware/auth,HIGH
BROKEN_REQUIRE,service.js,3,../../utils/logger,HIGH
BROKEN_REQUIRE,service.js,4,../../database/connection,HIGH
BROKEN_REQUIRE,service.js,5,../../core/signalBus,HIGH
BROKEN_REQUIRE,controller.js,3,../../utils/logger,HIGH
BROKEN_REQUIRE,routes.js,4,../../middleware/auth,HIGH
BROKEN_REQUIRE,service.js,3,../../utils/logger,HIGH
BROKEN_REQUIRE,service.js,4,../../database/connection,HIGH
BROKEN_REQUIRE,service.js,5,../../core/signalBus,HIGH
BROKEN_REQUIRE,controller.js,3,../../utils/logger,HIGH
BROKEN_REQUIRE,routes.js,4,../../middleware/auth,HIGH
BROKEN_REQUIRE,service.js,3,../../utils/logger,HIGH
BROKEN_REQUIRE,service.js,4,../../database/connection,HIGH
BROKEN_REQUIRE,service.js,5,../../core/signalBus,HIGH
BROKEN_REQUIRE,controller.js,3,../../utils/logger,HIGH
BROKEN_REQUIRE,routes.js,4,../../middleware/auth,HIGH
BROKEN_REQUIRE,service.js,3,../../utils/logger,HIGH
BROKEN_REQUIRE,service.js,4,../../database/connection,HIGH
BROKEN_REQUIRE,service.js,5,../../core/signalBus,HIGH
BROKEN_REQUIRE,controller.js,3,../../utils/logger,HIGH
BROKEN_REQUIRE,routes.js,4,../../middleware/auth,HIGH
BROKEN_REQUIRE,service.js,3,../../utils/logger,HIGH
BROKEN_REQUIRE,service.js,4,../../database/connection,HIGH
BROKEN_REQUIRE,service.js,5,../../core/signalBus,HIGH
BROKEN_REQUIRE,controller.js,3,../../utils/logger,HIGH
BROKEN_REQUIRE,routes.js,4,../../middleware/auth,HIGH
BROKEN_REQUIRE,service.js,3,../../utils/logger,HIGH
BROKEN_REQUIRE,service.js,4,../../database/connection,HIGH
BROKEN_REQUIRE,service.js,5,../../core/signalBus,HIGH
BROKEN_REQUIRE,controller.js,3,../../utils/logger,HIGH
BROKEN_REQUIRE,routes.js,4,../../middleware/auth,HIGH
BROKEN_REQUIRE,service.js,3,../../utils/logger,HIGH
BROKEN_REQUIRE,service.js,4,../../database/connection,HIGH
BROKEN_REQUIRE,service.js,5,../../core/signalBus,HIGH
BROKEN_REQUIRE,service.js,6,../../utils/logger,HIGH
BROKEN_REQUIRE,service.js,7,../../services/aiService,HIGH
BROKEN_REQUIRE,service.js,8,../../database/pool,HIGH
BROKEN_REQUIRE,service.js,6,../../utils/logger,HIGH
BROKEN_REQUIRE,service.js,7,../../services/aiService,HIGH
BROKEN_REQUIRE,service.js,8,../../database/pool,HIGH
BROKEN_REQUIRE,service.js,6,../../utils/logger,HIGH
BROKEN_REQUIRE,service.js,7,../../services/aiService,HIGH
BROKEN_REQUIRE,service.js,8,../../database/pool,HIGH
BROKEN_REQUIRE,service.js,6,../../utils/logger,HIGH
BROKEN_REQUIRE,service.js,7,../../services/aiService,HIGH
BROKEN_REQUIRE,service.js,8,../../database/pool,HIGH
BROKEN_REQUIRE,controller.js,2,../../utils/logger,HIGH
BROKEN_REQUIRE,routes.js,4,../../middleware/auth,HIGH
BROKEN_REQUIRE,service.js,2,../../utils/logger,HIGH
BROKEN_REQUIRE,service.js,3,../../database/connection,HIGH
BROKEN_REQUIRE,controller.js,2,../../utils/logger,HIGH
BROKEN_REQUIRE,routes.js,4,../../middleware/auth,HIGH
BROKEN_REQUIRE,service.js,2,../../utils/logger,HIGH
BROKEN_REQUIRE,service.js,3,../../database/connection,HIGH
BROKEN_REQUIRE,controller.js,2,../../utils/logger,HIGH
BROKEN_REQUIRE,routes.js,4,../../middleware/auth,HIGH
BROKEN_REQUIRE,service.js,2,../../utils/logger,HIGH
BROKEN_REQUIRE,service.js,3,../../database/connection,HIGH
BROKEN_REQUIRE,controller.js,2,../../utils/logger,HIGH
BROKEN_REQUIRE,routes.js,4,../../middleware/auth,HIGH
BROKEN_REQUIRE,service.js,2,../../utils/logger,HIGH
BROKEN_REQUIRE,service.js,3,../../database/connection,HIGH
BROKEN_REQUIRE,controller.js,3,../../utils/logger,HIGH
BROKEN_REQUIRE,routes.js,4,../../middleware/auth,HIGH
BROKEN_REQUIRE,service.js,3,../../utils/logger,HIGH
BROKEN_REQUIRE,service.js,4,../../database/connection,HIGH
BROKEN_REQUIRE,service.js,5,../../core/signalBus,HIGH
BROKEN_REQUIRE,service.js,6,../../utils/logger,HIGH
BROKEN_REQUIRE,service.js,7,../../services/aiService,HIGH
BROKEN_REQUIRE,service.js,8,../../database/pool,HIGH
BROKEN_REQUIRE,service.js,6,../../utils/logger,HIGH
BROKEN_REQUIRE,service.js,7,../../services/aiService,HIGH
BROKEN_REQUIRE,service.js,8,../../database/pool,HIGH
BROKEN_REQUIRE,controller.js,2,../../utils/logger,HIGH
BROKEN_REQUIRE,routes.js,4,../../middleware/auth,HIGH
BROKEN_REQUIRE,service.js,2,../../utils/logger,HIGH
BROKEN_REQUIRE,service.js,3,../../database/connection,HIGH
BROKEN_REQUIRE,controller.js,2,../../utils/logger,HIGH
BROKEN_REQUIRE,routes.js,4,../../middleware/auth,HIGH
BROKEN_REQUIRE,service.js,2,../../utils/logger,HIGH
BROKEN_REQUIRE,service.js,3,../../database/connection,HIGH
BROKEN_REQUIRE,controller.js,2,../../utils/logger,HIGH
BROKEN_REQUIRE,routes.js,4,../../middleware/auth,HIGH
BROKEN_REQUIRE,service.js,2,../../utils/logger,HIGH
BROKEN_REQUIRE,service.js,3,../../database/connection,HIGH
BROKEN_REQUIRE,service.js,6,../../utils/logger,HIGH
BROKEN_REQUIRE,service.js,7,../../services/aiService,HIGH
BROKEN_REQUIRE,service.js,8,../../database/pool,HIGH
BROKEN_REQUIRE,service.js,6,../../utils/logger,HIGH
BROKEN_REQUIRE,service.js,7,../../services/aiService,HIGH
BROKEN_REQUIRE,service.js,8,../../database/pool,HIGH
BROKEN_REQUIRE,controller.js,3,../../utils/logger,HIGH
BROKEN_REQUIRE,routes.js,4,../../middleware/auth,HIGH
BROKEN_REQUIRE,service.js,3,../../utils/logger,HIGH
BROKEN_REQUIRE,service.js,4,../../database/connection,HIGH
BROKEN_REQUIRE,service.js,5,../../core/signalBus,HIGH
BROKEN_REQUIRE,controller.js,3,../../utils/logger,HIGH
BROKEN_REQUIRE,routes.js,4,../../middleware/auth,HIGH
BROKEN_REQUIRE,service.js,3,../../utils/logger,HIGH
BROKEN_REQUIRE,service.js,4,../../database/connection,HIGH
BROKEN_REQUIRE,service.js,5,../../core/signalBus,HIGH
BROKEN_REQUIRE,controller.js,3,../../utils/logger,HIGH
BROKEN_REQUIRE,routes.js,4,../../middleware/auth,HIGH
BROKEN_REQUIRE,service.js,3,../../utils/logger,HIGH
BROKEN_REQUIRE,service.js,4,../../database/connection,HIGH
BROKEN_REQUIRE,service.js,5,../../core/signalBus,HIGH
BROKEN_REQUIRE,controller.js,3,../../utils/logger,HIGH
BROKEN_REQUIRE,service.js,3,../../utils/logger,HIGH
BROKEN_REQUIRE,service.js,4,../../database/connection,HIGH
BROKEN_REQUIRE,service.js,5,../../core/signalBus,HIGH
BROKEN_REQUIRE,controller.js,2,../../utils/logger,HIGH
BROKEN_REQUIRE,routes.js,4,../../middleware/auth,HIGH
BROKEN_REQUIRE,service.js,2,../../utils/logger,HIGH
BROKEN_REQUIRE,service.js,3,../../database/connection,HIGH
BROKEN_REQUIRE,controller.js,2,../../utils/logger,HIGH
BROKEN_REQUIRE,routes.js,4,../../middleware/auth,HIGH
BROKEN_REQUIRE,service.js,2,../../utils/logger,HIGH
BROKEN_REQUIRE,service.js,3,../../database/connection,HIGH
BROKEN_REQUIRE,controller.js,2,../../utils/logger,HIGH
BROKEN_REQUIRE,routes.js,4,../../middleware/auth,HIGH
BROKEN_REQUIRE,service.js,2,../../utils/logger,HIGH
BROKEN_REQUIRE,service.js,3,../../database/connection,HIGH
BROKEN_REQUIRE,service.js,6,../../utils/logger,HIGH
BROKEN_REQUIRE,service.js,7,../../services/aiService,HIGH
BROKEN_REQUIRE,service.js,8,../../database/pool,HIGH
BROKEN_REQUIRE,service.js,6,../../utils/logger,HIGH
BROKEN_REQUIRE,service.js,7,../../services/aiService,HIGH
BROKEN_REQUIRE,service.js,8,../../database/pool,HIGH
BROKEN_REQUIRE,service.js,6,../../utils/logger,HIGH
BROKEN_REQUIRE,service.js,7,../../services/aiService,HIGH
BROKEN_REQUIRE,service.js,8,../../database/pool,HIGH
BROKEN_REQUIRE,routes.js,4,../../middleware/auth,HIGH
BROKEN_REQUIRE,service.js,6,../../utils/logger,HIGH
BROKEN_REQUIRE,service.js,7,../../services/aiService,HIGH
BROKEN_REQUIRE,service.js,8,../../database/pool,HIGH
BROKEN_REQUIRE,routes.js,4,../../middleware/auth,HIGH
BROKEN_REQUIRE,service.js,6,../../utils/logger,HIGH
BROKEN_REQUIRE,service.js,7,../../services/aiService,HIGH
BROKEN_REQUIRE,service.js,8,../../database/pool,HIGH
BROKEN_REQUIRE,routes.js,4,../../middleware/auth,HIGH
BROKEN_REQUIRE,service.js,6,../../utils/logger,HIGH
BROKEN_REQUIRE,service.js,7,../../services/aiService,HIGH
BROKEN_REQUIRE,service.js,8,../../database/pool,HIGH
BROKEN_REQUIRE,routes.js,4,../../middleware/auth,HIGH
BROKEN_REQUIRE,service.js,6,../../utils/logger,HIGH
BROKEN_REQUIRE,service.js,7,../../services/aiService,HIGH
BROKEN_REQUIRE,service.js,8,../../database/pool,HIGH
BROKEN_REQUIRE,routes.js,4,../../middleware/auth,HIGH
BROKEN_REQUIRE,service.js,6,../../utils/logger,HIGH
BROKEN_REQUIRE,service.js,7,../../services/aiService,HIGH
BROKEN_REQUIRE,service.js,8,../../database/pool,HIGH
BROKEN_REQUIRE,routes.js,5,../../middleware/auth,HIGH
BROKEN_REQUIRE,service.js,6,../../utils/logger,HIGH
BROKEN_REQUIRE,service.js,7,../../services/aiService,HIGH
BROKEN_REQUIRE,service.js,8,../../database/pool,HIGH
BROKEN_REQUIRE,routes.js,4,../../middleware/auth,HIGH
BROKEN_REQUIRE,service.js,6,../../utils/logger,HIGH
BROKEN_REQUIRE,service.js,7,../../services/aiService,HIGH
BROKEN_REQUIRE,service.js,8,../../database/pool,HIGH
BROKEN_REQUIRE,controller.js,3,../../utils/logger,HIGH
BROKEN_REQUIRE,routes.js,5,../../middleware/auth,HIGH
BROKEN_REQUIRE,service.js,8,../../utils/logger,HIGH
BROKEN_REQUIRE,service.js,9,../../database/connection,HIGH
BROKEN_REQUIRE,controller.js,3,../../utils/logger,HIGH
BROKEN_REQUIRE,routes.js,4,../../middleware/auth,HIGH
BROKEN_REQUIRE,service.js,3,../../utils/logger,HIGH
BROKEN_REQUIRE,service.js,4,../../database/connection,HIGH
BROKEN_REQUIRE,service.js,5,../../core/signalBus,HIGH
BROKEN_REQUIRE,controller.js,3,../../utils/logger,HIGH
BROKEN_REQUIRE,routes.js,4,../../middleware/auth,HIGH
BROKEN_REQUIRE,service.js,3,../../utils/logger,HIGH
BROKEN_REQUIRE,service.js,4,../../database/connection,HIGH
BROKEN_REQUIRE,service.js,5,../../core/signalBus,HIGH
BROKEN_REQUIRE,controller.js,3,../../utils/logger,HIGH
BROKEN_REQUIRE,routes.js,4,../../middleware/auth,HIGH
BROKEN_REQUIRE,service.js,3,../../utils/logger,HIGH
BROKEN_REQUIRE,service.js,4,../../database/connection,HIGH
BROKEN_REQUIRE,service.js,5,../../core/signalBus,HIGH
BROKEN_REQUIRE,controller.js,3,../../utils/logger,HIGH
BROKEN_REQUIRE,routes.js,4,../../middleware/auth,HIGH
BROKEN_REQUIRE,service.js,3,../../utils/logger,HIGH
BROKEN_REQUIRE,service.js,4,../../database/connection,HIGH
BROKEN_REQUIRE,service.js,5,../../core/signalBus,HIGH
BROKEN_REQUIRE,controller.js,3,../../utils/logger,HIGH
BROKEN_REQUIRE,service.js,3,../../utils/logger,HIGH
BROKEN_REQUIRE,service.js,4,../../database/connection,HIGH
BROKEN_REQUIRE,service.js,5,../../core/signalBus,HIGH
BROKEN_REQUIRE,service.js,6,../../utils/logger,HIGH
BROKEN_REQUIRE,service.js,7,../../services/aiService,HIGH
BROKEN_REQUIRE,service.js,8,../../database/pool,HIGH
BROKEN_REQUIRE,service.js,6,../../utils/logger,HIGH
BROKEN_REQUIRE,service.js,7,../../services/aiService,HIGH
BROKEN_REQUIRE,service.js,8,../../database/pool,HIGH
BROKEN_REQUIRE,service.js,6,../../utils/logger,HIGH
BROKEN_REQUIRE,service.js,7,../../services/aiService,HIGH
BROKEN_REQUIRE,service.js,8,../../database/pool,HIGH
BROKEN_REQUIRE,service.js,6,../../utils/logger,HIGH
BROKEN_REQUIRE,service.js,7,../../services/aiService,HIGH
BROKEN_REQUIRE,service.js,8,../../database/pool,HIGH
BROKEN_REQUIRE,service.js,6,../../utils/logger,HIGH
BROKEN_REQUIRE,service.js,7,../../services/aiService,HIGH
BROKEN_REQUIRE,service.js,8,../../database/pool,HIGH
BROKEN_REQUIRE,service.js,6,../../utils/logger,HIGH
BROKEN_REQUIRE,service.js,7,../../services/aiService,HIGH
BROKEN_REQUIRE,service.js,8,../../database/pool,HIGH
BROKEN_REQUIRE,service.js,6,../../utils/logger,HIGH
BROKEN_REQUIRE,service.js,7,../../services/aiService,HIGH
BROKEN_REQUIRE,service.js,8,../../database/pool,HIGH
BROKEN_REQUIRE,service.js,6,../../utils/logger,HIGH
BROKEN_REQUIRE,service.js,7,../../services/aiService,HIGH
BROKEN_REQUIRE,service.js,8,../../database/pool,HIGH
BROKEN_REQUIRE,service.js,6,../../utils/logger,HIGH
BROKEN_REQUIRE,service.js,7,../../services/aiService,HIGH
BROKEN_REQUIRE,service.js,8,../../database/pool,HIGH
BROKEN_REQUIRE,service.js,6,../../utils/logger,HIGH
BROKEN_REQUIRE,service.js,7,../../services/aiService,HIGH
BROKEN_REQUIRE,service.js,8,../../database/pool,HIGH
BROKEN_REQUIRE,service.js,6,../../utils/logger,HIGH
BROKEN_REQUIRE,service.js,7,../../services/aiService,HIGH
BROKEN_REQUIRE,service.js,8,../../database/pool,HIGH
BROKEN_REQUIRE,service.js,6,../../utils/logger,HIGH
BROKEN_REQUIRE,service.js,7,../../services/aiService,HIGH
BROKEN_REQUIRE,service.js,8,../../database/pool,HIGH
BROKEN_REQUIRE,controller.js,2,../../utils/logger,HIGH
BROKEN_REQUIRE,routes.js,4,../../middleware/auth,HIGH
BROKEN_REQUIRE,service.js,2,../../utils/logger,HIGH
BROKEN_REQUIRE,service.js,3,../../database/connection,HIGH
BROKEN_REQUIRE,controller.js,2,../../utils/logger,HIGH
BROKEN_REQUIRE,routes.js,4,../../middleware/auth,HIGH
BROKEN_REQUIRE,service.js,2,../../utils/logger,HIGH
BROKEN_REQUIRE,service.js,3,../../database/connection,HIGH
BROKEN_REQUIRE,controller.js,2,../../utils/logger,HIGH
BROKEN_REQUIRE,routes.js,4,../../middleware/auth,HIGH
BROKEN_REQUIRE,service.js,2,../../utils/logger,HIGH
BROKEN_REQUIRE,service.js,3,../../database/connection,HIGH
BROKEN_REQUIRE,controller.js,2,../../utils/logger,HIGH
BROKEN_REQUIRE,routes.js,4,../../middleware/auth,HIGH
BROKEN_REQUIRE,service.js,2,../../utils/logger,HIGH
BROKEN_REQUIRE,service.js,3,../../database/connection,HIGH
BROKEN_REQUIRE,controller.js,2,../../utils/logger,HIGH
BROKEN_REQUIRE,routes.js,4,../../middleware/auth,HIGH
BROKEN_REQUIRE,service.js,2,../../utils/logger,HIGH
BROKEN_REQUIRE,service.js,3,../../database/connection,HIGH
BROKEN_REQUIRE,controller.js,2,../../utils/logger,HIGH
BROKEN_REQUIRE,routes.js,4,../../middleware/auth,HIGH
BROKEN_REQUIRE,service.js,2,../../utils/logger,HIGH
BROKEN_REQUIRE,service.js,3,../../database/connection,HIGH
BROKEN_REQUIRE,controller.js,2,../../utils/logger,HIGH
BROKEN_REQUIRE,routes.js,4,../../middleware/auth,HIGH
BROKEN_REQUIRE,service.js,2,../../utils/logger,HIGH
BROKEN_REQUIRE,service.js,3,../../database/connection,HIGH
BROKEN_REQUIRE,controller.js,2,../../utils/logger,HIGH
BROKEN_REQUIRE,routes.js,4,../../middleware/auth,HIGH
BROKEN_REQUIRE,service.js,2,../../utils/logger,HIGH
BROKEN_REQUIRE,service.js,3,../../database/connection,HIGH
BROKEN_REQUIRE,service.js,6,../../utils/logger,HIGH
BROKEN_REQUIRE,service.js,7,../../services/aiService,HIGH
BROKEN_REQUIRE,service.js,8,../../database/pool,HIGH
BROKEN_REQUIRE,service.js,6,../../utils/logger,HIGH
BROKEN_REQUIRE,service.js,7,../../services/aiService,HIGH
BROKEN_REQUIRE,service.js,8,../../database/pool,HIGH
BROKEN_REQUIRE,service.js,6,../../utils/logger,HIGH
BROKEN_REQUIRE,service.js,7,../../services/aiService,HIGH
BROKEN_REQUIRE,service.js,8,../../database/pool,HIGH
BROKEN_REQUIRE,service.js,6,../../utils/logger,HIGH
BROKEN_REQUIRE,service.js,7,../../services/aiService,HIGH
BROKEN_REQUIRE,service.js,8,../../database/pool,HIGH
BROKEN_REQUIRE,service.js,6,../../utils/logger,HIGH
BROKEN_REQUIRE,service.js,7,../../services/aiService,HIGH
BROKEN_REQUIRE,service.js,8,../../database/pool,HIGH
BROKEN_REQUIRE,controller.js,2,../../utils/logger,HIGH
BROKEN_REQUIRE,routes.js,4,../../middleware/auth,HIGH
BROKEN_REQUIRE,service.js,2,../../utils/logger,HIGH
BROKEN_REQUIRE,service.js,3,../../database/connection,HIGH
BROKEN_REQUIRE,service.js,6,../../utils/logger,HIGH
BROKEN_REQUIRE,service.js,7,../../services/aiService,HIGH
BROKEN_REQUIRE,service.js,8,../../database/pool,HIGH
BROKEN_REQUIRE,service.js,6,../../utils/logger,HIGH
BROKEN_REQUIRE,service.js,7,../../services/aiService,HIGH
BROKEN_REQUIRE,service.js,8,../../database/pool,HIGH
BROKEN_REQUIRE,service.js,6,../../utils/logger,HIGH
BROKEN_REQUIRE,service.js,7,../../services/aiService,HIGH
BROKEN_REQUIRE,service.js,8,../../database/pool,HIGH
BROKEN_REQUIRE,service.js,6,../../utils/logger,HIGH
BROKEN_REQUIRE,service.js,7,../../services/aiService,HIGH
BROKEN_REQUIRE,service.js,8,../../database/pool,HIGH
BROKEN_REQUIRE,controller.js,2,../../utils/logger,HIGH
BROKEN_REQUIRE,routes.js,4,../../middleware/auth,HIGH
BROKEN_REQUIRE,service.js,2,../../utils/logger,HIGH
BROKEN_REQUIRE,service.js,3,../../database/connection,HIGH
BROKEN_REQUIRE,controller.js,2,../../utils/logger,HIGH
BROKEN_REQUIRE,routes.js,4,../../middleware/auth,HIGH
BROKEN_REQUIRE,service.js,2,../../utils/logger,HIGH
BROKEN_REQUIRE,service.js,3,../../database/connection,HIGH
BROKEN_REQUIRE,controller.js,2,../../utils/logger,HIGH
BROKEN_REQUIRE,routes.js,4,../../middleware/auth,HIGH
BROKEN_REQUIRE,service.js,2,../../utils/logger,HIGH
BROKEN_REQUIRE,service.js,3,../../database/connection,HIGH
BROKEN_REQUIRE,controller.js,2,../../utils/logger,HIGH
BROKEN_REQUIRE,routes.js,4,../../middleware/auth,HIGH
BROKEN_REQUIRE,service.js,2,../../utils/logger,HIGH
BROKEN_REQUIRE,service.js,3,../../database/connection,HIGH
BROKEN_REQUIRE,controller.js,2,../../utils/logger,HIGH
BROKEN_REQUIRE,routes.js,4,../../middleware/auth,HIGH
BROKEN_REQUIRE,service.js,2,../../utils/logger,HIGH
BROKEN_REQUIRE,service.js,3,../../database/connection,HIGH
BROKEN_REQUIRE,controller.js,2,../../utils/logger,HIGH
BROKEN_REQUIRE,routes.js,4,../../middleware/auth,HIGH
BROKEN_REQUIRE,service.js,2,../../utils/logger,HIGH
BROKEN_REQUIRE,service.js,3,../../database/connection,HIGH
BROKEN_REQUIRE,controller.js,2,../../utils/logger,HIGH
BROKEN_REQUIRE,routes.js,4,../../middleware/auth,HIGH
BROKEN_REQUIRE,service.js,2,../../utils/logger,HIGH
BROKEN_REQUIRE,service.js,3,../../database/connection,HIGH
BROKEN_REQUIRE,service.js,6,../../utils/logger,HIGH
BROKEN_REQUIRE,service.js,7,../../services/aiService,HIGH
BROKEN_REQUIRE,service.js,8,../../database/pool,HIGH
BROKEN_REQUIRE,service.js,6,../../utils/logger,HIGH
BROKEN_REQUIRE,service.js,7,../../services/aiService,HIGH
BROKEN_REQUIRE,service.js,8,../../database/pool,HIGH
BROKEN_REQUIRE,controller.js,2,../../utils/logger,HIGH
BROKEN_REQUIRE,routes.js,4,../../middleware/auth,HIGH
BROKEN_REQUIRE,service.js,2,../../utils/logger,HIGH
BROKEN_REQUIRE,service.js,3,../../database/connection,HIGH
BROKEN_REQUIRE,controller.js,2,../../utils/logger,HIGH
BROKEN_REQUIRE,routes.js,4,../../middleware/auth,HIGH
BROKEN_REQUIRE,service.js,2,../../utils/logger,HIGH
BROKEN_REQUIRE,service.js,3,../../database/connection,HIGH
BROKEN_REQUIRE,controller.js,2,../../utils/logger,HIGH
BROKEN_REQUIRE,routes.js,4,../../middleware/auth,HIGH
BROKEN_REQUIRE,service.js,2,../../utils/logger,HIGH
BROKEN_REQUIRE,service.js,3,../../database/connection,HIGH
BROKEN_REQUIRE,service.js,6,../../utils/logger,HIGH
BROKEN_REQUIRE,service.js,7,../../services/aiService,HIGH
BROKEN_REQUIRE,service.js,8,../../database/pool,HIGH
BROKEN_REQUIRE,controller.js,2,../../utils/logger,HIGH
BROKEN_REQUIRE,routes.js,4,../../middleware/auth,HIGH
BROKEN_REQUIRE,service.js,2,../../utils/logger,HIGH
BROKEN_REQUIRE,service.js,3,../../database/connection,HIGH
BROKEN_REQUIRE,service.js,2,../../utils/logger,HIGH
BROKEN_REQUIRE,service.js,3,../../database/connection,HIGH
BROKEN_REQUIRE,controller.js,2,../../utils/logger,HIGH
BROKEN_REQUIRE,routes.js,4,../../middleware/auth,HIGH
BROKEN_REQUIRE,service.js,2,../../utils/logger,HIGH
BROKEN_REQUIRE,service.js,3,../../database/connection,HIGH
BROKEN_REQUIRE,controller.js,2,../../utils/logger,HIGH
BROKEN_REQUIRE,routes.js,4,../../middleware/auth,HIGH
BROKEN_REQUIRE,service.js,2,../../utils/logger,HIGH
BROKEN_REQUIRE,service.js,3,../../database/connection,HIGH
BROKEN_REQUIRE,service.js,2,../../utils/logger,HIGH
BROKEN_REQUIRE,service.js,3,../../database/connection,HIGH
BROKEN_REQUIRE,controller.js,2,../../utils/logger,HIGH
BROKEN_REQUIRE,routes.js,4,../../middleware/auth,HIGH
BROKEN_REQUIRE,service.js,2,../../utils/logger,HIGH
BROKEN_REQUIRE,service.js,3,../../database/connection,HIGH
BROKEN_REQUIRE,controller.js,2,../../utils/logger,HIGH
BROKEN_REQUIRE,routes.js,4,../../middleware/auth,HIGH
BROKEN_REQUIRE,service.js,2,../../utils/logger,HIGH
BROKEN_REQUIRE,service.js,3,../../database/connection,HIGH
BROKEN_REQUIRE,controller.js,2,../../utils/logger,HIGH
BROKEN_REQUIRE,routes.js,4,../../middleware/auth,HIGH
BROKEN_REQUIRE,service.js,2,../../utils/logger,HIGH
BROKEN_REQUIRE,service.js,3,../../database/connection,HIGH
BROKEN_REQUIRE,infrastructure.js,7,../utils/logger,HIGH
BROKEN_REQUIRE,infrastructure.js,8,../database/connection,HIGH
BROKEN_REQUIRE,advancedFeatures.js,8,../services/advancedFeaturesService,HIGH
BROKEN_REQUIRE,advancedFeatures.js,9,../middleware/auth,HIGH
BROKEN_REQUIRE,advancedFeatures.js,10,../middleware/admin,HIGH
BROKEN_REQUIRE,advancedFeatures.js,11,../middleware/rateLimiter,HIGH
BROKEN_REQUIRE,agriculturalIntelligenceRoutes.js,12,../services/agriculturalIntelligenceService,HIGH
BROKEN_REQUIRE,agriculturalIntelligenceRoutes.js,13,../middleware/auth,HIGH
BROKEN_REQUIRE,aiAgentRoutes.js,14,../services/aiAgentService,HIGH
BROKEN_REQUIRE,aiBackboneRoutes.js,9,../controllers/aiBackboneController,HIGH
BROKEN_REQUIRE,aiBackboneRoutes.js,10,../middleware/auth,HIGH
BROKEN_REQUIRE,aiBackboneRoutes.js,11,../middleware/rateLimiter,HIGH
BROKEN_REQUIRE,aiBackboneRoutes.js,12,../utils/logger,HIGH
BROKEN_REQUIRE,aiBrainRoutes.js,14,../services/aiBrainService,HIGH
BROKEN_REQUIRE,aiGatewayRoutes.js,10,../services/aiGatewayService,HIGH
BROKEN_REQUIRE,aiOperationIntelligenceRoutes.js,15,../services/aiOperationIntelligenceService,HIGH
BROKEN_REQUIRE,aiSelfHealingRoutes.js,15,../services/aiSelfHealingService,HIGH
BROKEN_REQUIRE,animalHealthRoutes.js,25,../services/animalHealthService,HIGH
BROKEN_REQUIRE,animalHealthRoutes.js,26,../middleware/auth,HIGH
BROKEN_REQUIRE,animalHealthRoutes.js,27,../middleware/rateLimiter,HIGH
BROKEN_REQUIRE,animalHealthRoutes.js,28,../utils/logger,HIGH
BROKEN_REQUIRE,animalHealthRoutes.js,29,../core/signalBus,HIGH
BROKEN_REQUIRE,assetAccountingRoutes.js,9,../services/assetAccountingService,HIGH
BROKEN_REQUIRE,assetAccountingRoutes.js,10,../middleware/auth,HIGH
BROKEN_REQUIRE,assetAccountingRoutes.js,11,../middleware/admin,HIGH
BROKEN_REQUIRE,assetAccountingRoutes.js,12,../middleware/rateLimiter,HIGH
BROKEN_REQUIRE,auditRoutes.js,8,../services/auditService,HIGH
BROKEN_REQUIRE,auditRoutes.js,9,../middleware/auth,HIGH
BROKEN_REQUIRE,auditRoutes.js,10,../middleware/admin,HIGH
BROKEN_REQUIRE,bulkOrderRoutes.js,8,../controllers/bulkOrderController,HIGH
BROKEN_REQUIRE,civilDisruptionRoutes.js,8,../services/civilDisruptionService,HIGH
BROKEN_REQUIRE,civilDisruptionRoutes.js,9,../middleware/auth,HIGH
BROKEN_REQUIRE,civilDisruptionRoutes.js,10,../middleware/admin,HIGH
BROKEN_REQUIRE,climateAdvisoryRoutes.js,13,../services/weatherService,HIGH
BROKEN_REQUIRE,climateAdvisoryRoutes.js,14,../middleware/auth,HIGH
BROKEN_REQUIRE,cloudManagementRoutes.js,16,../services/cloudManagementService,HIGH
BROKEN_REQUIRE,coldStorageRoutes.js,9,../services/coldStorageService,HIGH
BROKEN_REQUIRE,coldStorageRoutes.js,10,../middleware/auth,HIGH
BROKEN_REQUIRE,coldStorageRoutes.js,11,../middleware/admin,HIGH
BROKEN_REQUIRE,communityRoutes.js,11,../services/communityService,HIGH
BROKEN_REQUIRE,companyRoutes.js,10,../services/companyService,HIGH
BROKEN_REQUIRE,companyRoutes.js,11,../middleware/auth,HIGH
BROKEN_REQUIRE,companyRoutes.js,12,../utils/logger,HIGH
BROKEN_REQUIRE,completeAIIntegrationRoutes.js,10,../controllers/completeAIIntegrationController,HIGH
BROKEN_REQUIRE,completeERPIntegrationRoutes.js,10,../controllers/completeERPIntegrationController,HIGH
BROKEN_REQUIRE,complianceRoutes.js,7,../services/complianceService,HIGH
BROKEN_REQUIRE,complianceRoutes.js,8,../middleware/auth,HIGH
BROKEN_REQUIRE,comprehensiveERPRoutes.js,22,../controllers/comprehensiveERPController,HIGH
BROKEN_REQUIRE,comprehensiveERPRoutes.js,23,../middleware/auth,HIGH
BROKEN_REQUIRE,comprehensiveERPRoutes.js,24,../middleware/rateLimiter,HIGH
BROKEN_REQUIRE,comprehensiveERPRoutes.js,25,../utils/logger,HIGH
BROKEN_REQUIRE,cooperativeShareRoutes.js,9,../services/cooperativeShareService,HIGH
BROKEN_REQUIRE,cooperativeShareRoutes.js,10,../middleware/auth,HIGH
BROKEN_REQUIRE,cooperativeShareRoutes.js,11,../middleware/admin,HIGH
BROKEN_REQUIRE,costControlRoutes.js,11,../services/costControlService,HIGH
BROKEN_REQUIRE,costControlRoutes.js,12,../middleware/auth,HIGH
BROKEN_REQUIRE,costControlRoutes.js,13,../middleware/admin,HIGH
BROKEN_REQUIRE,costRoutes.js,11,../services/costService,HIGH
BROKEN_REQUIRE,costRoutes.js,12,../middleware/auth,HIGH
BROKEN_REQUIRE,dairyRoutes.js,10,../services/dairyService,HIGH
BROKEN_REQUIRE,dairyRoutes.js,11,../middleware/auth,HIGH
BROKEN_REQUIRE,dairyRoutes.js,12,../core/signalBus,HIGH
BROKEN_REQUIRE,dairyRoutes.js,13,../utils/logger,HIGH
BROKEN_REQUIRE,databaseManagementRoutes.js,16,../services/databaseManagementService,HIGH
BROKEN_REQUIRE,decisionSupportRoutes.js,10,../services/decisionSupportService,HIGH
BROKEN_REQUIRE,decisionSupportRoutes.js,11,../middleware/auth,HIGH
BROKEN_REQUIRE,decisionSupportRoutes.js,12,../middleware/admin,HIGH
BROKEN_REQUIRE,demandRoutes.js,7,../services/demandService,HIGH
BROKEN_REQUIRE,dprGenerationRoutes.js,12,../services/dprGenerationService,HIGH
BROKEN_REQUIRE,dprGenerationRoutes.js,13,../middleware/auth,HIGH
BROKEN_REQUIRE,ecommerceAIRoutes.js,16,../controllers/ecommerceAIController,HIGH
BROKEN_REQUIRE,ecommerceAIRoutes.js,17,../middleware/auth,HIGH
BROKEN_REQUIRE,ecommerceAIRoutes.js,18,../middleware/rateLimiter,HIGH
BROKEN_REQUIRE,ecommerceBusinessSalesRoutes.js,14,../controllers/ecommerceBusinessSalesController,HIGH
BROKEN_REQUIRE,ecommerceBusinessSalesRoutes.js,15,../middleware/auth,HIGH
BROKEN_REQUIRE,ecommerceBusinessSalesRoutes.js,16,../middleware/rateLimiter,HIGH
BROKEN_REQUIRE,ecommerceERPRoutes.js,13,../controllers/ecommerceERPController,HIGH
BROKEN_REQUIRE,ecommerceERPRoutes.js,14,../middleware/auth,HIGH
BROKEN_REQUIRE,ecommerceERPRoutes.js,15,../middleware/rateLimiter,HIGH
BROKEN_REQUIRE,ecommerceIntegrationRoutes.js,14,../controllers/ecommerceIntegrationController,HIGH
BROKEN_REQUIRE,ecommerceIntegrationRoutes.js,15,../middleware/auth,HIGH
BROKEN_REQUIRE,ecommerceIntegrationRoutes.js,16,../middleware/rateLimiter,HIGH
BROKEN_REQUIRE,ecommerceMarketingRoutes.js,14,../controllers/ecommerceMarketingController,HIGH
BROKEN_REQUIRE,ecommerceMarketingRoutes.js,15,../middleware/auth,HIGH
BROKEN_REQUIRE,ecommerceMarketingRoutes.js,16,../middleware/rateLimiter,HIGH
BROKEN_REQUIRE,ecommerceRoutes.js,9,../controllers/ecommerceController,HIGH
BROKEN_REQUIRE,ecommerceRoutes.js,10,../middleware/auth,HIGH
BROKEN_REQUIRE,ecommerceRoutes.js,11,../middleware/rateLimiter,HIGH
BROKEN_REQUIRE,ecommerceRoutes.js,12,../middleware/admin,HIGH
BROKEN_REQUIRE,energyRoutes.js,7,../services/energy/EnergyCostCalculator,HIGH
BROKEN_REQUIRE,enterpriseAIRoutes.js,22,../services/financialService,HIGH
BROKEN_REQUIRE,enterpriseAIRoutes.js,23,../services/governmentSchemeService,HIGH
BROKEN_REQUIRE,enterpriseAIRoutes.js,24,../services/aiOrchestrationService,HIGH
BROKEN_REQUIRE,enterpriseAIRoutes.js,25,../core/aiOrchestrator,HIGH
BROKEN_REQUIRE,enterpriseAIRoutes.js,26,../middleware/auth,HIGH
BROKEN_REQUIRE,enterpriseControlRoutes.js,42,../services/enterpriseControlService,HIGH
BROKEN_REQUIRE,enterpriseControlRoutes.js,43,../middleware/auth,HIGH
BROKEN_REQUIRE,enterpriseControlRoutes.js,44,../middleware/admin,HIGH
BROKEN_REQUIRE,enterpriseControlRoutes.js,45,../middleware/rateLimiter,HIGH
BROKEN_REQUIRE,enterpriseControlRoutes.js,46,../utils/logger,HIGH
BROKEN_REQUIRE,equipmentExchangeRoutes.js,7,../services/equipmentExchangeService,HIGH
BROKEN_REQUIRE,equipmentExchangeRoutes.js,8,../middleware/auth,HIGH
BROKEN_REQUIRE,experienceRoutes.js,11,../services/experienceLayerService,HIGH
BROKEN_REQUIRE,experienceRoutes.js,12,../middleware/auth,HIGH
BROKEN_REQUIRE,farmerHealthRoutes.js,4,../modules/M029/service,HIGH
BROKEN_REQUIRE,farmerPortalEnhancements.js,8,../database/pool,HIGH
BROKEN_REQUIRE,farmerPortalEnhancements.js,9,../services/landRecordsService,HIGH
BROKEN_REQUIRE,farmerPortalEnhancements.js,10,../services/cropPlanningService,HIGH
BROKEN_REQUIRE,farmerPortalEnhancements.js,11,../services/farmerService,HIGH
BROKEN_REQUIRE,farmerPortalEnhancements.js,12,../middleware/auth,HIGH
BROKEN_REQUIRE,farmerPortalEnhancements.js,13,../middleware/admin,HIGH
BROKEN_REQUIRE,farmerPortalEnhancements.js,14,../middleware/rateLimiter,HIGH
BROKEN_REQUIRE,farmerRoutes.js,12,../database/pool,HIGH
BROKEN_REQUIRE,farmerRoutes.js,20,../services/farmerService,HIGH
BROKEN_REQUIRE,farmerRoutes.js,21,../middleware/auth,HIGH
BROKEN_REQUIRE,farmerRoutes.js,22,../middleware/admin,HIGH
BROKEN_REQUIRE,farmerRoutes.js,23,../middleware/resolveFarmerId,HIGH
BROKEN_REQUIRE,farmerTrainingRoutes.js,7,../controllers/farmerTrainingController,HIGH
BROKEN_REQUIRE,farmerTrainingRoutes.js,8,../middleware/auth,HIGH
BROKEN_REQUIRE,farmerTrainingRoutes.js,9,../middleware/rateLimiter,HIGH
BROKEN_REQUIRE,farmerTrainingRoutes.js,10,../utils/logger,HIGH
BROKEN_REQUIRE,fertilizerRoutes.js,10,../services/fertilizerInventoryService,HIGH
BROKEN_REQUIRE,fertilizerRoutes.js,11,../middleware/auth,HIGH
BROKEN_REQUIRE,foluBenchmarkRoutes.js,9,../services/foluBenchmarkService,HIGH
BROKEN_REQUIRE,foluBenchmarkRoutes.js,10,../middleware/auth,HIGH
BROKEN_REQUIRE,foluRoutes.js,10,../services/organicTraceabilityService,HIGH
BROKEN_REQUIRE,foluRoutes.js,11,../middleware/auth,HIGH
BROKEN_REQUIRE,foodRoutes.js,7,../services/food/FoodIntelligenceEngine,HIGH
BROKEN_REQUIRE,freightPoolingRoutes.js,7,../services/freightPoolingService,HIGH
BROKEN_REQUIRE,freightPoolingRoutes.js,8,../middleware/auth,HIGH
BROKEN_REQUIRE,geofencingRoutes.js,11,../services/geofencingService,HIGH
BROKEN_REQUIRE,geofencingRoutes.js,12,../middleware/auth,HIGH
BROKEN_REQUIRE,glutWarningRoutes.js,7,../services/glutWarningService,HIGH
BROKEN_REQUIRE,glutWarningRoutes.js,8,../middleware/auth,HIGH
BROKEN_REQUIRE,goatRoutes.js,31,../services/goatService,HIGH
BROKEN_REQUIRE,goatRoutes.js,32,../middleware/auth,HIGH
BROKEN_REQUIRE,goatRoutes.js,33,../middleware/rateLimiter,HIGH
BROKEN_REQUIRE,goatRoutes.js,34,../utils/logger,HIGH
BROKEN_REQUIRE,goatRoutes.js,35,../core/signalBus,HIGH
BROKEN_REQUIRE,governanceModule.js,8,../services/governanceService,HIGH
BROKEN_REQUIRE,governanceModule.js,9,../middleware/auth,HIGH
BROKEN_REQUIRE,governanceModule.js,10,../middleware/admin,HIGH
BROKEN_REQUIRE,governanceModule.js,11,../middleware/rateLimiter,HIGH
BROKEN_REQUIRE,gstRoutes.js,7,../utils/logger,HIGH
BROKEN_REQUIRE,gstRoutes.js,8,../middleware/auth,HIGH
BROKEN_REQUIRE,gstRoutes.js,9,../services/gstService,HIGH
BROKEN_REQUIRE,hrRoutes.js,15,../services/hrService,HIGH
BROKEN_REQUIRE,hrRoutes.js,16,../middleware/auth,HIGH
BROKEN_REQUIRE,informationSharingRoutes.js,11,../services/informationSharingService,HIGH
BROKEN_REQUIRE,insuranceEnhancements.js,8,../services/insurancePremiumService,HIGH
BROKEN_REQUIRE,insuranceEnhancements.js,9,../services/insurancePolicyIssuanceService,HIGH
BROKEN_REQUIRE,insuranceEnhancements.js,10,../services/insuranceFraudDetectionService,HIGH
BROKEN_REQUIRE,insuranceEnhancements.js,11,../middleware/auth,HIGH
BROKEN_REQUIRE,insuranceEnhancements.js,12,../middleware/admin,HIGH
BROKEN_REQUIRE,insuranceEnhancements.js,13,../middleware/rateLimiter,HIGH
BROKEN_REQUIRE,knowledgeRoutes.js,11,../services/knowledgeService,HIGH
BROKEN_REQUIRE,logisticsEnhancementRoutes.js,7,../utils/logger,HIGH
BROKEN_REQUIRE,logisticsEnhancementRoutes.js,8,../middleware/auth,HIGH
BROKEN_REQUIRE,logisticsEnhancementRoutes.js,9,../services/logisticsEnhancementService,HIGH
BROKEN_REQUIRE,logisticsEnhancements.js,8,../services/logisticsEnhancementService,HIGH
BROKEN_REQUIRE,logisticsEnhancements.js,9,../middleware/auth,HIGH
BROKEN_REQUIRE,logisticsEnhancements.js,10,../middleware/admin,HIGH
BROKEN_REQUIRE,logisticsEnhancements.js,11,../middleware/rateLimiter,HIGH
BROKEN_REQUIRE,marketDataRoutes.js,11,../services/marketDataService,HIGH
BROKEN_REQUIRE,marketDataRoutes.js,12,../middleware/auth,HIGH
BROKEN_REQUIRE,marketplaceEnhancements.js,8,../services/gstService,HIGH
BROKEN_REQUIRE,marketplaceEnhancements.js,9,../services/productReviewService,HIGH
BROKEN_REQUIRE,marketplaceEnhancements.js,10,../services/bulkOrderService,HIGH
BROKEN_REQUIRE,marketplaceEnhancements.js,11,../middleware/auth,HIGH
BROKEN_REQUIRE,marketplaceEnhancements.js,12,../middleware/admin,HIGH
BROKEN_REQUIRE,marketplaceEnhancements.js,13,../middleware/rateLimiter,HIGH
BROKEN_REQUIRE,moduleSupportInfrastructureRoutes.js,11,../services/moduleSupportInfrastructureService,HIGH
BROKEN_REQUIRE,nervousSystemRoutes.js,15,../controllers/nervousSystemController,HIGH
BROKEN_REQUIRE,nervousSystemRoutes.js,16,../middleware/auth,HIGH
BROKEN_REQUIRE,nervousSystemRoutes.js,17,../middleware/rateLimiter,HIGH
BROKEN_REQUIRE,nutrientValueSalesRoutes.js,17,../controllers/nutrientValueSalesController,HIGH
BROKEN_REQUIRE,nutrientValueSalesRoutes.js,18,../middleware/auth,HIGH
BROKEN_REQUIRE,nutrientValueSalesRoutes.js,19,../middleware/rateLimiter,HIGH
BROKEN_REQUIRE,organizationManagementRoutes.js,15,../services/organizationManagementService,HIGH
BROKEN_REQUIRE,organizationManagementRoutes.js,16,../middleware/auth,HIGH
BROKEN_REQUIRE,organizationManagementRoutes.js,18,../core/signalBus,HIGH
BROKEN_REQUIRE,organizationManagementRoutes.js,19,../utils/logger,HIGH
BROKEN_REQUIRE,pigRoutes.js,31,../services/pigService,HIGH
BROKEN_REQUIRE,pigRoutes.js,32,../middleware/auth,HIGH
BROKEN_REQUIRE,pigRoutes.js,33,../middleware/rateLimiter,HIGH
BROKEN_REQUIRE,pigRoutes.js,34,../utils/logger,HIGH
BROKEN_REQUIRE,platformConfigurationRoutes.js,17,../services/platformConfigurationService,HIGH
BROKEN_REQUIRE,platformConfigurationRoutes.js,18,../middleware/auth,HIGH
BROKEN_REQUIRE,platformConfigurationRoutes.js,19,../core/signalBus,HIGH
BROKEN_REQUIRE,platformConfigurationRoutes.js,20,../utils/logger,HIGH
BROKEN_REQUIRE,platformCoreRoutes.js,16,../services/platformCoreService,HIGH
BROKEN_REQUIRE,platformCoreRoutes.js,17,../middleware/auth,HIGH
BROKEN_REQUIRE,platformCoreRoutes.js,18,../core/signalBus,HIGH
BROKEN_REQUIRE,platformCoreRoutes.js,19,../utils/logger,HIGH
BROKEN_REQUIRE,platformFoundationRoutes.js,8,../services/platformCoreService,HIGH
BROKEN_REQUIRE,platformFoundationRoutes.js,9,../services/userManagementService,HIGH
BROKEN_REQUIRE,platformFoundationRoutes.js,10,../services/roleManagementService,HIGH
BROKEN_REQUIRE,platformFoundationRoutes.js,11,../middleware/auth,HIGH
BROKEN_REQUIRE,poultryRoutes.js,29,../services/poultryService,HIGH
BROKEN_REQUIRE,poultryRoutes.js,30,../middleware/auth,HIGH
BROKEN_REQUIRE,poultryRoutes.js,31,../middleware/rateLimiter,HIGH
BROKEN_REQUIRE,poultryRoutes.js,32,../utils/logger,HIGH
BROKEN_REQUIRE,projectSystemsRoutes.js,10,../services/projectSystemsService,HIGH
BROKEN_REQUIRE,projectSystemsRoutes.js,11,../middleware/auth,HIGH
BROKEN_REQUIRE,projectSystemsRoutes.js,12,../middleware/admin,HIGH
BROKEN_REQUIRE,publicDomainDataExtractionRoutes.js,11,../services/publicDomainDataExtractionService,HIGH
BROKEN_REQUIRE,recoveredFinanceRoutes.js,15,../services/recoveredFinanceService,HIGH
BROKEN_REQUIRE,recoveredFinanceRoutes.js,16,../middleware/auth,HIGH
BROKEN_REQUIRE,recoveredFinanceRoutes.js,17,../middleware/resolveFarmerId,HIGH
BROKEN_REQUIRE,regionalVarietyRoutes.js,10,../services/regionalVarietyService,HIGH
BROKEN_REQUIRE,regionalVarietyRoutes.js,11,../middleware/auth,HIGH
BROKEN_REQUIRE,researchAndDevelopmentRoutes.js,11,../services/researchAndDevelopmentService,HIGH
BROKEN_REQUIRE,returnLoadBoardRoutes.js,7,../services/returnLoadBoardService,HIGH
BROKEN_REQUIRE,returnLoadBoardRoutes.js,8,../middleware/auth,HIGH
BROKEN_REQUIRE,revenueRoutes.js,7,../services/revenueService,HIGH
BROKEN_REQUIRE,revenueRoutes.js,8,../middleware/auth,HIGH
BROKEN_REQUIRE,rfqRoutes.js,8,../services/rfqService,HIGH
BROKEN_REQUIRE,rfqRoutes.js,9,../middleware/auth,HIGH
BROKEN_REQUIRE,riskPricingRoutes.js,28,../services/riskPricingService,HIGH
BROKEN_REQUIRE,riskPricingRoutes.js,29,../middleware/auth,HIGH
BROKEN_REQUIRE,riskPricingRoutes.js,148,../services/dynamicPricingService,HIGH
BROKEN_REQUIRE,sapModuleArchitectureRoutes.js,16,../services/sapModuleArchitectureService,HIGH
BROKEN_REQUIRE,seedVaultRoutes.js,12,../database/pool,HIGH
BROKEN_REQUIRE,seedVaultRoutes.js,13,../services/seedVaultService,HIGH
BROKEN_REQUIRE,seedVaultRoutes.js,14,../middleware/auth,HIGH
BROKEN_REQUIRE,sellerRankingRoutes.js,10,../services/sellerRankingService,HIGH
BROKEN_REQUIRE,sellerRankingRoutes.js,11,../middleware/auth,HIGH
BROKEN_REQUIRE,serverManagementRoutes.js,16,../services/serverManagementService,HIGH
BROKEN_REQUIRE,sheepRoutes.js,32,../services/sheepService,HIGH
BROKEN_REQUIRE,sheepRoutes.js,33,../middleware/auth,HIGH
BROKEN_REQUIRE,sheepRoutes.js,34,../middleware/rateLimiter,HIGH
BROKEN_REQUIRE,sheepRoutes.js,35,../utils/logger,HIGH
BROKEN_REQUIRE,startupEnvironmentRoutes.js,11,../services/startupEnvironmentService,HIGH
BROKEN_REQUIRE,systemAdministrationRoutes.js,17,../services/systemAdministrationService,HIGH
BROKEN_REQUIRE,systemAdministrationRoutes.js,18,../middleware/auth,HIGH
BROKEN_REQUIRE,systemAdministrationRoutes.js,20,../core/signalBus,HIGH
BROKEN_REQUIRE,systemAdministrationRoutes.js,21,../utils/logger,HIGH
BROKEN_REQUIRE,tenantManagementRoutes.js,15,../services/tenantManagementService,HIGH
BROKEN_REQUIRE,tenantManagementRoutes.js,16,../middleware/auth,HIGH
BROKEN_REQUIRE,tenantManagementRoutes.js,18,../core/signalBus,HIGH
BROKEN_REQUIRE,tenantManagementRoutes.js,19,../utils/logger,HIGH
BROKEN_REQUIRE,trackDartRoutes.js,13,../database/pool,HIGH
BROKEN_REQUIRE,trackDartRoutes.js,14,../middleware/auth,HIGH
BROKEN_REQUIRE,unifiedLedgerRoutes.js,11,../services/unifiedLedgerService,HIGH
BROKEN_REQUIRE,unifiedLedgerRoutes.js,12,../middleware/auth,HIGH
BROKEN_REQUIRE,unifiedLedgerRoutes.js,13,../middleware/admin,HIGH
BROKEN_REQUIRE,unifiedLedgerRoutes.js,14,../middleware/rateLimiter,HIGH
BROKEN_REQUIRE,unifiedLedgerRoutes.js,15,../utils/logger,HIGH
BROKEN_REQUIRE,unifiedLedgerRoutes.js,216,../database/pool,HIGH
BROKEN_REQUIRE,unifiedLedgerRoutes.js,280,../database/pool,HIGH
BROKEN_REQUIRE,vendorRoutes.js,13,../middleware/auth,HIGH
BROKEN_REQUIRE,vendorRoutes.js,14,../middleware/admin,HIGH
BROKEN_REQUIRE,vendorRoutes.js,45,../services/decisionSupportService,HIGH
BROKEN_REQUIRE,visionRoutes.js,24,../middleware/auth,HIGH
BROKEN_REQUIRE,visionRoutes.js,25,../core/aiOrchestrator,HIGH
BROKEN_REQUIRE,weatherRoutes.js,8,../services/weatherService,HIGH
BROKEN_REQUIRE,weatherRoutes.js,9,../middleware/auth,HIGH
BROKEN_REQUIRE,wikipediaRoutes.js,9,../services/wikipediaService,HIGH
BROKEN_REQUIRE,wikipediaRoutes.js,10,../middleware/auth,HIGH
BROKEN_REQUIRE,advancedAIService.js,16,../utils/logger,HIGH
BROKEN_REQUIRE,advancedAIService.js,17,../database/connection,HIGH
BROKEN_REQUIRE,advancedAIService.js,18,../utils/statistics,HIGH
BROKEN_REQUIRE,advancedAIService.js,19,../middleware/auth,HIGH
BROKEN_REQUIRE,advancedAIService.js,20,../core/signalBus,HIGH
BROKEN_REQUIRE,advancedFeaturesService.js,6,../utils/logger,HIGH
BROKEN_REQUIRE,advancedFeaturesService.js,12,../database/pool,HIGH
BROKEN_REQUIRE,advancedVoiceAI.js,14,../utils/logger,HIGH
BROKEN_REQUIRE,advancedVoiceAI.js,15,../middleware/auth,HIGH
BROKEN_REQUIRE,advancedVoiceAI.js,22,../database/pool,HIGH
BROKEN_REQUIRE,agriculturalIntelligenceService.js,7,../utils/logger,HIGH
BROKEN_REQUIRE,agriculturalIntelligenceService.js,8,../database/connection,HIGH
BROKEN_REQUIRE,aiAdvisoryService.js,10,../database/pool,HIGH
BROKEN_REQUIRE,aiAdvisoryService.js,11,../utils/logger,HIGH
BROKEN_REQUIRE,aiAdvisoryService.js,244,../middleware/auth,HIGH
BROKEN_REQUIRE,aiAgenticCompanionService.js,7,../utils/logger,HIGH
BROKEN_REQUIRE,aiAgenticCompanionService.js,8,../database/connection,HIGH
BROKEN_REQUIRE,aiAgentService.js,27,../utils/logger,HIGH
BROKEN_REQUIRE,aiBackboneService.js,15,../utils/logger,HIGH
BROKEN_REQUIRE,aiBrainService.js,21,../utils/logger,HIGH
BROKEN_REQUIRE,aiCopilotService.js,9,../utils/logger,HIGH
BROKEN_REQUIRE,aiCopilotService.js,10,../middleware/auth,HIGH
BROKEN_REQUIRE,aiCopilotService.js,16,../database/pool,HIGH
BROKEN_REQUIRE,aiGatewayService.js,7,../utils/logger,HIGH
BROKEN_REQUIRE,aiGatewayService.js,8,../database/connection,HIGH
BROKEN_REQUIRE,aiOperationIntelligenceService.js,21,../utils/logger,HIGH
BROKEN_REQUIRE,aiOrchestrationService.js,3,../database/pool,HIGH
BROKEN_REQUIRE,aiSelfHealingService.js,21,../utils/logger,HIGH
BROKEN_REQUIRE,aiService.js,10,../utils/logger,HIGH
BROKEN_REQUIRE,aiService.js,11,../database/connection,HIGH
BROKEN_REQUIRE,aiService.js,12,../middleware/auth,HIGH
BROKEN_REQUIRE,analyticsMonitoringService.js,8,../utils/logger,HIGH
BROKEN_REQUIRE,analyticsMonitoringService.js,9,../database/pool,HIGH
BROKEN_REQUIRE,analyticsService.js,7,../utils/logger,HIGH
BROKEN_REQUIRE,analyticsService.js,8,../database/connection,HIGH
BROKEN_REQUIRE,animalHealthService.js,20,../utils/logger,HIGH
BROKEN_REQUIRE,animalHealthService.js,21,../database/connection,HIGH
BROKEN_REQUIRE,arVrService.js,8,../utils/logger,HIGH
BROKEN_REQUIRE,arVrService.js,9,../middleware/auth,HIGH
BROKEN_REQUIRE,arVrService.js,15,../database/pool,HIGH
BROKEN_REQUIRE,assetAccountingService.js,32,../utils/logger,HIGH
BROKEN_REQUIRE,assetAccountingService.js,33,../core/withTransaction,HIGH
BROKEN_REQUIRE,assetAccountingService.js,56,../database/pool,HIGH
BROKEN_REQUIRE,auditService.js,6,../utils/logger,HIGH
BROKEN_REQUIRE,auditService.js,12,../database/pool,HIGH
BROKEN_REQUIRE,authService.js,16,../utils/logger,HIGH
BROKEN_REQUIRE,authService.js,17,../database/connection,HIGH
BROKEN_REQUIRE,authService.js,24,../middleware/auth,HIGH
BROKEN_REQUIRE,backupService.js,8,../utils/logger,HIGH
BROKEN_REQUIRE,biodiversityService.js,9,../utils/logger,HIGH
BROKEN_REQUIRE,biodiversityService.js,10,../middleware/auth,HIGH
BROKEN_REQUIRE,biodiversityService.js,16,../database/pool,HIGH
BROKEN_REQUIRE,blockchainTraceabilityService.js,8,../utils/logger,HIGH
BROKEN_REQUIRE,blockchainTraceabilityService.js,9,../middleware/auth,HIGH
BROKEN_REQUIRE,blockchainTraceabilityService.js,15,../database/pool,HIGH
BROKEN_REQUIRE,bulkOrderService.js,6,../utils/logger,HIGH
BROKEN_REQUIRE,bulkOrderService.js,12,../database/pool,HIGH
BROKEN_REQUIRE,buyingClubService.js,10,../database/pool,HIGH
BROKEN_REQUIRE,buyingClubService.js,11,../utils/logger,HIGH
BROKEN_REQUIRE,buyingClubService.js,324,../middleware/auth,HIGH
BROKEN_REQUIRE,catalogIntelligenceService.js,36,../utils/logger,HIGH
BROKEN_REQUIRE,civilDisruptionService.js,20,../utils/logger,HIGH
BROKEN_REQUIRE,civilDisruptionService.js,21,../database/pool,HIGH
BROKEN_REQUIRE,civilDisruptionService.js,22,../core/signalBus,HIGH
BROKEN_REQUIRE,coldStorageService.js,23,../utils/logger,HIGH
BROKEN_REQUIRE,coldStorageService.js,24,../database/pool,HIGH
BROKEN_REQUIRE,coldStorageService.js,25,../core/withTransaction,HIGH
BROKEN_REQUIRE,commerceRulesService.js,22,../utils/logger,HIGH
BROKEN_REQUIRE,commerceRulesService.js,23,../middleware/auth,HIGH
BROKEN_REQUIRE,commerceRulesService.js,24,../database/pool,HIGH
BROKEN_REQUIRE,companyService.js,9,../database/connection,HIGH
BROKEN_REQUIRE,companyService.js,10,../utils/logger,HIGH
BROKEN_REQUIRE,completeAIIntegrationService.js,19,../utils/logger,HIGH
BROKEN_REQUIRE,completeAIIntegrationService.js,20,../database/connection,HIGH
BROKEN_REQUIRE,completeAIIntegrationService.js,21,../core/signalBus,HIGH
BROKEN_REQUIRE,completeERPIntegrationService.js,17,../utils/logger,HIGH
BROKEN_REQUIRE,completeERPIntegrationService.js,18,../database/connection,HIGH
BROKEN_REQUIRE,completeERPIntegrationService.js,19,../core/signalBus,HIGH
BROKEN_REQUIRE,complianceService.js,15,../database/pool,HIGH
BROKEN_REQUIRE,complianceService.js,16,../utils/logger,HIGH
BROKEN_REQUIRE,comprehensiveERPService.js,11,../utils/logger,HIGH
BROKEN_REQUIRE,comprehensiveERPService.js,12,../database/connection,HIGH
BROKEN_REQUIRE,comprehensiveERPService.js,13,../core/signalBus,HIGH
BROKEN_REQUIRE,consumerHealthService.js,8,../utils/logger,HIGH
BROKEN_REQUIRE,consumerHealthService.js,9,../middleware/auth,HIGH
BROKEN_REQUIRE,consumerHealthService.js,10,../utils/disclaimers,HIGH
BROKEN_REQUIRE,consumerHealthService.js,16,../database/pool,HIGH
BROKEN_REQUIRE,conversationalAIService.js,8,../utils/logger,HIGH
BROKEN_REQUIRE,conversationalAIService.js,9,../middleware/auth,HIGH
BROKEN_REQUIRE,conversationalAIService.js,15,../database/pool,HIGH
BROKEN_REQUIRE,cooperativeShareService.js,20,../utils/logger,HIGH
BROKEN_REQUIRE,cooperativeShareService.js,21,../database/pool,HIGH
BROKEN_REQUIRE,cooperativeShareService.js,22,../core/withTransaction,HIGH
BROKEN_REQUIRE,costControlService.js,33,../utils/logger,HIGH
BROKEN_REQUIRE,costControlService.js,37,../database/pool,HIGH
BROKEN_REQUIRE,costService.js,18,../database/pool,HIGH
BROKEN_REQUIRE,cropPlanningService.js,6,../utils/logger,HIGH
BROKEN_REQUIRE,cropPlanningService.js,12,../database/pool,HIGH
BROKEN_REQUIRE,dairyService.js,27,../utils/logger,HIGH
BROKEN_REQUIRE,dairyService.js,28,../database/connection,HIGH
BROKEN_REQUIRE,dairyService.js,29,../core/signalBus,HIGH
BROKEN_REQUIRE,decisionSupportService.js,12,../routes/decisionSupportRoutes,HIGH
BROKEN_REQUIRE,demandService.js,21,../database/pool,HIGH
BROKEN_REQUIRE,demandService.js,22,../utils/logger,HIGH
BROKEN_REQUIRE,digitalProductPassportService.js,11,../utils/logger,HIGH
BROKEN_REQUIRE,digitalProductPassportService.js,12,../middleware/auth,HIGH
BROKEN_REQUIRE,digitalProductPassportService.js,13,../middleware/rateLimiter,HIGH
BROKEN_REQUIRE,digitalProductPassportService.js,21,../database/pool,HIGH
BROKEN_REQUIRE,digitalTwinService.js,8,../utils/logger,HIGH
BROKEN_REQUIRE,digitalTwinService.js,9,../database/connection,HIGH
BROKEN_REQUIRE,dprGenerationService.js,31,../utils/logger,HIGH
BROKEN_REQUIRE,dprGenerationService.js,32,../database/pool,HIGH
BROKEN_REQUIRE,dynamicPricingService.js,6,../utils/logger,HIGH
BROKEN_REQUIRE,dynamicPricingService.js,8,../middleware/auth,HIGH
BROKEN_REQUIRE,dynamicPricingService.js,9,../core/mcda,HIGH
BROKEN_REQUIRE,dynamicPricingService.js,438,../database/pool,HIGH
BROKEN_REQUIRE,ecommerceAIService.js,17,../utils/logger,HIGH
BROKEN_REQUIRE,ecommerceAIService.js,18,../database/connection,HIGH
BROKEN_REQUIRE,ecommerceAIService.js,19,../core/signalBus,HIGH
BROKEN_REQUIRE,ecommerceBusinessSalesService.js,17,../utils/logger,HIGH
BROKEN_REQUIRE,ecommerceBusinessSalesService.js,18,../database/connection,HIGH
BROKEN_REQUIRE,ecommerceBusinessSalesService.js,19,../core/signalBus,HIGH
BROKEN_REQUIRE,ecommerceERPService.js,22,../utils/logger,HIGH
BROKEN_REQUIRE,ecommerceERPService.js,23,../database/connection,HIGH
BROKEN_REQUIRE,ecommerceERPService.js,24,../core/signalBus,HIGH
BROKEN_REQUIRE,ecommerceIntegrationService.js,21,../utils/logger,HIGH
BROKEN_REQUIRE,ecommerceIntegrationService.js,22,../database/connection,HIGH
BROKEN_REQUIRE,ecommerceIntegrationService.js,23,../core/signalBus,HIGH
BROKEN_REQUIRE,ecommerceMarketingService.js,18,../utils/logger,HIGH
BROKEN_REQUIRE,ecommerceMarketingService.js,19,../database/connection,HIGH
BROKEN_REQUIRE,ecommerceMarketingService.js,20,../core/signalBus,HIGH
BROKEN_REQUIRE,ecommerceService.js,15,../utils/logger,HIGH
BROKEN_REQUIRE,ecommerceService.js,16,../database/connection,HIGH
BROKEN_REQUIRE,ecommerceService.js,17,../core/signalBus,HIGH
BROKEN_REQUIRE,enterpriseControlService.js,22,../database/connection,HIGH
BROKEN_REQUIRE,enterpriseControlService.js,23,../middleware/auth,HIGH
BROKEN_REQUIRE,enterpriseControlService.js,24,../middleware/admin,HIGH
BROKEN_REQUIRE,enterpriseControlService.js,25,../utils/logger,HIGH
BROKEN_REQUIRE,enterpriseControlService.js,26,../core/signalBus,HIGH
BROKEN_REQUIRE,enterpriseMemoryService.js,54,../utils/logger,HIGH
BROKEN_REQUIRE,enterpriseMemoryService.js,55,../middleware/auth,HIGH
BROKEN_REQUIRE,enterpriseMemoryService.js,56,../database/pool,HIGH
BROKEN_REQUIRE,enterpriseMemoryService.js,57,../core/signalBus,HIGH
BROKEN_REQUIRE,equipmentExchangeService.js,11,../database/pool,HIGH
BROKEN_REQUIRE,erpService.js,7,../utils/logger,HIGH
BROKEN_REQUIRE,erpService.js,8,../database/connection,HIGH
BROKEN_REQUIRE,erpService.js,9,../middleware/auth,HIGH
BROKEN_REQUIRE,erpService.js,10,../middleware/errorHandler,HIGH
BROKEN_REQUIRE,escrowService.js,7,../utils/logger,HIGH
BROKEN_REQUIRE,escrowService.js,8,../database/pool,HIGH
BROKEN_REQUIRE,experienceLayerService.js,27,../database/pool,HIGH
BROKEN_REQUIRE,experienceLayerService.js,28,../utils/logger,HIGH
BROKEN_REQUIRE,farmerService.js,6,../utils/logger,HIGH
BROKEN_REQUIRE,farmerService.js,7,../database/connection,HIGH
BROKEN_REQUIRE,farmerService.js,8,../middleware/auth,HIGH
BROKEN_REQUIRE,farmerTrainingService.js,6,../utils/logger,HIGH
BROKEN_REQUIRE,farmerTrainingService.js,8,../database/connection,HIGH
BROKEN_REQUIRE,farmerTrainingService.js,9,../core/signalBus,HIGH
BROKEN_REQUIRE,farmerTrainingService.js,10,../middleware/auth,HIGH
BROKEN_REQUIRE,farmerValueService.js,35,../database/pool,HIGH
BROKEN_REQUIRE,farmerValueService.js,36,../middleware/auth,HIGH
BROKEN_REQUIRE,farmerValueService.js,37,../utils/logger,HIGH
BROKEN_REQUIRE,farmerValueService.js,38,../core/mcda,HIGH
BROKEN_REQUIRE,fertilizerInventoryService.js,26,../utils/logger,HIGH
BROKEN_REQUIRE,fertilizerInventoryService.js,27,../database/connection,HIGH
BROKEN_REQUIRE,fertilizerInventoryService.js,28,../core/withTransaction,HIGH
BROKEN_REQUIRE,financialService.js,6,../utils/logger,HIGH
BROKEN_REQUIRE,financialService.js,7,../core/withTransaction,HIGH
BROKEN_REQUIRE,financialService.js,8,../database/connection,HIGH
BROKEN_REQUIRE,financialService.js,9,../middleware/auth,HIGH
BROKEN_REQUIRE,financialService.js,11,../core/mcda,HIGH
BROKEN_REQUIRE,financialService.js,12,../core/outcomeSink,HIGH
BROKEN_REQUIRE,foluBenchmarkService.js,28,../database/pool,HIGH
BROKEN_REQUIRE,foodIntelligenceService.js,8,../utils/logger,HIGH
BROKEN_REQUIRE,foodIntelligenceService.js,9,../middleware/auth,HIGH
BROKEN_REQUIRE,foodIntelligenceService.js,15,../database/pool,HIGH
BROKEN_REQUIRE,foodSafetyService.js,9,../utils/logger,HIGH
BROKEN_REQUIRE,foodSafetyService.js,10,../middleware/auth,HIGH
BROKEN_REQUIRE,foodSafetyService.js,11,../middleware/rateLimiter,HIGH
BROKEN_REQUIRE,foodSafetyService.js,12,../core/signalBus,HIGH
BROKEN_REQUIRE,foodSafetyService.js,18,../database/pool,HIGH
BROKEN_REQUIRE,formService.js,9,../utils/logger,HIGH
BROKEN_REQUIRE,formService.js,10,../database/connection,HIGH
BROKEN_REQUIRE,formService.js,11,../middleware/auth,HIGH
BROKEN_REQUIRE,freightPoolingService.js,21,../database/pool,HIGH
BROKEN_REQUIRE,freightPoolingService.js,22,../utils/logger,HIGH
BROKEN_REQUIRE,geofencingService.js,40,../database/pool,HIGH
BROKEN_REQUIRE,geofencingService.js,41,../utils/logger,HIGH
BROKEN_REQUIRE,geofencingService.js,42,../utils/geo,HIGH
BROKEN_REQUIRE,geofencingService.js,43,../core/signalBus,HIGH
BROKEN_REQUIRE,giIntelligenceService.js,8,../utils/logger,HIGH
BROKEN_REQUIRE,giIntelligenceService.js,9,../middleware/auth,HIGH
BROKEN_REQUIRE,giIntelligenceService.js,15,../database/pool,HIGH
BROKEN_REQUIRE,glutWarningService.js,21,../database/pool,HIGH
BROKEN_REQUIRE,goatService.js,21,../utils/logger,HIGH
BROKEN_REQUIRE,goatService.js,22,../database/connection,HIGH
BROKEN_REQUIRE,goatService.js,23,../core/signalBus,HIGH
BROKEN_REQUIRE,governanceService.js,6,../utils/logger,HIGH
BROKEN_REQUIRE,governanceService.js,12,../database/pool,HIGH
BROKEN_REQUIRE,governmentSchemeService.js,6,../utils/logger,HIGH
BROKEN_REQUIRE,governmentSchemeService.js,8,../websocket,HIGH
BROKEN_REQUIRE,governmentSchemeService.js,9,../middleware/auth,HIGH
BROKEN_REQUIRE,governmentSchemeService.js,15,../database/pool,HIGH
BROKEN_REQUIRE,greenhouseService.js,6,../utils/logger,HIGH
BROKEN_REQUIRE,greenhouseService.js,8,../middleware/auth,HIGH
BROKEN_REQUIRE,gstService.js,34,../utils/logger,HIGH
BROKEN_REQUIRE,gstService.js,35,../core/withTransaction,HIGH
BROKEN_REQUIRE,gstService.js,50,../database/pool,HIGH
BROKEN_REQUIRE,householdEconomyService.js,10,../database/pool,HIGH
BROKEN_REQUIRE,householdEconomyService.js,11,../utils/logger,HIGH
BROKEN_REQUIRE,householdEconomyService.js,169,../middleware/auth,HIGH
BROKEN_REQUIRE,hrService.js,12,../utils/logger,HIGH
BROKEN_REQUIRE,hrService.js,13,../database/connection,HIGH
BROKEN_REQUIRE,hrService.js,14,../core/signalBus,HIGH
BROKEN_REQUIRE,hrService.js,17,../utils/statistics,HIGH
BROKEN_REQUIRE,indigenousKnowledgeService.js,9,../utils/logger,HIGH
BROKEN_REQUIRE,indigenousKnowledgeService.js,10,../middleware/auth,HIGH
BROKEN_REQUIRE,indigenousKnowledgeService.js,16,../database/pool,HIGH
BROKEN_REQUIRE,institutionalProcurementService.js,9,../utils/logger,HIGH
BROKEN_REQUIRE,institutionalProcurementService.js,10,../middleware/auth,HIGH
BROKEN_REQUIRE,institutionalProcurementService.js,11,../middleware/rateLimiter,HIGH
BROKEN_REQUIRE,institutionalProcurementService.js,17,../database/pool,HIGH
BROKEN_REQUIRE,insuranceClaimsService.js,5,../utils/logger,HIGH
BROKEN_REQUIRE,insuranceClaimsService.js,7,../websocket,HIGH
BROKEN_REQUIRE,insuranceClaimsService.js,8,../middleware/auth,HIGH
BROKEN_REQUIRE,insuranceClaimsService.js,9,../core/signalBus,HIGH
BROKEN_REQUIRE,insuranceFraudDetectionService.js,6,../utils/logger,HIGH
BROKEN_REQUIRE,insuranceFraudDetectionService.js,12,../database/pool,HIGH
BROKEN_REQUIRE,insurancePolicyIssuanceService.js,6,../utils/logger,HIGH
BROKEN_REQUIRE,insurancePolicyIssuanceService.js,13,../database/pool,HIGH
BROKEN_REQUIRE,insurancePremiumService.js,6,../utils/logger,HIGH
BROKEN_REQUIRE,insurancePremiumService.js,12,../database/pool,HIGH
BROKEN_REQUIRE,insuranceService.js,6,../utils/logger,HIGH
BROKEN_REQUIRE,insuranceService.js,7,../database/connection,HIGH
BROKEN_REQUIRE,insuranceService.js,8,../middleware/auth,HIGH
BROKEN_REQUIRE,iotIntegrationService.js,8,../utils/logger,HIGH
BROKEN_REQUIRE,iotIntegrationService.js,9,../middleware/auth,HIGH
BROKEN_REQUIRE,iotIntegrationService.js,10,../core/signalBus,HIGH
BROKEN_REQUIRE,iotIntegrationService.js,21,../database/pool,HIGH
BROKEN_REQUIRE,iotSensorService.js,8,../utils/logger,HIGH
BROKEN_REQUIRE,iotSensorService.js,9,../database/connection,HIGH
BROKEN_REQUIRE,knowledgeGraphService.js,8,../utils/logger,HIGH
BROKEN_REQUIRE,knowledgeGraphService.js,9,../middleware/auth,HIGH
BROKEN_REQUIRE,knowledgeGraphService.js,15,../database/pool,HIGH
BROKEN_REQUIRE,laboratoryERPService.js,8,../utils/logger,HIGH
BROKEN_REQUIRE,laboratoryERPService.js,9,../middleware/auth,HIGH
BROKEN_REQUIRE,laboratoryERPService.js,15,../database/pool,HIGH
BROKEN_REQUIRE,landRecordsService.js,6,../utils/logger,HIGH
BROKEN_REQUIRE,landRecordsService.js,12,../database/pool,HIGH
BROKEN_REQUIRE,logisticsEnhancementService.js,6,../utils/logger,HIGH
BROKEN_REQUIRE,logisticsEnhancementService.js,12,../database/pool,HIGH
BROKEN_REQUIRE,logisticsService.js,6,../utils/logger,HIGH
BROKEN_REQUIRE,logisticsService.js,7,../database/connection,HIGH
BROKEN_REQUIRE,logisticsService.js,8,../middleware/auth,HIGH
BROKEN_REQUIRE,logisticsService.js,172,../index,HIGH
BROKEN_REQUIRE,logisticsService.js,213,../index,HIGH
BROKEN_REQUIRE,machineryAccessService.js,10,../database/pool,HIGH
BROKEN_REQUIRE,machineryAccessService.js,11,../utils/logger,HIGH
BROKEN_REQUIRE,machineryAccessService.js,176,../middleware/auth,HIGH
BROKEN_REQUIRE,marketAccessService.js,10,../database/pool,HIGH
BROKEN_REQUIRE,marketAccessService.js,11,../utils/logger,HIGH
BROKEN_REQUIRE,marketAccessService.js,172,../middleware/auth,HIGH
BROKEN_REQUIRE,marketDataService.js,28,../database/pool,HIGH
BROKEN_REQUIRE,marketDataService.js,29,../utils/logger,HIGH
BROKEN_REQUIRE,marketIntelligenceService.js,10,../database/pool,HIGH
BROKEN_REQUIRE,marketIntelligenceService.js,11,../utils/logger,HIGH
BROKEN_REQUIRE,marketIntelligenceService.js,144,../middleware/auth,HIGH
BROKEN_REQUIRE,merchandisingService.js,36,../utils/logger,HIGH
BROKEN_REQUIRE,millCircuitService.js,21,../utils/logger,HIGH
BROKEN_REQUIRE,millCircuitService.js,22,../middleware/auth,HIGH
BROKEN_REQUIRE,millCircuitService.js,26,../database/pool,HIGH
BROKEN_REQUIRE,mobilityRidesService.js,10,../database/pool,HIGH
BROKEN_REQUIRE,mobilityRidesService.js,11,../utils/logger,HIGH
BROKEN_REQUIRE,mobilityRidesService.js,216,../middleware/auth,HIGH
BROKEN_REQUIRE,moduleCatalogService.js,2,../utils/logger,HIGH
BROKEN_REQUIRE,moduleCatalogService.js,7,../middleware/rateLimiter,HIGH
BROKEN_REQUIRE,multilingualService.js,8,../utils/logger,HIGH
BROKEN_REQUIRE,multilingualService.js,9,../middleware/auth,HIGH
BROKEN_REQUIRE,multilingualService.js,15,../database/pool,HIGH
BROKEN_REQUIRE,neProductIntelligenceService.js,31,../utils/logger,HIGH
BROKEN_REQUIRE,neProductIntelligenceService.js,32,../middleware/auth,HIGH
BROKEN_REQUIRE,nutrientValueSalesService.js,24,../utils/logger,HIGH
BROKEN_REQUIRE,nutrientValueSalesService.js,25,../database/connection,HIGH
BROKEN_REQUIRE,nutrientValueSalesService.js,26,../core/signalBus,HIGH
BROKEN_REQUIRE,nutritionIntelligenceService.js,8,../utils/logger,HIGH
BROKEN_REQUIRE,nutritionIntelligenceService.js,9,../middleware/auth,HIGH
BROKEN_REQUIRE,nutritionIntelligenceService.js,10,../utils/disclaimers,HIGH
BROKEN_REQUIRE,nutritionIntelligenceService.js,78,../database/pool,HIGH
BROKEN_REQUIRE,ocrService.js,50,../utils/logger,HIGH
BROKEN_REQUIRE,ocrService.js,51,../database/pool,HIGH
BROKEN_REQUIRE,offlinePaymentService.js,16,../utils/logger,HIGH
BROKEN_REQUIRE,offlinePaymentService.js,17,../middleware/auth,HIGH
BROKEN_REQUIRE,offlinePaymentService.js,26,../database/pool,HIGH
BROKEN_REQUIRE,offlineSyncService.js,19,../utils/logger,HIGH
BROKEN_REQUIRE,offlineSyncService.js,20,../middleware/auth,HIGH
BROKEN_REQUIRE,offlineSyncService.js,21,../middleware/rateLimiter,HIGH
BROKEN_REQUIRE,offlineSyncService.js,28,../database/pool,HIGH
BROKEN_REQUIRE,omnichannelAIService.js,10,../utils/logger,HIGH
BROKEN_REQUIRE,omnichannelAIService.js,11,../middleware/auth,HIGH
BROKEN_REQUIRE,omnichannelAIService.js,17,../database/pool,HIGH
BROKEN_REQUIRE,orderService.js,7,../utils/logger,HIGH
BROKEN_REQUIRE,orderService.js,8,../database/connection,HIGH
BROKEN_REQUIRE,orderService.js,9,../middleware/auth,HIGH
BROKEN_REQUIRE,orderService.js,10,../middleware/admin,HIGH
BROKEN_REQUIRE,orderService.js,11,../core/signalBus,HIGH
BROKEN_REQUIRE,orderService.js,293,../index,HIGH
BROKEN_REQUIRE,orderService.js,457,../index,HIGH
BROKEN_REQUIRE,organicTraceabilityService.js,8,../utils/logger,HIGH
BROKEN_REQUIRE,organicTraceabilityService.js,9,../middleware/auth,HIGH
BROKEN_REQUIRE,organicTraceabilityService.js,15,../database/pool,HIGH
BROKEN_REQUIRE,organizationManagementService.js,12,../database/connection,HIGH
BROKEN_REQUIRE,organizationManagementService.js,15,../utils/logger,HIGH
BROKEN_REQUIRE,pigService.js,23,../utils/logger,HIGH
BROKEN_REQUIRE,pigService.js,24,../database/connection,HIGH
BROKEN_REQUIRE,pigService.js,25,../core/signalBus,HIGH
BROKEN_REQUIRE,platformConfigurationService.js,12,../database/connection,HIGH
BROKEN_REQUIRE,platformConfigurationService.js,15,../utils/logger,HIGH
BROKEN_REQUIRE,platformCoreService.js,7,../utils/logger,HIGH
BROKEN_REQUIRE,platformCoreService.js,8,../database/connection,HIGH
BROKEN_REQUIRE,poultryService.js,21,../utils/logger,HIGH
BROKEN_REQUIRE,poultryService.js,22,../database/connection,HIGH
BROKEN_REQUIRE,poultryService.js,23,../core/signalBus,HIGH
BROKEN_REQUIRE,predictiveAnalyticsService.js,8,../utils/logger,HIGH
BROKEN_REQUIRE,predictiveAnalyticsService.js,9,../middleware/auth,HIGH
BROKEN_REQUIRE,predictiveAnalyticsService.js,15,../database/pool,HIGH
BROKEN_REQUIRE,preSeasonOrderService.js,6,../utils/logger,HIGH
BROKEN_REQUIRE,preSeasonOrderService.js,8,../websocket,HIGH
BROKEN_REQUIRE,preSeasonOrderService.js,9,../middleware/auth,HIGH
BROKEN_REQUIRE,procurementSubscriptionService.js,10,../database/pool,HIGH
BROKEN_REQUIRE,procurementSubscriptionService.js,11,../utils/logger,HIGH
BROKEN_REQUIRE,procurementSubscriptionService.js,291,../middleware/auth,HIGH
BROKEN_REQUIRE,productMediaAIService.js,23,../database/connection,HIGH
BROKEN_REQUIRE,productMediaAIService.js,24,../utils/logger,HIGH
BROKEN_REQUIRE,productReviewService.js,6,../utils/logger,HIGH
BROKEN_REQUIRE,productReviewService.js,12,../database/pool,HIGH
BROKEN_REQUIRE,productService.js,6,../utils/logger,HIGH
BROKEN_REQUIRE,productService.js,7,../database/connection,HIGH
BROKEN_REQUIRE,productService.js,8,../middleware/auth,HIGH
BROKEN_REQUIRE,projectSystemsService.js,35,../utils/logger,HIGH
BROKEN_REQUIRE,projectSystemsService.js,49,../database/pool,HIGH
BROKEN_REQUIRE,realtimeMonitoringService.js,7,../utils/logger,HIGH
BROKEN_REQUIRE,realtimeMonitoringService.js,8,../database/connection,HIGH
BROKEN_REQUIRE,recipeIntelligenceService.js,9,../utils/logger,HIGH
BROKEN_REQUIRE,recipeIntelligenceService.js,10,../middleware/auth,HIGH
BROKEN_REQUIRE,recipeIntelligenceService.js,11,../middleware/rateLimiter,HIGH
BROKEN_REQUIRE,recipeIntelligenceService.js,17,../database/pool,HIGH
BROKEN_REQUIRE,recoveredFinanceService.js,22,../database/pool,HIGH
BROKEN_REQUIRE,recoveredFinanceService.js,23,../utils/logger,HIGH
BROKEN_REQUIRE,regionalVarietyService.js,13,../utils/logger,HIGH
BROKEN_REQUIRE,regionalVarietyService.js,14,../database/pool,HIGH
BROKEN_REQUIRE,renewableEnergyService.js,10,../database/pool,HIGH
BROKEN_REQUIRE,renewableEnergyService.js,11,../utils/logger,HIGH
BROKEN_REQUIRE,renewableEnergyService.js,248,../middleware/auth,HIGH
BROKEN_REQUIRE,returnLoadBoardService.js,10,../database/pool,HIGH
BROKEN_REQUIRE,revenueService.js,14,../database/pool,HIGH
BROKEN_REQUIRE,revenueService.js,15,../utils/logger,HIGH
BROKEN_REQUIRE,rfqService.js,12,../database/pool,HIGH
BROKEN_REQUIRE,rfqService.js,13,../core/signalBus,HIGH
BROKEN_REQUIRE,riskPricingService.js,47,../database/pool,HIGH
BROKEN_REQUIRE,riskPricingService.js,48,../utils/logger,HIGH
BROKEN_REQUIRE,roleManagementService.js,7,../utils/logger,HIGH
BROKEN_REQUIRE,roleManagementService.js,8,../database/connection,HIGH
BROKEN_REQUIRE,ruralEnterpriseService.js,10,../database/pool,HIGH
BROKEN_REQUIRE,ruralEnterpriseService.js,11,../utils/logger,HIGH
BROKEN_REQUIRE,ruralEnterpriseService.js,322,../middleware/auth,HIGH
BROKEN_REQUIRE,ruralFinanceService.js,10,../database/pool,HIGH
BROKEN_REQUIRE,ruralFinanceService.js,11,../utils/logger,HIGH
BROKEN_REQUIRE,ruralFinanceService.js,174,../middleware/auth,HIGH
BROKEN_REQUIRE,seedVaultService.js,10,../database/pool,HIGH
BROKEN_REQUIRE,sellerRankingService.js,27,../database/pool,HIGH
BROKEN_REQUIRE,sharedInfraService.js,34,../utils/logger,HIGH
BROKEN_REQUIRE,sharedInfraService.js,36,../middleware/auth,HIGH
BROKEN_REQUIRE,sharedInfraService.js,37,../database/pool,HIGH
BROKEN_REQUIRE,sharedInfrastructureService.js,16,../database/pool,HIGH
BROKEN_REQUIRE,sharedInfrastructureService.js,17,../utils/logger,HIGH
BROKEN_REQUIRE,sharedInfrastructureService.js,398,../middleware/auth,HIGH
BROKEN_REQUIRE,sheepService.js,23,../utils/logger,HIGH
BROKEN_REQUIRE,sheepService.js,24,../database/connection,HIGH
BROKEN_REQUIRE,sheepService.js,25,../core/signalBus,HIGH
BROKEN_REQUIRE,shelfLifeService.js,9,../utils/logger,HIGH
BROKEN_REQUIRE,shelfLifeService.js,10,../middleware/auth,HIGH
BROKEN_REQUIRE,shelfLifeService.js,12,../core/signalBus,HIGH
BROKEN_REQUIRE,shelfLifeService.js,18,../database/pool,HIGH
BROKEN_REQUIRE,smsAuthService.js,7,../utils/logger,HIGH
BROKEN_REQUIRE,smsAuthService.js,8,../database/connection,HIGH
BROKEN_REQUIRE,smsAuthService.js,482,../middleware/rateLimiter,HIGH
BROKEN_REQUIRE,soilTestingService.js,6,../utils/logger,HIGH
BROKEN_REQUIRE,soilTestingService.js,8,../middleware/auth,HIGH
BROKEN_REQUIRE,soilTestingService.js,9,../database/connection,HIGH
BROKEN_REQUIRE,subsidyService.js,7,../utils/logger,HIGH
BROKEN_REQUIRE,subsidyService.js,9,../middleware/auth,HIGH
BROKEN_REQUIRE,systemAdministrationService.js,12,../database/connection,HIGH
BROKEN_REQUIRE,systemAdministrationService.js,15,../utils/logger,HIGH
BROKEN_REQUIRE,tenantManagementService.js,12,../database/connection,HIGH
BROKEN_REQUIRE,tenantManagementService.js,15,../utils/logger,HIGH
BROKEN_REQUIRE,unifiedLedgerService.js,19,../database/pool,HIGH
BROKEN_REQUIRE,unifiedLedgerService.js,20,../utils/logger,HIGH
BROKEN_REQUIRE,unifiedLedgerService.js,21,../utils/signalBus,HIGH
BROKEN_REQUIRE,userManagementService.js,7,../utils/logger,HIGH
BROKEN_REQUIRE,userManagementService.js,8,../database/connection,HIGH
BROKEN_REQUIRE,v42IntelligenceService.js,15,../database/connection,HIGH
BROKEN_REQUIRE,v42IntelligenceService.js,16,../middleware/auth,HIGH
BROKEN_REQUIRE,v42IntelligenceService.js,17,../middleware/admin,HIGH
BROKEN_REQUIRE,v42IntelligenceService.js,18,../utils/logger,HIGH
BROKEN_REQUIRE,valueCommerceService.js,8,../utils/logger,HIGH
BROKEN_REQUIRE,valueCommerceService.js,9,../middleware/auth,HIGH
BROKEN_REQUIRE,valueCommerceService.js,60,../database/pool,HIGH
BROKEN_REQUIRE,villageProfileService.js,10,../database/pool,HIGH
BROKEN_REQUIRE,villageProfileService.js,11,../utils/logger,HIGH
BROKEN_REQUIRE,villageProfileService.js,278,../middleware/auth,HIGH
BROKEN_REQUIRE,voiceAIService.js,8,../utils/logger,HIGH
BROKEN_REQUIRE,voiceAIService.js,9,../middleware/auth,HIGH
BROKEN_REQUIRE,voiceAIService.js,15,../database/pool,HIGH
BROKEN_REQUIRE,weatherService.js,18,../database/pool,HIGH
BROKEN_REQUIRE,weatherService.js,19,../utils/logger,HIGH
BROKEN_REQUIRE,weatherService.js,20,../core/signalBus,HIGH
BROKEN_REQUIRE,whatsappService.js,35,../utils/logger,HIGH
BROKEN_REQUIRE,whatsappService.js,36,../database/pool,HIGH
BROKEN_REQUIRE,wikipediaService.js,24,../utils/logger,HIGH
BROKEN_REQUIRE,analyticsService.test.js,1,../services/analyticsService,HIGH
BROKEN_REQUIRE,arVrService.test.js,6,../index,HIGH
BROKEN_REQUIRE,blockchainTraceabilityService.test.js,6,../index,HIGH
BROKEN_REQUIRE,consumerHealthService.test.js,6,../index,HIGH
BROKEN_REQUIRE,conversationalAIService.test.js,6,../index,HIGH
BROKEN_REQUIRE,decisionEngine.test.js,9,../core/signalBus,HIGH
BROKEN_REQUIRE,decisionEngine.test.js,10,../core/decisionEngine,HIGH
BROKEN_REQUIRE,decisionSupport.test.js,10,../core/mcda,HIGH
BROKEN_REQUIRE,decisionSupport.test.js,11,../services/decisionSupportService,HIGH
BROKEN_REQUIRE,enterpriseControl.test.js,10,../core/erpAgents,HIGH
BROKEN_REQUIRE,enterpriseControl.test.js,11,../services/enterpriseControlService,HIGH
BROKEN_REQUIRE,enterpriseControl.test.js,12,../core/signalBus,HIGH
BROKEN_REQUIRE,foodIntelligenceService.test.js,6,../index,HIGH
BROKEN_REQUIRE,formService.test.js,3,../services/formService,HIGH
BROKEN_REQUIRE,geo.test.js,10,../utils/geo,HIGH
BROKEN_REQUIRE,giIntelligenceService.test.js,6,../index,HIGH
BROKEN_REQUIRE,iotIntegrationService.test.js,6,../index,HIGH
BROKEN_REQUIRE,knowledgeGraphService.test.js,6,../index,HIGH
BROKEN_REQUIRE,laboratoryERPService.test.js,6,../index,HIGH
BROKEN_REQUIRE,moduleCatalogService.test.js,1,../services/moduleCatalogService,HIGH
BROKEN_REQUIRE,multilingualService.test.js,6,../index,HIGH
BROKEN_REQUIRE,nutritionIntelligenceService.test.js,6,../index,HIGH
BROKEN_REQUIRE,organicTraceabilityService.test.js,6,../index,HIGH
BROKEN_REQUIRE,predictiveAnalyticsService.test.js,6,../index,HIGH
BROKEN_REQUIRE,statistics.test.js,9,../utils/statistics,HIGH
BROKEN_REQUIRE,valueCommerceService.test.js,6,../index,HIGH
BROKEN_REQUIRE,voiceAIService.test.js,6,../index,HIGH
BROKEN_REQUIRE,signalBus.js,10,../core/signalBus,HIGH
BROKEN_REQUIRE,socketServer.js,7,../utils/logger,HIGH
BROKEN_REQUIRE,socketServer.js,8,../middleware/auth,HIGH
POTENTIALLY_BROKEN_URL,digitalProductPassportService.js,947,      verification_url: `${process.env.BASE_URL || 'http://localhost:3001'}/verify/${product_id}/${batch_id}`,MEDIUM
POTENTIALLY_BROKEN_URL,inputValidation.test.js,117,      const result2 = validateSchema({ website: 'https://afrera.com' }, schema);,MEDIUM
POTENTIALLY_BROKEN_URL,farmerPortal.test.js,35,    const loginResponse = await request('http://localhost:3001'),MEDIUM
POTENTIALLY_BROKEN_URL,farmerPortal.test.js,49,      const response = await request('http://localhost:3001'),MEDIUM
POTENTIALLY_BROKEN_URL,farmerPortal.test.js,72,      const response = await request('http://localhost:3001'),MEDIUM
POTENTIALLY_BROKEN_URL,farmerPortal.test.js,82,      const response = await request('http://localhost:3001'),MEDIUM
POTENTIALLY_BROKEN_URL,farmerPortal.test.js,97,      const response = await request('http://localhost:3001'),MEDIUM
POTENTIALLY_BROKEN_URL,farmerPortal.test.js,118,      const response = await request('http://localhost:3001'),MEDIUM
POTENTIALLY_BROKEN_URL,farmerPortal.test.js,128,      const response = await request('http://localhost:3001'),MEDIUM
POTENTIALLY_BROKEN_URL,farmerPortal.test.js,142,      const response = await request('http://localhost:3001'),MEDIUM
POTENTIALLY_BROKEN_URL,farmerPortal.test.js,152,      const response = await request('http://localhost:3001'),MEDIUM
POTENTIALLY_BROKEN_URL,farmerPortal.test.js,167,      const response = await request('http://localhost:3001'),MEDIUM
POTENTIALLY_BROKEN_URL,insurance.test.js,28,    const loginResponse = await request('http://localhost:3001'),MEDIUM
POTENTIALLY_BROKEN_URL,insurance.test.js,41,      const response = await request('http://localhost:3001'),MEDIUM
POTENTIALLY_BROKEN_URL,insurance.test.js,60,      const response = await request('http://localhost:3001'),MEDIUM
POTENTIALLY_BROKEN_URL,insurance.test.js,79,      const response = await request('http://localhost:3001'),MEDIUM
POTENTIALLY_BROKEN_URL,insurance.test.js,100,      const response = await request('http://localhost:3001'),MEDIUM
POTENTIALLY_BROKEN_URL,insurance.test.js,121,      const response = await request('http://localhost:3001'),MEDIUM
POTENTIALLY_BROKEN_URL,insurance.test.js,131,      const response = await request('http://localhost:3001'),MEDIUM
POTENTIALLY_BROKEN_URL,insurance.test.js,157,      const response = await request('http://localhost:3001'),MEDIUM
POTENTIALLY_BROKEN_URL,insurance.test.js,168,      const response = await request('http://localhost:3001'),MEDIUM
POTENTIALLY_BROKEN_URL,marketplace.test.js,40,    const loginResponse = await request('http://localhost:3001'),MEDIUM
POTENTIALLY_BROKEN_URL,marketplace.test.js,55,      const response = await request('http://localhost:3001'),MEDIUM
POTENTIALLY_BROKEN_URL,marketplace.test.js,75,      const response = await request('http://localhost:3001'),MEDIUM
POTENTIALLY_BROKEN_URL,marketplace.test.js,93,      const response = await request('http://localhost:3001'),MEDIUM
POTENTIALLY_BROKEN_URL,marketplace.test.js,105,      const response = await request('http://localhost:3001'),MEDIUM
POTENTIALLY_BROKEN_URL,marketplace.test.js,121,      const response = await request('http://localhost:3001'),MEDIUM
POTENTIALLY_BROKEN_URL,marketplace.test.js,130,      const response = await request('http://localhost:3001'),MEDIUM
POTENTIALLY_BROKEN_URL,marketplace.test.js,140,      const reviewResponse = await request('http://localhost:3001'),MEDIUM
POTENTIALLY_BROKEN_URL,marketplace.test.js,152,      const response = await request('http://localhost:3001'),MEDIUM
POTENTIALLY_BROKEN_URL,marketplace.test.js,163,      const response = await request('http://localhost:3001'),MEDIUM
POTENTIALLY_BROKEN_URL,marketplace.test.js,182,      const response = await request('http://localhost:3001'),MEDIUM
POTENTIALLY_BROKEN_URL,marketplace.test.js,192,      const response = await request('http://localhost:3001'),MEDIUM
POTENTIALLY_BROKEN_URL,index.js,313,    origin: process.env.FRONTEND_URL || 'http://localhost:3000',,MEDIUM
POTENTIALLY_BROKEN_URL,index.js,334,  origin: process.env.FRONTEND_URL || 'http://localhost:3000',,MEDIUM
POTENTIALLY_BROKEN_URL,index.js,878,    logger.info(`API Gateway: http://localhost:${PORT}/api/v1`);,MEDIUM
POTENTIALLY_BROKEN_URL,api.js,3,const API_BASE_URL = import.meta.env.VITE_API_URL || 'http://localhost:3001/api/v1',MEDIUM
