"RouterFile","MountCount","Prefixes","SemanticRole","PathClass"
"C:\Users\DIYA GOEL\Downloads\EBDESIGN\backend\src\modules\M001\routes.js","1","/api/v1/backend-modules/M001","ROUTE","PRODUCTION_OR_REVIEW"
"C:\Users\DIYA GOEL\Downloads\EBDESIGN\backend\src\modules\M002\routes.js","1","/api/v1/backend-modules/M002","ROUTE","PRODUCTION_OR_REVIEW"
"C:\Users\DIYA GOEL\Downloads\EBDESIGN\backend\src\modules\M003\routes.js","1","/api/v1/backend-modules/M003","ROUTE","PRODUCTION_OR_REVIEW"
"C:\Users\DIYA GOEL\Downloads\EBDESIGN\backend\src\modules\M004\routes.js","1","/api/v1/backend-modules/M004","ROUTE","PRODUCTION_OR_REVIEW"
"C:\Users\DIYA GOEL\Downloads\EBDESIGN\backend\src\modules\M005\routes.js","1","/api/v1/backend-modules/M005","ROUTE","PRODUCTION_OR_REVIEW"
"C:\Users\DIYA GOEL\Downloads\EBDESIGN\backend\src\modules\M006\routes.js","1","/api/v1/backend-modules/M006","ROUTE","PRODUCTION_OR_REVIEW"
"C:\Users\DIYA GOEL\Downloads\EBDESIGN\backend\src\modules\M007\routes.js","1","/api/v1/backend-modules/M007","ROUTE","PRODUCTION_OR_REVIEW"
"C:\Users\DIYA GOEL\Downloads\EBDESIGN\backend\src\modules\M008\routes.js","1","/api/v1/backend-modules/M008","ROUTE","PRODUCTION_OR_REVIEW"
"C:\Users\DIYA GOEL\Downloads\EBDESIGN\backend\src\modules\M009\routes.js","1","/api/v1/backend-modules/M009","ROUTE","PRODUCTION_OR_REVIEW"
"C:\Users\DIYA GOEL\Downloads\EBDESIGN\backend\src\modules\M010\routes.js","1","/api/v1/backend-modules/M010","ROUTE","PRODUCTION_OR_REVIEW"
"C:\Users\DIYA GOEL\Downloads\EBDESIGN\backend\src\modules\M011\routes.js","1","/api/v1/backend-modules/M011","ROUTE","PRODUCTION_OR_REVIEW"
"C:\Users\DIYA GOEL\Downloads\EBDESIGN\backend\src\modules\M012\routes.js","1","/api/v1/backend-modules/M012","ROUTE","PRODUCTION_OR_REVIEW"
"C:\Users\DIYA GOEL\Downloads\EBDESIGN\backend\src\modules\M013\routes.js","1","/api/v1/backend-modules/M013","ROUTE","PRODUCTION_OR_REVIEW"
"C:\Users\DIYA GOEL\Downloads\EBDESIGN\backend\src\modules\M014\routes.js","1","/api/v1/backend-modules/M014","ROUTE","PRODUCTION_OR_REVIEW"
"C:\Users\DIYA GOEL\Downloads\EBDESIGN\backend\src\modules\M015\routes.js","1","/api/v1/backend-modules/M015","ROUTE","PRODUCTION_OR_REVIEW"
"C:\Users\DIYA GOEL\Downloads\EBDESIGN\backend\src\modules\M016\routes.js","1","/api/v1/backend-modules/M016","ROUTE","PRODUCTION_OR_REVIEW"
"C:\Users\DIYA GOEL\Downloads\EBDESIGN\backend\src\modules\M017\routes.js","1","/api/v1/backend-modules/M017","ROUTE","PRODUCTION_OR_REVIEW"
"C:\Users\DIYA GOEL\Downloads\EBDESIGN\backend\src\modules\M018\routes.js","1","/api/v1/backend-modules/M018","ROUTE","PRODUCTION_OR_REVIEW"
"C:\Users\DIYA GOEL\Downloads\EBDESIGN\backend\src\modules\M019\routes.js","1","/api/v1/backend-modules/M019","ROUTE","PRODUCTION_OR_REVIEW"
"C:\Users\DIYA GOEL\Downloads\EBDESIGN\backend\src\modules\M020\routes.js","1","/api/v1/backend-modules/M020","ROUTE","PRODUCTION_OR_REVIEW"
"C:\Users\DIYA GOEL\Downloads\EBDESIGN\backend\src\modules\M021\routes.js","1","/api/v1/backend-modules/M021","ROUTE","PRODUCTION_OR_REVIEW"
"C:\Users\DIYA GOEL\Downloads\EBDESIGN\backend\src\modules\M022\routes.js","1","/api/v1/backend-modules/M022","ROUTE","PRODUCTION_OR_REVIEW"
"C:\Users\DIYA GOEL\Downloads\EBDESIGN\backend\src\modules\M023\routes.js","1","/api/v1/backend-modules/M023","ROUTE","PRODUCTION_OR_REVIEW"
"C:\Users\DIYA GOEL\Downloads\EBDESIGN\backend\src\modules\M024\routes.js","1","/api/v1/backend-modules/M024","ROUTE","PRODUCTION_OR_REVIEW"
"C:\Users\DIYA GOEL\Downloads\EBDESIGN\backend\src\modules\M025\routes.js","1","/api/v1/backend-modules/M025","ROUTE","PRODUCTION_OR_REVIEW"
"C:\Users\DIYA GOEL\Downloads\EBDESIGN\backend\src\modules\M026\routes.js","1","/api/v1/backend-modules/M026","ROUTE","PRODUCTION_OR_REVIEW"
"C:\Users\DIYA GOEL\Downloads\EBDESIGN\backend\src\modules\M027\routes.js","1","/api/v1/backend-modules/M027","ROUTE","PRODUCTION_OR_REVIEW"
"C:\Users\DIYA GOEL\Downloads\EBDESIGN\backend\src\modules\M028\routes.js","1","/api/v1/backend-modules/M028","ROUTE","PRODUCTION_OR_REVIEW"
"C:\Users\DIYA GOEL\Downloads\EBDESIGN\backend\src\modules\M029\routes.js","1","/api/v1/backend-modules/M029","ROUTE","PRODUCTION_OR_REVIEW"
"C:\Users\DIYA GOEL\Downloads\EBDESIGN\backend\src\modules\M030\routes.js","1","/api/v1/backend-modules/M030","ROUTE","PRODUCTION_OR_REVIEW"
"C:\Users\DIYA GOEL\Downloads\EBDESIGN\backend\src\modules\M031\routes.js","1","/api/v1/backend-modules/M031","ROUTE","PRODUCTION_OR_REVIEW"
"C:\Users\DIYA GOEL\Downloads\EBDESIGN\backend\src\modules\M032\routes.js","1","/api/v1/backend-modules/M032","ROUTE","PRODUCTION_OR_REVIEW"
"C:\Users\DIYA GOEL\Downloads\EBDESIGN\backend\src\modules\M033\routes.js","1","/api/v1/backend-modules/M033","ROUTE","PRODUCTION_OR_REVIEW"
"C:\Users\DIYA GOEL\Downloads\EBDESIGN\backend\src\modules\M034\routes.js","1","/api/v1/backend-modules/M034","ROUTE","PRODUCTION_OR_REVIEW"
"C:\Users\DIYA GOEL\Downloads\EBDESIGN\backend\src\modules\M035\routes.js","1","/api/v1/backend-modules/M035","ROUTE","PRODUCTION_OR_REVIEW"
"C:\Users\DIYA GOEL\Downloads\EBDESIGN\backend\src\modules\M036\routes.js","1","/api/v1/backend-modules/M036","ROUTE","PRODUCTION_OR_REVIEW"
"C:\Users\DIYA GOEL\Downloads\EBDESIGN\backend\src\modules\M037\routes.js","1","/api/v1/backend-modules/M037","ROUTE","PRODUCTION_OR_REVIEW"
"C:\Users\DIYA GOEL\Downloads\EBDESIGN\backend\src\modules\M038\routes.js","1","/api/v1/backend-modules/M038","ROUTE","PRODUCTION_OR_REVIEW"
"C:\Users\DIYA GOEL\Downloads\EBDESIGN\backend\src\modules\M039\routes.js","1","/api/v1/backend-modules/M039","ROUTE","PRODUCTION_OR_REVIEW"
"C:\Users\DIYA GOEL\Downloads\EBDESIGN\backend\src\modules\M040\routes.js","1","/api/v1/backend-modules/M040","ROUTE","PRODUCTION_OR_REVIEW"
"C:\Users\DIYA GOEL\Downloads\EBDESIGN\backend\src\modules\M041\routes.js","1","/api/v1/backend-modules/M041","ROUTE","PRODUCTION_OR_REVIEW"
"C:\Users\DIYA GOEL\Downloads\EBDESIGN\backend\src\modules\M042\routes.js","1","/api/v1/backend-modules/M042","ROUTE","PRODUCTION_OR_REVIEW"
"C:\Users\DIYA GOEL\Downloads\EBDESIGN\backend\src\modules\M043\routes.js","1","/api/v1/backend-modules/M043","ROUTE","PRODUCTION_OR_REVIEW"
"C:\Users\DIYA GOEL\Downloads\EBDESIGN\backend\src\modules\M044\routes.js","1","/api/v1/backend-modules/M044","ROUTE","PRODUCTION_OR_REVIEW"
"C:\Users\DIYA GOEL\Downloads\EBDESIGN\backend\src\modules\M045\routes.js","1","/api/v1/backend-modules/M045","ROUTE","PRODUCTION_OR_REVIEW"
"C:\Users\DIYA GOEL\Downloads\EBDESIGN\backend\src\modules\M046\routes.js","1","/api/v1/backend-modules/M046","ROUTE","PRODUCTION_OR_REVIEW"
"C:\Users\DIYA GOEL\Downloads\EBDESIGN\backend\src\modules\M047\routes.js","1","/api/v1/backend-modules/M047","ROUTE","PRODUCTION_OR_REVIEW"
"C:\Users\DIYA GOEL\Downloads\EBDESIGN\backend\src\modules\M048\routes.js","1","/api/v1/backend-modules/M048","ROUTE","PRODUCTION_OR_REVIEW"
"C:\Users\DIYA GOEL\Downloads\EBDESIGN\backend\src\modules\M049\routes.js","1","/api/v1/backend-modules/M049","ROUTE","PRODUCTION_OR_REVIEW"
"C:\Users\DIYA GOEL\Downloads\EBDESIGN\backend\src\modules\M050\routes.js","1","/api/v1/backend-modules/M050","ROUTE","PRODUCTION_OR_REVIEW"
"C:\Users\DIYA GOEL\Downloads\EBDESIGN\backend\src\modules\M051\routes.js","1","/api/v1/backend-modules/M051","ROUTE","PRODUCTION_OR_REVIEW"
"C:\Users\DIYA GOEL\Downloads\EBDESIGN\backend\src\modules\M052\routes.js","1","/api/v1/backend-modules/M052","ROUTE","PRODUCTION_OR_REVIEW"
"C:\Users\DIYA GOEL\Downloads\EBDESIGN\backend\src\modules\M053\routes.js","1","/api/v1/backend-modules/M053","ROUTE","PRODUCTION_OR_REVIEW"
"C:\Users\DIYA GOEL\Downloads\EBDESIGN\backend\src\modules\M054\routes.js","1","/api/v1/backend-modules/M054","ROUTE","PRODUCTION_OR_REVIEW"
"C:\Users\DIYA GOEL\Downloads\EBDESIGN\backend\src\modules\M055\routes.js","1","/api/v1/backend-modules/M055","ROUTE","PRODUCTION_OR_REVIEW"
"C:\Users\DIYA GOEL\Downloads\EBDESIGN\backend\src\modules\M056\routes.js","1","/api/v1/backend-modules/M056","ROUTE","PRODUCTION_OR_REVIEW"
"C:\Users\DIYA GOEL\Downloads\EBDESIGN\backend\src\modules\M057\routes.js","1","/api/v1/backend-modules/M057","ROUTE","PRODUCTION_OR_REVIEW"
"C:\Users\DIYA GOEL\Downloads\EBDESIGN\backend\src\modules\M058\routes.js","1","/api/v1/backend-modules/M058","ROUTE","PRODUCTION_OR_REVIEW"
"C:\Users\DIYA GOEL\Downloads\EBDESIGN\backend\src\modules\M059\routes.js","1","/api/v1/backend-modules/M059","ROUTE","PRODUCTION_OR_REVIEW"
"C:\Users\DIYA GOEL\Downloads\EBDESIGN\backend\src\modules\M060\routes.js","1","/api/v1/backend-modules/M060","ROUTE","PRODUCTION_OR_REVIEW"
"C:\Users\DIYA GOEL\Downloads\EBDESIGN\backend\src\modules\M061\routes.js","1","/api/v1/backend-modules/M061","ROUTE","PRODUCTION_OR_REVIEW"
"C:\Users\DIYA GOEL\Downloads\EBDESIGN\backend\src\modules\M062\routes.js","1","/api/v1/backend-modules/M062","ROUTE","PRODUCTION_OR_REVIEW"
"C:\Users\DIYA GOEL\Downloads\EBDESIGN\backend\src\modules\M063\routes.js","1","/api/v1/backend-modules/M063","ROUTE","PRODUCTION_OR_REVIEW"
"C:\Users\DIYA GOEL\Downloads\EBDESIGN\backend\src\modules\M064\routes.js","1","/api/v1/backend-modules/M064","ROUTE","PRODUCTION_OR_REVIEW"
"C:\Users\DIYA GOEL\Downloads\EBDESIGN\backend\src\modules\M065\routes.js","1","/api/v1/backend-modules/M065","ROUTE","PRODUCTION_OR_REVIEW"
"C:\Users\DIYA GOEL\Downloads\EBDESIGN\backend\src\modules\M066\routes.js","1","/api/v1/backend-modules/M066","ROUTE","PRODUCTION_OR_REVIEW"
"C:\Users\DIYA GOEL\Downloads\EBDESIGN\backend\src\modules\M067\routes.js","1","/api/v1/backend-modules/M067","ROUTE","PRODUCTION_OR_REVIEW"
"C:\Users\DIYA GOEL\Downloads\EBDESIGN\backend\src\modules\M068\routes.js","1","/api/v1/backend-modules/M068","ROUTE","PRODUCTION_OR_REVIEW"
"C:\Users\DIYA GOEL\Downloads\EBDESIGN\backend\src\modules\M069\routes.js","1","/api/v1/backend-modules/M069","ROUTE","PRODUCTION_OR_REVIEW"
"C:\Users\DIYA GOEL\Downloads\EBDESIGN\backend\src\modules\M070\routes.js","1","/api/v1/backend-modules/M070","ROUTE","PRODUCTION_OR_REVIEW"
"C:\Users\DIYA GOEL\Downloads\EBDESIGN\backend\src\modules\M071\routes.js","1","/api/v1/backend-modules/M071","ROUTE","PRODUCTION_OR_REVIEW"
"C:\Users\DIYA GOEL\Downloads\EBDESIGN\backend\src\modules\M072\routes.js","1","/api/v1/backend-modules/M072","ROUTE","PRODUCTION_OR_REVIEW"
"C:\Users\DIYA GOEL\Downloads\EBDESIGN\backend\src\modules\M073\routes.js","1","/api/v1/backend-modules/M073","ROUTE","PRODUCTION_OR_REVIEW"
"C:\Users\DIYA GOEL\Downloads\EBDESIGN\backend\src\modules\M074\routes.js","1","/api/v1/backend-modules/M074","ROUTE","PRODUCTION_OR_REVIEW"
"C:\Users\DIYA GOEL\Downloads\EBDESIGN\backend\src\modules\M075\routes.js","1","/api/v1/backend-modules/M075","ROUTE","PRODUCTION_OR_REVIEW"
"C:\Users\DIYA GOEL\Downloads\EBDESIGN\backend\src\modules\M076\routes.js","1","/api/v1/backend-modules/M076","ROUTE","PRODUCTION_OR_REVIEW"
"C:\Users\DIYA GOEL\Downloads\EBDESIGN\backend\src\modules\M077\routes.js","1","/api/v1/backend-modules/M077","ROUTE","PRODUCTION_OR_REVIEW"
"C:\Users\DIYA GOEL\Downloads\EBDESIGN\backend\src\modules\M078\routes.js","1","/api/v1/backend-modules/M078","ROUTE","PRODUCTION_OR_REVIEW"
"C:\Users\DIYA GOEL\Downloads\EBDESIGN\backend\src\modules\M079\routes.js","1","/api/v1/backend-modules/M079","ROUTE","PRODUCTION_OR_REVIEW"
"C:\Users\DIYA GOEL\Downloads\EBDESIGN\backend\src\modules\M080\routes.js","1","/api/v1/backend-modules/M080","ROUTE","PRODUCTION_OR_REVIEW"
"C:\Users\DIYA GOEL\Downloads\EBDESIGN\backend\src\modules\M081\routes.js","1","/api/v1/backend-modules/M081","ROUTE","PRODUCTION_OR_REVIEW"
"C:\Users\DIYA GOEL\Downloads\EBDESIGN\backend\src\modules\M082\routes.js","1","/api/v1/backend-modules/M082","ROUTE","PRODUCTION_OR_REVIEW"
"C:\Users\DIYA GOEL\Downloads\EBDESIGN\backend\src\modules\M083\routes.js","1","/api/v1/backend-modules/M083","ROUTE","PRODUCTION_OR_REVIEW"
"C:\Users\DIYA GOEL\Downloads\EBDESIGN\backend\src\modules\M084\routes.js","1","/api/v1/backend-modules/M084","ROUTE","PRODUCTION_OR_REVIEW"
"C:\Users\DIYA GOEL\Downloads\EBDESIGN\backend\src\modules\M085\routes.js","1","/api/v1/backend-modules/M085","ROUTE","PRODUCTION_OR_REVIEW"
"C:\Users\DIYA GOEL\Downloads\EBDESIGN\backend\src\modules\M086\routes.js","1","/api/v1/backend-modules/M086","ROUTE","PRODUCTION_OR_REVIEW"
"C:\Users\DIYA GOEL\Downloads\EBDESIGN\backend\src\modules\M087\routes.js","1","/api/v1/backend-modules/M087","ROUTE","PRODUCTION_OR_REVIEW"
"C:\Users\DIYA GOEL\Downloads\EBDESIGN\backend\src\modules\M088\routes.js","1","/api/v1/backend-modules/M088","ROUTE","PRODUCTION_OR_REVIEW"
"C:\Users\DIYA GOEL\Downloads\EBDESIGN\backend\src\modules\M089\routes.js","1","/api/v1/backend-modules/M089","ROUTE","PRODUCTION_OR_REVIEW"
"C:\Users\DIYA GOEL\Downloads\EBDESIGN\backend\src\modules\M090\routes.js","1","/api/v1/backend-modules/M090","ROUTE","PRODUCTION_OR_REVIEW"
"C:\Users\DIYA GOEL\Downloads\EBDESIGN\backend\src\modules\M091\routes.js","1","/api/v1/backend-modules/M091","ROUTE","PRODUCTION_OR_REVIEW"
"C:\Users\DIYA GOEL\Downloads\EBDESIGN\backend\src\modules\M092\routes.js","1","/api/v1/backend-modules/M092","ROUTE","PRODUCTION_OR_REVIEW"
"C:\Users\DIYA GOEL\Downloads\EBDESIGN\backend\src\modules\M093\routes.js","1","/api/v1/backend-modules/M093","ROUTE","PRODUCTION_OR_REVIEW"
"C:\Users\DIYA GOEL\Downloads\EBDESIGN\backend\src\modules\M094\routes.js","1","/api/v1/backend-modules/M094","ROUTE","PRODUCTION_OR_REVIEW"
"C:\Users\DIYA GOEL\Downloads\EBDESIGN\backend\src\modules\M095\routes.js","1","/api/v1/backend-modules/M095","ROUTE","PRODUCTION_OR_REVIEW"
"C:\Users\DIYA GOEL\Downloads\EBDESIGN\backend\src\modules\M096\routes.js","1","/api/v1/backend-modules/M096","ROUTE","PRODUCTION_OR_REVIEW"
"C:\Users\DIYA GOEL\Downloads\EBDESIGN\backend\src\modules\M097\routes.js","1","/api/v1/backend-modules/M097","ROUTE","PRODUCTION_OR_REVIEW"
"C:\Users\DIYA GOEL\Downloads\EBDESIGN\backend\src\modules\M098\routes.js","1","/api/v1/backend-modules/M098","ROUTE","PRODUCTION_OR_REVIEW"
"C:\Users\DIYA GOEL\Downloads\EBDESIGN\backend\src\modules\M099\routes.js","1","/api/v1/backend-modules/M099","ROUTE","PRODUCTION_OR_REVIEW"
"C:\Users\DIYA GOEL\Downloads\EBDESIGN\backend\src\modules\M100\routes.js","1","/api/v1/backend-modules/M100","ROUTE","PRODUCTION_OR_REVIEW"
"C:\Users\DIYA GOEL\Downloads\EBDESIGN\backend\src\modules\M101\routes.js","1","/api/v1/backend-modules/M101","ROUTE","PRODUCTION_OR_REVIEW"
"C:\Users\DIYA GOEL\Downloads\EBDESIGN\backend\src\modules\M102\routes.js","1","/api/v1/backend-modules/M102","ROUTE","PRODUCTION_OR_REVIEW"
"C:\Users\DIYA GOEL\Downloads\EBDESIGN\backend\src\modules\M103\routes.js","1","/api/v1/backend-modules/M103","ROUTE","PRODUCTION_OR_REVIEW"
"C:\Users\DIYA GOEL\Downloads\EBDESIGN\backend\src\modules\M104\routes.js","1","/api/v1/backend-modules/M104","ROUTE","PRODUCTION_OR_REVIEW"
"C:\Users\DIYA GOEL\Downloads\EBDESIGN\backend\src\modules\M105\routes.js","1","/api/v1/backend-modules/M105","ROUTE","PRODUCTION_OR_REVIEW"
"C:\Users\DIYA GOEL\Downloads\EBDESIGN\backend\src\modules\M106\routes.js","1","/api/v1/backend-modules/M106","ROUTE","PRODUCTION_OR_REVIEW"
"C:\Users\DIYA GOEL\Downloads\EBDESIGN\backend\src\modules\M107\routes.js","1","/api/v1/backend-modules/M107","ROUTE","PRODUCTION_OR_REVIEW"
"C:\Users\DIYA GOEL\Downloads\EBDESIGN\backend\src\modules\M108\routes.js","1","/api/v1/backend-modules/M108","ROUTE","PRODUCTION_OR_REVIEW"
"C:\Users\DIYA GOEL\Downloads\EBDESIGN\backend\src\modules\M109\routes.js","1","/api/v1/backend-modules/M109","ROUTE","PRODUCTION_OR_REVIEW"
"C:\Users\DIYA GOEL\Downloads\EBDESIGN\backend\src\modules\M110\routes.js","1","/api/v1/backend-modules/M110","ROUTE","PRODUCTION_OR_REVIEW"
"C:\Users\DIYA GOEL\Downloads\EBDESIGN\backend\src\modules\M111\routes.js","1","/api/v1/backend-modules/M111","ROUTE","PRODUCTION_OR_REVIEW"
"C:\Users\DIYA GOEL\Downloads\EBDESIGN\backend\src\modules\M112\routes.js","1","/api/v1/backend-modules/M112","ROUTE","PRODUCTION_OR_REVIEW"
"C:\Users\DIYA GOEL\Downloads\EBDESIGN\backend\src\modules\M113\routes.js","1","/api/v1/backend-modules/M113","ROUTE","PRODUCTION_OR_REVIEW"
"C:\Users\DIYA GOEL\Downloads\EBDESIGN\backend\src\modules\M114\routes.js","1","/api/v1/backend-modules/M114","ROUTE","PRODUCTION_OR_REVIEW"
"C:\Users\DIYA GOEL\Downloads\EBDESIGN\backend\src\modules\M115\routes.js","1","/api/v1/backend-modules/M115","ROUTE","PRODUCTION_OR_REVIEW"
"C:\Users\DIYA GOEL\Downloads\EBDESIGN\backend\src\modules\M116\routes.js","1","/api/v1/backend-modules/M116","ROUTE","PRODUCTION_OR_REVIEW"
"C:\Users\DIYA GOEL\Downloads\EBDESIGN\backend\src\modules\M117\routes.js","1","/api/v1/backend-modules/M117","ROUTE","PRODUCTION_OR_REVIEW"
"C:\Users\DIYA GOEL\Downloads\EBDESIGN\backend\src\modules\M118\routes.js","1","/api/v1/backend-modules/M118","ROUTE","PRODUCTION_OR_REVIEW"
"C:\Users\DIYA GOEL\Downloads\EBDESIGN\backend\src\modules\M119\routes.js","1","/api/v1/backend-modules/M119","ROUTE","PRODUCTION_OR_REVIEW"
"C:\Users\DIYA GOEL\Downloads\EBDESIGN\backend\src\modules\M120\routes.js","1","/api/v1/backend-modules/M120","ROUTE","PRODUCTION_OR_REVIEW"
"C:\Users\DIYA GOEL\Downloads\EBDESIGN\backend\src\modules\M121\routes.js","1","/api/v1/backend-modules/M121","ROUTE","PRODUCTION_OR_REVIEW"
"C:\Users\DIYA GOEL\Downloads\EBDESIGN\backend\src\modules\M122\routes.js","1","/api/v1/backend-modules/M122","ROUTE","PRODUCTION_OR_REVIEW"
"C:\Users\DIYA GOEL\Downloads\EBDESIGN\backend\src\modules\M123\routes.js","1","/api/v1/backend-modules/M123","ROUTE","PRODUCTION_OR_REVIEW"
"C:\Users\DIYA GOEL\Downloads\EBDESIGN\backend\src\modules\M124\routes.js","1","/api/v1/backend-modules/M124","ROUTE","PRODUCTION_OR_REVIEW"
"C:\Users\DIYA GOEL\Downloads\EBDESIGN\backend\src\modules\M125\routes.js","1","/api/v1/backend-modules/M125","ROUTE","PRODUCTION_OR_REVIEW"
"C:\Users\DIYA GOEL\Downloads\EBDESIGN\backend\src\modules\M126\routes.js","1","/api/v1/backend-modules/M126","ROUTE","PRODUCTION_OR_REVIEW"
"C:\Users\DIYA GOEL\Downloads\EBDESIGN\backend\src\modules\M127\routes.js","1","/api/v1/backend-modules/M127","ROUTE","PRODUCTION_OR_REVIEW"
"C:\Users\DIYA GOEL\Downloads\EBDESIGN\backend\src\modules\M128\routes.js","1","/api/v1/backend-modules/M128","ROUTE","PRODUCTION_OR_REVIEW"
"C:\Users\DIYA GOEL\Downloads\EBDESIGN\backend\src\modules\M129\routes.js","1","/api/v1/backend-modules/M129","ROUTE","PRODUCTION_OR_REVIEW"
"C:\Users\DIYA GOEL\Downloads\EBDESIGN\backend\src\modules\M130\routes.js","1","/api/v1/backend-modules/M130","ROUTE","PRODUCTION_OR_REVIEW"
"C:\Users\DIYA GOEL\Downloads\EBDESIGN\backend\src\modules\M131\routes.js","1","/api/v1/backend-modules/M131","ROUTE","PRODUCTION_OR_REVIEW"
"C:\Users\DIYA GOEL\Downloads\EBDESIGN\backend\src\modules\M132\routes.js","1","/api/v1/backend-modules/M132","ROUTE","PRODUCTION_OR_REVIEW"
"C:\Users\DIYA GOEL\Downloads\EBDESIGN\backend\src\modules\M133\routes.js","1","/api/v1/backend-modules/M133","ROUTE","PRODUCTION_OR_REVIEW"
"C:\Users\DIYA GOEL\Downloads\EBDESIGN\backend\src\modules\M134\routes.js","1","/api/v1/backend-modules/M134","ROUTE","PRODUCTION_OR_REVIEW"
"C:\Users\DIYA GOEL\Downloads\EBDESIGN\backend\src\modules\M135\routes.js","1","/api/v1/backend-modules/M135","ROUTE","PRODUCTION_OR_REVIEW"
"C:\Users\DIYA GOEL\Downloads\EBDESIGN\backend\src\modules\M136\routes.js","1","/api/v1/backend-modules/M136","ROUTE","PRODUCTION_OR_REVIEW"
"C:\Users\DIYA GOEL\Downloads\EBDESIGN\backend\src\modules\M137\routes.js","1","/api/v1/backend-modules/M137","ROUTE","PRODUCTION_OR_REVIEW"
"C:\Users\DIYA GOEL\Downloads\EBDESIGN\backend\src\modules\M138\routes.js","1","/api/v1/backend-modules/M138","ROUTE","PRODUCTION_OR_REVIEW"
"C:\Users\DIYA GOEL\Downloads\EBDESIGN\backend\src\modules\M139\routes.js","1","/api/v1/backend-modules/M139","ROUTE","PRODUCTION_OR_REVIEW"
"C:\Users\DIYA GOEL\Downloads\EBDESIGN\backend\src\modules\M140\routes.js","1","/api/v1/backend-modules/M140","ROUTE","PRODUCTION_OR_REVIEW"
"C:\Users\DIYA GOEL\Downloads\EBDESIGN\backend\src\modules\M141\routes.js","1","/api/v1/backend-modules/M141","ROUTE","PRODUCTION_OR_REVIEW"
"C:\Users\DIYA GOEL\Downloads\EBDESIGN\backend\src\modules\M142\routes.js","1","/api/v1/backend-modules/M142","ROUTE","PRODUCTION_OR_REVIEW"
"C:\Users\DIYA GOEL\Downloads\EBDESIGN\backend\src\modules\M143\routes.js","1","/api/v1/backend-modules/M143","ROUTE","PRODUCTION_OR_REVIEW"
"C:\Users\DIYA GOEL\Downloads\EBDESIGN\backend\src\modules\M144\routes.js","1","/api/v1/backend-modules/M144","ROUTE","PRODUCTION_OR_REVIEW"
"C:\Users\DIYA GOEL\Downloads\EBDESIGN\backend\src\modules\M145\routes.js","1","/api/v1/backend-modules/M145","ROUTE","PRODUCTION_OR_REVIEW"
"C:\Users\DIYA GOEL\Downloads\EBDESIGN\backend\src\modules\M146\routes.js","1","/api/v1/backend-modules/M146","ROUTE","PRODUCTION_OR_REVIEW"
"C:\Users\DIYA GOEL\Downloads\EBDESIGN\backend\src\modules\M147\routes.js","1","/api/v1/backend-modules/M147","ROUTE","PRODUCTION_OR_REVIEW"
"C:\Users\DIYA GOEL\Downloads\EBDESIGN\backend\src\modules\M148\routes.js","1","/api/v1/backend-modules/M148","ROUTE","PRODUCTION_OR_REVIEW"
"C:\Users\DIYA GOEL\Downloads\EBDESIGN\backend\src\modules\M149\routes.js","1","/api/v1/backend-modules/M149","ROUTE","PRODUCTION_OR_REVIEW"
"C:\Users\DIYA GOEL\Downloads\EBDESIGN\backend\src\modules\M150\routes.js","1","/api/v1/backend-modules/M150","ROUTE","PRODUCTION_OR_REVIEW"
"C:\Users\DIYA GOEL\Downloads\EBDESIGN\backend\src\modules\M151\routes.js","1","/api/v1/backend-modules/M151","ROUTE","PRODUCTION_OR_REVIEW"
"C:\Users\DIYA GOEL\Downloads\EBDESIGN\backend\src\modules\M152\routes.js","1","/api/v1/backend-modules/M152","ROUTE","PRODUCTION_OR_REVIEW"
"C:\Users\DIYA GOEL\Downloads\EBDESIGN\backend\src\modules\M153\routes.js","1","/api/v1/backend-modules/M153","ROUTE","PRODUCTION_OR_REVIEW"
"C:\Users\DIYA GOEL\Downloads\EBDESIGN\backend\src\modules\M154\routes.js","1","/api/v1/backend-modules/M154","ROUTE","PRODUCTION_OR_REVIEW"
"C:\Users\DIYA GOEL\Downloads\EBDESIGN\backend\src\modules\M155\routes.js","1","/api/v1/backend-modules/M155","ROUTE","PRODUCTION_OR_REVIEW"
"C:\Users\DIYA GOEL\Downloads\EBDESIGN\backend\src\modules\M156\routes.js","1","/api/v1/backend-modules/M156","ROUTE","PRODUCTION_OR_REVIEW"
"C:\Users\DIYA GOEL\Downloads\EBDESIGN\backend\src\modules\M157\routes.js","1","/api/v1/backend-modules/M157","ROUTE","PRODUCTION_OR_REVIEW"
"C:\Users\DIYA GOEL\Downloads\EBDESIGN\backend\src\modules\M158\routes.js","1","/api/v1/backend-modules/M158","ROUTE","PRODUCTION_OR_REVIEW"
"C:\Users\DIYA GOEL\Downloads\EBDESIGN\backend\src\modules\M159\routes.js","1","/api/v1/backend-modules/M159","ROUTE","PRODUCTION_OR_REVIEW"
"C:\Users\DIYA GOEL\Downloads\EBDESIGN\backend\src\modules\M160\routes.js","1","/api/v1/backend-modules/M160","ROUTE","PRODUCTION_OR_REVIEW"
"C:\Users\DIYA GOEL\Downloads\EBDESIGN\backend\src\modules\M161\routes.js","1","/api/v1/backend-modules/M161","ROUTE","PRODUCTION_OR_REVIEW"
"C:\Users\DIYA GOEL\Downloads\EBDESIGN\backend\src\modules\M162\routes.js","1","/api/v1/backend-modules/M162","ROUTE","PRODUCTION_OR_REVIEW"
"C:\Users\DIYA GOEL\Downloads\EBDESIGN\backend\src\modules\M163\routes.js","1","/api/v1/backend-modules/M163","ROUTE","PRODUCTION_OR_REVIEW"
"C:\Users\DIYA GOEL\Downloads\EBDESIGN\backend\src\modules\M164\routes.js","1","/api/v1/backend-modules/M164","ROUTE","PRODUCTION_OR_REVIEW"
"C:\Users\DIYA GOEL\Downloads\EBDESIGN\backend\src\modules\M165\routes.js","1","/api/v1/backend-modules/M165","ROUTE","PRODUCTION_OR_REVIEW"
"C:\Users\DIYA GOEL\Downloads\EBDESIGN\backend\src\modules\M166\routes.js","1","/api/v1/backend-modules/M166","ROUTE","PRODUCTION_OR_REVIEW"
"C:\Users\DIYA GOEL\Downloads\EBDESIGN\backend\src\modules\M167\routes.js","1","/api/v1/backend-modules/M167","ROUTE","PRODUCTION_OR_REVIEW"
"C:\Users\DIYA GOEL\Downloads\EBDESIGN\backend\src\modules\M168\routes.js","1","/api/v1/backend-modules/M168","ROUTE","PRODUCTION_OR_REVIEW"
"C:\Users\DIYA GOEL\Downloads\EBDESIGN\backend\src\modules\M169\routes.js","1","/api/v1/backend-modules/M169","ROUTE","PRODUCTION_OR_REVIEW"
"C:\Users\DIYA GOEL\Downloads\EBDESIGN\backend\src\modules\M170\routes.js","1","/api/v1/backend-modules/M170","ROUTE","PRODUCTION_OR_REVIEW"
"C:\Users\DIYA GOEL\Downloads\EBDESIGN\backend\src\modules\M171\routes.js","1","/api/v1/backend-modules/M171","ROUTE","PRODUCTION_OR_REVIEW"
"C:\Users\DIYA GOEL\Downloads\EBDESIGN\backend\src\modules\M172\routes.js","1","/api/v1/backend-modules/M172","ROUTE","PRODUCTION_OR_REVIEW"
"C:\Users\DIYA GOEL\Downloads\EBDESIGN\backend\src\modules\M173\routes.js","1","/api/v1/backend-modules/M173","ROUTE","PRODUCTION_OR_REVIEW"
"C:\Users\DIYA GOEL\Downloads\EBDESIGN\backend\src\modules\M174\routes.js","1","/api/v1/backend-modules/M174","ROUTE","PRODUCTION_OR_REVIEW"
"C:\Users\DIYA GOEL\Downloads\EBDESIGN\backend\src\modules\M175\routes.js","1","/api/v1/backend-modules/M175","ROUTE","PRODUCTION_OR_REVIEW"
"C:\Users\DIYA GOEL\Downloads\EBDESIGN\backend\src\modules\M176\routes.js","1","/api/v1/backend-modules/M176","ROUTE","PRODUCTION_OR_REVIEW"
"C:\Users\DIYA GOEL\Downloads\EBDESIGN\backend\src\modules\M177\routes.js","1","/api/v1/backend-modules/M177","ROUTE","PRODUCTION_OR_REVIEW"
"C:\Users\DIYA GOEL\Downloads\EBDESIGN\backend\src\modules\M178\routes.js","1","/api/v1/backend-modules/M178","ROUTE","PRODUCTION_OR_REVIEW"
"C:\Users\DIYA GOEL\Downloads\EBDESIGN\backend\src\modules\M179\routes.js","1","/api/v1/backend-modules/M179","ROUTE","PRODUCTION_OR_REVIEW"
"C:\Users\DIYA GOEL\Downloads\EBDESIGN\backend\src\modules\M180\routes.js","1","/api/v1/backend-modules/M180","ROUTE","PRODUCTION_OR_REVIEW"
"C:\Users\DIYA GOEL\Downloads\EBDESIGN\backend\src\modules\M181\routes.js","1","/api/v1/backend-modules/M181","ROUTE","PRODUCTION_OR_REVIEW"
"C:\Users\DIYA GOEL\Downloads\EBDESIGN\backend\src\modules\M182\routes.js","1","/api/v1/backend-modules/M182","ROUTE","PRODUCTION_OR_REVIEW"
"C:\Users\DIYA GOEL\Downloads\EBDESIGN\backend\src\modules\M183\routes.js","1","/api/v1/backend-modules/M183","ROUTE","PRODUCTION_OR_REVIEW"
"C:\Users\DIYA GOEL\Downloads\EBDESIGN\backend\src\modules\M184\routes.js","1","/api/v1/backend-modules/M184","ROUTE","PRODUCTION_OR_REVIEW"
"C:\Users\DIYA GOEL\Downloads\EBDESIGN\backend\src\modules\M185\routes.js","1","/api/v1/backend-modules/M185","ROUTE","PRODUCTION_OR_REVIEW"
"C:\Users\DIYA GOEL\Downloads\EBDESIGN\backend\src\modules\M186\routes.js","1","/api/v1/backend-modules/M186","ROUTE","PRODUCTION_OR_REVIEW"
"C:\Users\DIYA GOEL\Downloads\EBDESIGN\backend\src\modules\M187\routes.js","1","/api/v1/backend-modules/M187","ROUTE","PRODUCTION_OR_REVIEW"
"C:\Users\DIYA GOEL\Downloads\EBDESIGN\backend\src\modules\M188\routes.js","1","/api/v1/backend-modules/M188","ROUTE","PRODUCTION_OR_REVIEW"
"C:\Users\DIYA GOEL\Downloads\EBDESIGN\backend\src\modules\M189\routes.js","1","/api/v1/backend-modules/M189","ROUTE","PRODUCTION_OR_REVIEW"
"C:\Users\DIYA GOEL\Downloads\EBDESIGN\backend\src\modules\M190\routes.js","1","/api/v1/backend-modules/M190","ROUTE","PRODUCTION_OR_REVIEW"
"C:\Users\DIYA GOEL\Downloads\EBDESIGN\backend\src\modules\M191\routes.js","1","/api/v1/backend-modules/M191","ROUTE","PRODUCTION_OR_REVIEW"
"C:\Users\DIYA GOEL\Downloads\EBDESIGN\backend\src\modules\M192\routes.js","1","/api/v1/backend-modules/M192","ROUTE","PRODUCTION_OR_REVIEW"
"C:\Users\DIYA GOEL\Downloads\EBDESIGN\backend\src\modules\M193\routes.js","1","/api/v1/backend-modules/M193","ROUTE","PRODUCTION_OR_REVIEW"
"C:\Users\DIYA GOEL\Downloads\EBDESIGN\backend\src\modules\M194\routes.js","1","/api/v1/backend-modules/M194","ROUTE","PRODUCTION_OR_REVIEW"
"C:\Users\DIYA GOEL\Downloads\EBDESIGN\backend\src\modules\M195\routes.js","1","/api/v1/backend-modules/M195","ROUTE","PRODUCTION_OR_REVIEW"
"C:\Users\DIYA GOEL\Downloads\EBDESIGN\backend\src\modules\M196\routes.js","1","/api/v1/backend-modules/M196","ROUTE","PRODUCTION_OR_REVIEW"
"C:\Users\DIYA GOEL\Downloads\EBDESIGN\backend\src\modules\M197\routes.js","1","/api/v1/backend-modules/M197","ROUTE","PRODUCTION_OR_REVIEW"
"C:\Users\DIYA GOEL\Downloads\EBDESIGN\backend\src\modules\M198\routes.js","1","/api/v1/backend-modules/M198","ROUTE","PRODUCTION_OR_REVIEW"
"C:\Users\DIYA GOEL\Downloads\EBDESIGN\backend\src\modules\M199\routes.js","1","/api/v1/backend-modules/M199","ROUTE","PRODUCTION_OR_REVIEW"
"C:\Users\DIYA GOEL\Downloads\EBDESIGN\backend\src\modules\M200\routes.js","1","/api/v1/backend-modules/M200","ROUTE","PRODUCTION_OR_REVIEW"
"C:\Users\DIYA GOEL\Downloads\EBDESIGN\backend\src\modules\M201\routes.js","1","/api/v1/backend-modules/M201","ROUTE","PRODUCTION_OR_REVIEW"
"C:\Users\DIYA GOEL\Downloads\EBDESIGN\backend\src\modules\M202\routes.js","1","/api/v1/backend-modules/M202","ROUTE","PRODUCTION_OR_REVIEW"
"C:\Users\DIYA GOEL\Downloads\EBDESIGN\backend\src\modules\M203\routes.js","1","/api/v1/backend-modules/M203","ROUTE","PRODUCTION_OR_REVIEW"
"C:\Users\DIYA GOEL\Downloads\EBDESIGN\backend\src\modules\M204\routes.js","1","/api/v1/backend-modules/M204","ROUTE","PRODUCTION_OR_REVIEW"
"C:\Users\DIYA GOEL\Downloads\EBDESIGN\backend\src\modules\M205\routes.js","1","/api/v1/backend-modules/M205","ROUTE","PRODUCTION_OR_REVIEW"
"C:\Users\DIYA GOEL\Downloads\EBDESIGN\backend\src\modules\M206\routes.js","1","/api/v1/backend-modules/M206","ROUTE","PRODUCTION_OR_REVIEW"
"C:\Users\DIYA GOEL\Downloads\EBDESIGN\backend\src\modules\M207\routes.js","1","/api/v1/backend-modules/M207","ROUTE","PRODUCTION_OR_REVIEW"
"C:\Users\DIYA GOEL\Downloads\EBDESIGN\backend\src\modules\M208\routes.js","1","/api/v1/backend-modules/M208","ROUTE","PRODUCTION_OR_REVIEW"
"C:\Users\DIYA GOEL\Downloads\EBDESIGN\backend\src\modules\M209\routes.js","1","/api/v1/backend-modules/M209","ROUTE","PRODUCTION_OR_REVIEW"
"C:\Users\DIYA GOEL\Downloads\EBDESIGN\backend\src\modules\M210\routes.js","1","/api/v1/backend-modules/M210","ROUTE","PRODUCTION_OR_REVIEW"
"C:\Users\DIYA GOEL\Downloads\EBDESIGN\backend\src\modules\M211\routes.js","1","/api/v1/backend-modules/M211","ROUTE","PRODUCTION_OR_REVIEW"
"C:\Users\DIYA GOEL\Downloads\EBDESIGN\backend\src\modules\M212\routes.js","1","/api/v1/backend-modules/M212","ROUTE","PRODUCTION_OR_REVIEW"
"C:\Users\DIYA GOEL\Downloads\EBDESIGN\backend\src\modules\M213\routes.js","1","/api/v1/backend-modules/M213","ROUTE","PRODUCTION_OR_REVIEW"
"C:\Users\DIYA GOEL\Downloads\EBDESIGN\backend\src\modules\M214\routes.js","1","/api/v1/backend-modules/M214","ROUTE","PRODUCTION_OR_REVIEW"
"C:\Users\DIYA GOEL\Downloads\EBDESIGN\backend\src\modules\M215\routes.js","1","/api/v1/backend-modules/M215","ROUTE","PRODUCTION_OR_REVIEW"
"C:\Users\DIYA GOEL\Downloads\EBDESIGN\backend\src\modules\M216\routes.js","1","/api/v1/backend-modules/M216","ROUTE","PRODUCTION_OR_REVIEW"
"C:\Users\DIYA GOEL\Downloads\EBDESIGN\backend\src\modules\M217\routes.js","1","/api/v1/backend-modules/M217","ROUTE","PRODUCTION_OR_REVIEW"
"C:\Users\DIYA GOEL\Downloads\EBDESIGN\backend\src\modules\M218\routes.js","1","/api/v1/backend-modules/M218","ROUTE","PRODUCTION_OR_REVIEW"
"C:\Users\DIYA GOEL\Downloads\EBDESIGN\backend\src\modules\M219\routes.js","1","/api/v1/backend-modules/M219","ROUTE","PRODUCTION_OR_REVIEW"
"C:\Users\DIYA GOEL\Downloads\EBDESIGN\backend\src\modules\M220\routes.js","1","/api/v1/backend-modules/M220","ROUTE","PRODUCTION_OR_REVIEW"
"C:\Users\DIYA GOEL\Downloads\EBDESIGN\backend\src\modules\M221\routes.js","1","/api/v1/backend-modules/M221","ROUTE","PRODUCTION_OR_REVIEW"
"C:\Users\DIYA GOEL\Downloads\EBDESIGN\backend\src\modules\M222\routes.js","1","/api/v1/backend-modules/M222","ROUTE","PRODUCTION_OR_REVIEW"
"C:\Users\DIYA GOEL\Downloads\EBDESIGN\backend\src\modules\M223\routes.js","1","/api/v1/backend-modules/M223","ROUTE","PRODUCTION_OR_REVIEW"
"C:\Users\DIYA GOEL\Downloads\EBDESIGN\backend\src\modules\M224\routes.js","1","/api/v1/backend-modules/M224","ROUTE","PRODUCTION_OR_REVIEW"
"C:\Users\DIYA GOEL\Downloads\EBDESIGN\backend\src\modules\M225\routes.js","1","/api/v1/backend-modules/M225","ROUTE","PRODUCTION_OR_REVIEW"
"C:\Users\DIYA GOEL\Downloads\EBDESIGN\backend\src\modules\M226\routes.js","1","/api/v1/backend-modules/M226","ROUTE","PRODUCTION_OR_REVIEW"
"C:\Users\DIYA GOEL\Downloads\EBDESIGN\backend\src\modules\M227\routes.js","1","/api/v1/backend-modules/M227","ROUTE","PRODUCTION_OR_REVIEW"
"C:\Users\DIYA GOEL\Downloads\EBDESIGN\backend\src\modules\M228\routes.js","1","/api/v1/backend-modules/M228","ROUTE","PRODUCTION_OR_REVIEW"
"C:\Users\DIYA GOEL\Downloads\EBDESIGN\backend\src\modules\M229\routes.js","1","/api/v1/backend-modules/M229","ROUTE","PRODUCTION_OR_REVIEW"
"C:\Users\DIYA GOEL\Downloads\EBDESIGN\backend\src\modules\M230\routes.js","1","/api/v1/backend-modules/M230","ROUTE","PRODUCTION_OR_REVIEW"
"C:\Users\DIYA GOEL\Downloads\EBDESIGN\backend\src\modules\M231\routes.js","1","/api/v1/backend-modules/M231","ROUTE","PRODUCTION_OR_REVIEW"
"C:\Users\DIYA GOEL\Downloads\EBDESIGN\backend\src\modules\M232\routes.js","1","/api/v1/backend-modules/M232","ROUTE","PRODUCTION_OR_REVIEW"
"C:\Users\DIYA GOEL\Downloads\EBDESIGN\backend\src\modules\M233\routes.js","1","/api/v1/backend-modules/M233","ROUTE","PRODUCTION_OR_REVIEW"
"C:\Users\DIYA GOEL\Downloads\EBDESIGN\backend\src\modules\M234\routes.js","1","/api/v1/backend-modules/M234","ROUTE","PRODUCTION_OR_REVIEW"
"C:\Users\DIYA GOEL\Downloads\EBDESIGN\backend\src\modules\M235\routes.js","1","/api/v1/backend-modules/M235","ROUTE","PRODUCTION_OR_REVIEW"
"C:\Users\DIYA GOEL\Downloads\EBDESIGN\backend\src\modules\M236\routes.js","1","/api/v1/backend-modules/M236","ROUTE","PRODUCTION_OR_REVIEW"
"C:\Users\DIYA GOEL\Downloads\EBDESIGN\backend\src\modules\M237\routes.js","1","/api/v1/backend-modules/M237","ROUTE","PRODUCTION_OR_REVIEW"
"C:\Users\DIYA GOEL\Downloads\EBDESIGN\backend\src\modules\M238\routes.js","1","/api/v1/backend-modules/M238","ROUTE","PRODUCTION_OR_REVIEW"
"C:\Users\DIYA GOEL\Downloads\EBDESIGN\backend\src\modules\M239\routes.js","1","/api/v1/backend-modules/M239","ROUTE","PRODUCTION_OR_REVIEW"
"C:\Users\DIYA GOEL\Downloads\EBDESIGN\backend\src\modules\M240\routes.js","1","/api/v1/backend-modules/M240","ROUTE","PRODUCTION_OR_REVIEW"
"C:\Users\DIYA GOEL\Downloads\EBDESIGN\backend\src\modules\M241\routes.js","1","/api/v1/backend-modules/M241","ROUTE","PRODUCTION_OR_REVIEW"
"C:\Users\DIYA GOEL\Downloads\EBDESIGN\backend\src\modules\M242\routes.js","1","/api/v1/backend-modules/M242","ROUTE","PRODUCTION_OR_REVIEW"
"C:\Users\DIYA GOEL\Downloads\EBDESIGN\backend\src\modules\M243\routes.js","1","/api/v1/backend-modules/M243","ROUTE","PRODUCTION_OR_REVIEW"
"C:\Users\DIYA GOEL\Downloads\EBDESIGN\backend\src\modules\M244\routes.js","1","/api/v1/backend-modules/M244","ROUTE","PRODUCTION_OR_REVIEW"
"C:\Users\DIYA GOEL\Downloads\EBDESIGN\backend\src\modules\M245\routes.js","1","/api/v1/backend-modules/M245","ROUTE","PRODUCTION_OR_REVIEW"
"C:\Users\DIYA GOEL\Downloads\EBDESIGN\backend\src\modules\M246\routes.js","1","/api/v1/backend-modules/M246","ROUTE","PRODUCTION_OR_REVIEW"
"C:\Users\DIYA GOEL\Downloads\EBDESIGN\backend\src\modules\M247\routes.js","1","/api/v1/backend-modules/M247","ROUTE","PRODUCTION_OR_REVIEW"
"C:\Users\DIYA GOEL\Downloads\EBDESIGN\backend\src\modules\M248\routes.js","1","/api/v1/backend-modules/M248","ROUTE","PRODUCTION_OR_REVIEW"
"C:\Users\DIYA GOEL\Downloads\EBDESIGN\backend\src\modules\M249\routes.js","1","/api/v1/backend-modules/M249","ROUTE","PRODUCTION_OR_REVIEW"
"C:\Users\DIYA GOEL\Downloads\EBDESIGN\backend\src\modules\M250\routes.js","1","/api/v1/backend-modules/M250","ROUTE","PRODUCTION_OR_REVIEW"
"C:\Users\DIYA GOEL\Downloads\EBDESIGN\backend\src\modules\M251\routes.js","1","/api/v1/backend-modules/M251","ROUTE","PRODUCTION_OR_REVIEW"
"C:\Users\DIYA GOEL\Downloads\EBDESIGN\backend\src\modules\M252\routes.js","1","/api/v1/backend-modules/M252","ROUTE","PRODUCTION_OR_REVIEW"
"C:\Users\DIYA GOEL\Downloads\EBDESIGN\backend\src\modules\M253\routes.js","1","/api/v1/backend-modules/M253","ROUTE","PRODUCTION_OR_REVIEW"
"C:\Users\DIYA GOEL\Downloads\EBDESIGN\backend\src\modules\M254\routes.js","1","/api/v1/backend-modules/M254","ROUTE","PRODUCTION_OR_REVIEW"
"C:\Users\DIYA GOEL\Downloads\EBDESIGN\backend\src\modules\M255\routes.js","1","/api/v1/backend-modules/M255","ROUTE","PRODUCTION_OR_REVIEW"
"C:\Users\DIYA GOEL\Downloads\EBDESIGN\backend\src\modules\M256\routes.js","1","/api/v1/backend-modules/M256","ROUTE","PRODUCTION_OR_REVIEW"
"C:\Users\DIYA GOEL\Downloads\EBDESIGN\backend\src\modules\M257\routes.js","1","/api/v1/backend-modules/M257","ROUTE","PRODUCTION_OR_REVIEW"
"C:\Users\DIYA GOEL\Downloads\EBDESIGN\backend\src\modules\M258\routes.js","1","/api/v1/backend-modules/M258","ROUTE","PRODUCTION_OR_REVIEW"
"C:\Users\DIYA GOEL\Downloads\EBDESIGN\backend\src\modules\M259\routes.js","1","/api/v1/backend-modules/M259","ROUTE","PRODUCTION_OR_REVIEW"
"C:\Users\DIYA GOEL\Downloads\EBDESIGN\backend\src\modules\M260\routes.js","1","/api/v1/backend-modules/M260","ROUTE","PRODUCTION_OR_REVIEW"
"C:\Users\DIYA GOEL\Downloads\EBDESIGN\backend\src\modules\M261\routes.js","1","/api/v1/backend-modules/M261","ROUTE","PRODUCTION_OR_REVIEW"
"C:\Users\DIYA GOEL\Downloads\EBDESIGN\backend\src\modules\M262\routes.js","1","/api/v1/backend-modules/M262","ROUTE","PRODUCTION_OR_REVIEW"
"C:\Users\DIYA GOEL\Downloads\EBDESIGN\backend\src\modules\M263\routes.js","1","/api/v1/backend-modules/M263","ROUTE","PRODUCTION_OR_REVIEW"
"C:\Users\DIYA GOEL\Downloads\EBDESIGN\backend\src\modules\M264\routes.js","1","/api/v1/backend-modules/M264","ROUTE","PRODUCTION_OR_REVIEW"
"C:\Users\DIYA GOEL\Downloads\EBDESIGN\backend\src\modules\M265\routes.js","1","/api/v1/backend-modules/M265","ROUTE","PRODUCTION_OR_REVIEW"
"C:\Users\DIYA GOEL\Downloads\EBDESIGN\backend\src\modules\M266\routes.js","1","/api/v1/backend-modules/M266","ROUTE","PRODUCTION_OR_REVIEW"
"C:\Users\DIYA GOEL\Downloads\EBDESIGN\backend\src\modules\M267\routes.js","1","/api/v1/backend-modules/M267","ROUTE","PRODUCTION_OR_REVIEW"
"C:\Users\DIYA GOEL\Downloads\EBDESIGN\backend\src\modules\M268\routes.js","1","/api/v1/backend-modules/M268","ROUTE","PRODUCTION_OR_REVIEW"
"C:\Users\DIYA GOEL\Downloads\EBDESIGN\backend\src\modules\M269\routes.js","1","/api/v1/backend-modules/M269","ROUTE","PRODUCTION_OR_REVIEW"
"C:\Users\DIYA GOEL\Downloads\EBDESIGN\backend\src\modules\M270\routes.js","1","/api/v1/backend-modules/M270","ROUTE","PRODUCTION_OR_REVIEW"
"C:\Users\DIYA GOEL\Downloads\EBDESIGN\backend\src\modules\M271\routes.js","1","/api/v1/backend-modules/M271","ROUTE","PRODUCTION_OR_REVIEW"
"C:\Users\DIYA GOEL\Downloads\EBDESIGN\backend\src\modules\M272\routes.js","1","/api/v1/backend-modules/M272","ROUTE","PRODUCTION_OR_REVIEW"
"C:\Users\DIYA GOEL\Downloads\EBDESIGN\backend\src\modules\M273\routes.js","1","/api/v1/backend-modules/M273","ROUTE","PRODUCTION_OR_REVIEW"
"C:\Users\DIYA GOEL\Downloads\EBDESIGN\backend\src\modules\M274\routes.js","1","/api/v1/backend-modules/M274","ROUTE","PRODUCTION_OR_REVIEW"
"C:\Users\DIYA GOEL\Downloads\EBDESIGN\backend\src\modules\M275\routes.js","1","/api/v1/backend-modules/M275","ROUTE","PRODUCTION_OR_REVIEW"
"C:\Users\DIYA GOEL\Downloads\EBDESIGN\backend\src\modules\M276\routes.js","1","/api/v1/backend-modules/M276","ROUTE","PRODUCTION_OR_REVIEW"
"C:\Users\DIYA GOEL\Downloads\EBDESIGN\backend\src\modules\M277\routes.js","1","/api/v1/backend-modules/M277","ROUTE","PRODUCTION_OR_REVIEW"
"C:\Users\DIYA GOEL\Downloads\EBDESIGN\backend\src\modules\M278\routes.js","1","/api/v1/backend-modules/M278","ROUTE","PRODUCTION_OR_REVIEW"
"C:\Users\DIYA GOEL\Downloads\EBDESIGN\backend\src\modules\M279\routes.js","1","/api/v1/backend-modules/M279","ROUTE","PRODUCTION_OR_REVIEW"
"C:\Users\DIYA GOEL\Downloads\EBDESIGN\backend\src\modules\M280\routes.js","1","/api/v1/backend-modules/M280","ROUTE","PRODUCTION_OR_REVIEW"
"C:\Users\DIYA GOEL\Downloads\EBDESIGN\backend\src\modules\M281\routes.js","1","/api/v1/backend-modules/M281","ROUTE","PRODUCTION_OR_REVIEW"
"C:\Users\DIYA GOEL\Downloads\EBDESIGN\backend\src\modules\M282\routes.js","1","/api/v1/backend-modules/M282","ROUTE","PRODUCTION_OR_REVIEW"
"C:\Users\DIYA GOEL\Downloads\EBDESIGN\backend\src\modules\M283\routes.js","1","/api/v1/backend-modules/M283","ROUTE","PRODUCTION_OR_REVIEW"
"C:\Users\DIYA GOEL\Downloads\EBDESIGN\backend\src\modules\M284\routes.js","1","/api/v1/backend-modules/M284","ROUTE","PRODUCTION_OR_REVIEW"
"C:\Users\DIYA GOEL\Downloads\EBDESIGN\backend\src\modules\M285\routes.js","1","/api/v1/backend-modules/M285","ROUTE","PRODUCTION_OR_REVIEW"
"C:\Users\DIYA GOEL\Downloads\EBDESIGN\backend\src\modules\M286\routes.js","1","/api/v1/backend-modules/M286","ROUTE","PRODUCTION_OR_REVIEW"
"C:\Users\DIYA GOEL\Downloads\EBDESIGN\backend\src\modules\M287\routes.js","1","/api/v1/backend-modules/M287","ROUTE","PRODUCTION_OR_REVIEW"
"C:\Users\DIYA GOEL\Downloads\EBDESIGN\backend\src\modules\M288\routes.js","1","/api/v1/backend-modules/M288","ROUTE","PRODUCTION_OR_REVIEW"
"C:\Users\DIYA GOEL\Downloads\EBDESIGN\backend\src\modules\M289\routes.js","1","/api/v1/backend-modules/M289","ROUTE","PRODUCTION_OR_REVIEW"
"C:\Users\DIYA GOEL\Downloads\EBDESIGN\backend\src\modules\M290\routes.js","1","/api/v1/backend-modules/M290","ROUTE","PRODUCTION_OR_REVIEW"
"C:\Users\DIYA GOEL\Downloads\EBDESIGN\backend\src\modules\M291\routes.js","1","/api/v1/backend-modules/M291","ROUTE","PRODUCTION_OR_REVIEW"
"C:\Users\DIYA GOEL\Downloads\EBDESIGN\backend\src\modules\M292\routes.js","1","/api/v1/backend-modules/M292","ROUTE","PRODUCTION_OR_REVIEW"
"C:\Users\DIYA GOEL\Downloads\EBDESIGN\backend\src\modules\M293\routes.js","1","/api/v1/backend-modules/M293","ROUTE","PRODUCTION_OR_REVIEW"
"C:\Users\DIYA GOEL\Downloads\EBDESIGN\backend\src\modules\M294\routes.js","1","/api/v1/backend-modules/M294","ROUTE","PRODUCTION_OR_REVIEW"
"C:\Users\DIYA GOEL\Downloads\EBDESIGN\backend\src\modules\M295\routes.js","1","/api/v1/backend-modules/M295","ROUTE","PRODUCTION_OR_REVIEW"
"C:\Users\DIYA GOEL\Downloads\EBDESIGN\backend\src\modules\M296\routes.js","1","/api/v1/backend-modules/M296","ROUTE","PRODUCTION_OR_REVIEW"
"C:\Users\DIYA GOEL\Downloads\EBDESIGN\backend\src\modules\M297\routes.js","1","/api/v1/backend-modules/M297","ROUTE","PRODUCTION_OR_REVIEW"
"C:\Users\DIYA GOEL\Downloads\EBDESIGN\backend\src\modules\M298\routes.js","1","/api/v1/backend-modules/M298","ROUTE","PRODUCTION_OR_REVIEW"
"C:\Users\DIYA GOEL\Downloads\EBDESIGN\backend\src\modules\M299\routes.js","1","/api/v1/backend-modules/M299","ROUTE","PRODUCTION_OR_REVIEW"
"C:\Users\DIYA GOEL\Downloads\EBDESIGN\backend\src\modules\M300\routes.js","1","/api/v1/backend-modules/M300","ROUTE","PRODUCTION_OR_REVIEW"
"C:\Users\DIYA GOEL\Downloads\EBDESIGN\backend\src\modules\M301\routes.js","1","/api/v1/backend-modules/M301","ROUTE","PRODUCTION_OR_REVIEW"
"C:\Users\DIYA GOEL\Downloads\EBDESIGN\backend\src\modules\M302\routes.js","1","/api/v1/backend-modules/M302","ROUTE","PRODUCTION_OR_REVIEW"
"C:\Users\DIYA GOEL\Downloads\EBDESIGN\backend\src\modules\M303\routes.js","1","/api/v1/backend-modules/M303","ROUTE","PRODUCTION_OR_REVIEW"
"C:\Users\DIYA GOEL\Downloads\EBDESIGN\backend\src\modules\M304\routes.js","1","/api/v1/backend-modules/M304","ROUTE","PRODUCTION_OR_REVIEW"
"C:\Users\DIYA GOEL\Downloads\EBDESIGN\backend\src\modules\M305\routes.js","1","/api/v1/backend-modules/M305","ROUTE","PRODUCTION_OR_REVIEW"
"C:\Users\DIYA GOEL\Downloads\EBDESIGN\backend\src\modules\M306\routes.js","1","/api/v1/backend-modules/M306","ROUTE","PRODUCTION_OR_REVIEW"
"C:\Users\DIYA GOEL\Downloads\EBDESIGN\backend\src\modules\M307\routes.js","1","/api/v1/backend-modules/M307","ROUTE","PRODUCTION_OR_REVIEW"
"C:\Users\DIYA GOEL\Downloads\EBDESIGN\backend\src\modules\M308\routes.js","1","/api/v1/backend-modules/M308","ROUTE","PRODUCTION_OR_REVIEW"
"C:\Users\DIYA GOEL\Downloads\EBDESIGN\backend\src\modules\M309\routes.js","1","/api/v1/backend-modules/M309","ROUTE","PRODUCTION_OR_REVIEW"
"C:\Users\DIYA GOEL\Downloads\EBDESIGN\backend\src\modules\M310\routes.js","1","/api/v1/backend-modules/M310","ROUTE","PRODUCTION_OR_REVIEW"
"C:\Users\DIYA GOEL\Downloads\EBDESIGN\backend\src\modules\M311\routes.js","1","/api/v1/backend-modules/M311","ROUTE","PRODUCTION_OR_REVIEW"
"C:\Users\DIYA GOEL\Downloads\EBDESIGN\backend\src\modules\M312\routes.js","1","/api/v1/backend-modules/M312","ROUTE","PRODUCTION_OR_REVIEW"
"C:\Users\DIYA GOEL\Downloads\EBDESIGN\backend\src\modules\M313\routes.js","1","/api/v1/backend-modules/M313","ROUTE","PRODUCTION_OR_REVIEW"
"C:\Users\DIYA GOEL\Downloads\EBDESIGN\backend\src\modules\M314\routes.js","1","/api/v1/backend-modules/M314","ROUTE","PRODUCTION_OR_REVIEW"
"C:\Users\DIYA GOEL\Downloads\EBDESIGN\backend\src\modules\M315\routes.js","1","/api/v1/backend-modules/M315","ROUTE","PRODUCTION_OR_REVIEW"
"C:\Users\DIYA GOEL\Downloads\EBDESIGN\backend\src\modules\M316\routes.js","1","/api/v1/backend-modules/M316","ROUTE","PRODUCTION_OR_REVIEW"
"C:\Users\DIYA GOEL\Downloads\EBDESIGN\backend\src\modules\M317\routes.js","1","/api/v1/backend-modules/M317","ROUTE","PRODUCTION_OR_REVIEW"
"C:\Users\DIYA GOEL\Downloads\EBDESIGN\backend\src\modules\M318\routes.js","1","/api/v1/backend-modules/M318","ROUTE","PRODUCTION_OR_REVIEW"
"C:\Users\DIYA GOEL\Downloads\EBDESIGN\backend\src\modules\M319\routes.js","1","/api/v1/backend-modules/M319","ROUTE","PRODUCTION_OR_REVIEW"
"C:\Users\DIYA GOEL\Downloads\EBDESIGN\backend\src\modules\M320\routes.js","1","/api/v1/backend-modules/M320","ROUTE","PRODUCTION_OR_REVIEW"
"C:\Users\DIYA GOEL\Downloads\EBDESIGN\backend\src\modules\M321\routes.js","1","/api/v1/backend-modules/M321","ROUTE","PRODUCTION_OR_REVIEW"
"C:\Users\DIYA GOEL\Downloads\EBDESIGN\backend\src\modules\M322\routes.js","1","/api/v1/backend-modules/M322","ROUTE","PRODUCTION_OR_REVIEW"
"C:\Users\DIYA GOEL\Downloads\EBDESIGN\backend\src\modules\M323\routes.js","1","/api/v1/backend-modules/M323","ROUTE","PRODUCTION_OR_REVIEW"
"C:\Users\DIYA GOEL\Downloads\EBDESIGN\backend\src\modules\M324\routes.js","1","/api/v1/backend-modules/M324","ROUTE","PRODUCTION_OR_REVIEW"
"C:\Users\DIYA GOEL\Downloads\EBDESIGN\backend\src\modules\M325\routes.js","1","/api/v1/backend-modules/M325","ROUTE","PRODUCTION_OR_REVIEW"
"C:\Users\DIYA GOEL\Downloads\EBDESIGN\backend\src\modules\M326\routes.js","1","/api/v1/backend-modules/M326","ROUTE","PRODUCTION_OR_REVIEW"
"C:\Users\DIYA GOEL\Downloads\EBDESIGN\backend\src\modules\M327\routes.js","1","/api/v1/backend-modules/M327","ROUTE","PRODUCTION_OR_REVIEW"
"C:\Users\DIYA GOEL\Downloads\EBDESIGN\backend\src\modules\M328\routes.js","1","/api/v1/backend-modules/M328","ROUTE","PRODUCTION_OR_REVIEW"
"C:\Users\DIYA GOEL\Downloads\EBDESIGN\backend\src\modules\M329\routes.js","1","/api/v1/backend-modules/M329","ROUTE","PRODUCTION_OR_REVIEW"
"C:\Users\DIYA GOEL\Downloads\EBDESIGN\backend\src\modules\M330\routes.js","1","/api/v1/backend-modules/M330","ROUTE","PRODUCTION_OR_REVIEW"
"C:\Users\DIYA GOEL\Downloads\EBDESIGN\backend\src\modules\M331\routes.js","1","/api/v1/backend-modules/M331","ROUTE","PRODUCTION_OR_REVIEW"
"C:\Users\DIYA GOEL\Downloads\EBDESIGN\backend\src\modules\M332\routes.js","1","/api/v1/backend-modules/M332","ROUTE","PRODUCTION_OR_REVIEW"
"C:\Users\DIYA GOEL\Downloads\EBDESIGN\backend\src\modules\M333\routes.js","1","/api/v1/backend-modules/M333","ROUTE","PRODUCTION_OR_REVIEW"
"C:\Users\DIYA GOEL\Downloads\EBDESIGN\backend\src\modules\M334\routes.js","1","/api/v1/backend-modules/M334","ROUTE","PRODUCTION_OR_REVIEW"
"C:\Users\DIYA GOEL\Downloads\EBDESIGN\backend\src\modules\M335\routes.js","1","/api/v1/backend-modules/M335","ROUTE","PRODUCTION_OR_REVIEW"
"C:\Users\DIYA GOEL\Downloads\EBDESIGN\backend\src\modules\M336\routes.js","1","/api/v1/backend-modules/M336","ROUTE","PRODUCTION_OR_REVIEW"
"C:\Users\DIYA GOEL\Downloads\EBDESIGN\backend\src\modules\M337\routes.js","1","/api/v1/backend-modules/M337","ROUTE","PRODUCTION_OR_REVIEW"
"C:\Users\DIYA GOEL\Downloads\EBDESIGN\backend\src\modules\M338\routes.js","1","/api/v1/backend-modules/M338","ROUTE","PRODUCTION_OR_REVIEW"
"C:\Users\DIYA GOEL\Downloads\EBDESIGN\backend\src\modules\M339\routes.js","1","/api/v1/backend-modules/M339","ROUTE","PRODUCTION_OR_REVIEW"
"C:\Users\DIYA GOEL\Downloads\EBDESIGN\backend\src\modules\M340\routes.js","1","/api/v1/backend-modules/M340","ROUTE","PRODUCTION_OR_REVIEW"
"C:\Users\DIYA GOEL\Downloads\EBDESIGN\backend\src\modules\M341\routes.js","1","/api/v1/backend-modules/M341","ROUTE","PRODUCTION_OR_REVIEW"
"C:\Users\DIYA GOEL\Downloads\EBDESIGN\backend\src\modules\M342\routes.js","1","/api/v1/backend-modules/M342","ROUTE","PRODUCTION_OR_REVIEW"
"C:\Users\DIYA GOEL\Downloads\EBDESIGN\backend\src\modules\M343\routes.js","1","/api/v1/backend-modules/M343","ROUTE","PRODUCTION_OR_REVIEW"
"C:\Users\DIYA GOEL\Downloads\EBDESIGN\backend\src\modules\M344\routes.js","1","/api/v1/backend-modules/M344","ROUTE","PRODUCTION_OR_REVIEW"
"C:\Users\DIYA GOEL\Downloads\EBDESIGN\backend\src\modules\M63\routes.js","1","/api/v1/backend-modules/M63","ROUTE","PRODUCTION_OR_REVIEW"
"C:\Users\DIYA GOEL\Downloads\EBDESIGN\backend\src\modules\M64\routes.js","1","/api/v1/backend-modules/M64","ROUTE","PRODUCTION_OR_REVIEW"
"C:\Users\DIYA GOEL\Downloads\EBDESIGN\backend\src\modules\M65\routes.js","1","/api/v1/backend-modules/M65","ROUTE","PRODUCTION_OR_REVIEW"
"C:\Users\DIYA GOEL\Downloads\EBDESIGN\backend\src\routes\adminAuditDomainRoutes.js","1","/api/v1","ROUTE","PRODUCTION_OR_REVIEW"
"C:\Users\DIYA GOEL\Downloads\EBDESIGN\backend\src\routes\advancedAnalyticsRoutes.js","1","/api/advancedanalytics","ROUTE","PRODUCTION_OR_REVIEW"
"C:\Users\DIYA GOEL\Downloads\EBDESIGN\backend\src\routes\advancedFeatures.js","1","/api/advancedfeatures","ROUTE","PRODUCTION_OR_REVIEW"
"C:\Users\DIYA GOEL\Downloads\EBDESIGN\backend\src\routes\advancedSearchRoutes.js","1","/api/advancedsearch","ROUTE","PRODUCTION_OR_REVIEW"
"C:\Users\DIYA GOEL\Downloads\EBDESIGN\backend\src\routes\agriculturalIntelligenceDomainRoutes.js","1","/api/v1","ROUTE","PRODUCTION_OR_REVIEW"
"C:\Users\DIYA GOEL\Downloads\EBDESIGN\backend\src\routes\agriculturalIntelligenceRoutes.js","1","/api/agriculturalintelligence","ROUTE","PRODUCTION_OR_REVIEW"
"C:\Users\DIYA GOEL\Downloads\EBDESIGN\backend\src\routes\agriculture\farmerHealthRoutes.js","1","/api/farmerhealth","ROUTE","PRODUCTION_OR_REVIEW"
"C:\Users\DIYA GOEL\Downloads\EBDESIGN\backend\src\routes\ai\enterpriseAIRoutes.js","1","/api/enterpriseai","ROUTE","PRODUCTION_OR_REVIEW"
"C:\Users\DIYA GOEL\Downloads\EBDESIGN\backend\src\routes\aiAgentDomainRoutes.js","1","/api/v1","ROUTE","PRODUCTION_OR_REVIEW"
"C:\Users\DIYA GOEL\Downloads\EBDESIGN\backend\src\routes\aiAgentRoutes.js","1","/api/aiagent","ROUTE","PRODUCTION_OR_REVIEW"
"C:\Users\DIYA GOEL\Downloads\EBDESIGN\backend\src\routes\aiApprovalRoutes.js","1","/api/aiapproval","ROUTE","PRODUCTION_OR_REVIEW"
"C:\Users\DIYA GOEL\Downloads\EBDESIGN\backend\src\routes\aiBackboneDomainRoutes.js","1","/api/v1","ROUTE","PRODUCTION_OR_REVIEW"
"C:\Users\DIYA GOEL\Downloads\EBDESIGN\backend\src\routes\aiBackboneRoutes.js","1","/api/aibackbone","ROUTE","PRODUCTION_OR_REVIEW"
"C:\Users\DIYA GOEL\Downloads\EBDESIGN\backend\src\routes\aiBrainDomainRoutes.js","1","/api/v1","ROUTE","PRODUCTION_OR_REVIEW"
"C:\Users\DIYA GOEL\Downloads\EBDESIGN\backend\src\routes\aiBrainRoutes.js","1","/api/aibrain","ROUTE","PRODUCTION_OR_REVIEW"
"C:\Users\DIYA GOEL\Downloads\EBDESIGN\backend\src\routes\aiCollaborationRoutes.js","1","/api/aicollaboration","ROUTE","PRODUCTION_OR_REVIEW"
"C:\Users\DIYA GOEL\Downloads\EBDESIGN\backend\src\routes\aiDomainAdapterRoutes.js","1","/api/v1","ROUTE","PRODUCTION_OR_REVIEW"
"C:\Users\DIYA GOEL\Downloads\EBDESIGN\backend\src\routes\aiGatewayRoutes.js","2","/api/aigateway | /api/v1/ai-gateway","ROUTE","PRODUCTION_OR_REVIEW"
"C:\Users\DIYA GOEL\Downloads\EBDESIGN\backend\src\routes\aiImageGenerationEnhancedRoutes.js","1","/api/ai/images","ROUTE","PRODUCTION_OR_REVIEW"
"C:\Users\DIYA GOEL\Downloads\EBDESIGN\backend\src\routes\aiModelsRoutes.js","2","/api/ai/models | /api/v1/ai/models","ROUTE","PRODUCTION_OR_REVIEW"
"C:\Users\DIYA GOEL\Downloads\EBDESIGN\backend\src\routes\aiOperationIntelligenceDomainRoutes.js","1","/api/v1","ROUTE","PRODUCTION_OR_REVIEW"
"C:\Users\DIYA GOEL\Downloads\EBDESIGN\backend\src\routes\aiOperationIntelligenceRoutes.js","1","/api/aioperationintelligence","ROUTE","PRODUCTION_OR_REVIEW"
"C:\Users\DIYA GOEL\Downloads\EBDESIGN\backend\src\routes\aiSelfHealingDomainRoutes.js","1","/api/v1","ROUTE","PRODUCTION_OR_REVIEW"
"C:\Users\DIYA GOEL\Downloads\EBDESIGN\backend\src\routes\aiSelfHealingRoutes.js","1","/api/aiselfhealing","ROUTE","PRODUCTION_OR_REVIEW"
"C:\Users\DIYA GOEL\Downloads\EBDESIGN\backend\src\routes\aiTrainingEvaluationRoutes.js","2","/api/ai/training | /api/v1/ai/training","ROUTE","PRODUCTION_OR_REVIEW"
"C:\Users\DIYA GOEL\Downloads\EBDESIGN\backend\src\routes\analyticsReportRoutes.js","1","/api/analyticsreport","ROUTE","PRODUCTION_OR_REVIEW"
"C:\Users\DIYA GOEL\Downloads\EBDESIGN\backend\src\routes\animalHealthDomainRoutes.js","1","/api/v1","ROUTE","PRODUCTION_OR_REVIEW"
"C:\Users\DIYA GOEL\Downloads\EBDESIGN\backend\src\routes\animalHealthRoutes.js","1","/api/animalhealth","ROUTE","PRODUCTION_OR_REVIEW"
"C:\Users\DIYA GOEL\Downloads\EBDESIGN\backend\src\routes\apiCompatibilityRoutes.js","1","/api/apicompatibility","ROUTE","PRODUCTION_OR_REVIEW"
"C:\Users\DIYA GOEL\Downloads\EBDESIGN\backend\src\routes\apicultureRoutes.js","1","/api/v1/apiculture","ROUTE","PRODUCTION_OR_REVIEW"
"C:\Users\DIYA GOEL\Downloads\EBDESIGN\backend\src\routes\apiWarningRoutes.js","1","/api/v1/warnings","ROUTE","PRODUCTION_OR_REVIEW"
"C:\Users\DIYA GOEL\Downloads\EBDESIGN\backend\src\routes\ar.js","1","/api/ar","ROUTE","PRODUCTION_OR_REVIEW"
"C:\Users\DIYA GOEL\Downloads\EBDESIGN\backend\src\routes\artificialScientistRoutes.js","1","/api/v1/artificial-scientist","ROUTE","PRODUCTION_OR_REVIEW"
"C:\Users\DIYA GOEL\Downloads\EBDESIGN\backend\src\routes\assetAccountingDomainRoutes.js","1","/api/v1","ROUTE","PRODUCTION_OR_REVIEW"
"C:\Users\DIYA GOEL\Downloads\EBDESIGN\backend\src\routes\assetAccountingRoutes.js","1","/api/assetaccounting","ROUTE","PRODUCTION_OR_REVIEW"
"C:\Users\DIYA GOEL\Downloads\EBDESIGN\backend\src\routes\auditRoutes.js","1","/api/audit","ROUTE","PRODUCTION_OR_REVIEW"
"C:\Users\DIYA GOEL\Downloads\EBDESIGN\backend\src\routes\auditTrail.js","1","/api/audittrail","ROUTE","PRODUCTION_OR_REVIEW"
"C:\Users\DIYA GOEL\Downloads\EBDESIGN\backend\src\routes\authorizationDomainRoutes.js","1","/api/v1","ROUTE","PRODUCTION_OR_REVIEW"
"C:\Users\DIYA GOEL\Downloads\EBDESIGN\backend\src\routes\authRoutes.js","1","/api/auth","ROUTE","PRODUCTION_OR_REVIEW"
"C:\Users\DIYA GOEL\Downloads\EBDESIGN\backend\src\routes\automation.js","1","/api/automation","ROUTE","PRODUCTION_OR_REVIEW"
"C:\Users\DIYA GOEL\Downloads\EBDESIGN\backend\src\routes\biometric.js","1","/api/biometric","ROUTE","PRODUCTION_OR_REVIEW"
"C:\Users\DIYA GOEL\Downloads\EBDESIGN\backend\src\routes\blockchainTrace.js","1","/api/blockchaintrace","ROUTE","PRODUCTION_OR_REVIEW"
"C:\Users\DIYA GOEL\Downloads\EBDESIGN\backend\src\routes\blockchainVerificationDomainRoutes.js","1","/api/v1","ROUTE","PRODUCTION_OR_REVIEW"
"C:\Users\DIYA GOEL\Downloads\EBDESIGN\backend\src\routes\blockchainVerificationRoutes.js","1","/api/blockchainverification","ROUTE","PRODUCTION_OR_REVIEW"
"C:\Users\DIYA GOEL\Downloads\EBDESIGN\backend\src\routes\bulkOrderDomainRoutes.js","1","/api/v1","ROUTE","PRODUCTION_OR_REVIEW"
"C:\Users\DIYA GOEL\Downloads\EBDESIGN\backend\src\routes\bulkOrderRoutes.js","1","/api/bulkorder","ROUTE","PRODUCTION_OR_REVIEW"
"C:\Users\DIYA GOEL\Downloads\EBDESIGN\backend\src\routes\bulkOrders.js","1","/api/bulkorders","ROUTE","PRODUCTION_OR_REVIEW"
"C:\Users\DIYA GOEL\Downloads\EBDESIGN\backend\src\routes\buyerTrust.js","1","/api/buyertrust","ROUTE","PRODUCTION_OR_REVIEW"
"C:\Users\DIYA GOEL\Downloads\EBDESIGN\backend\src\routes\certificationManagement.js","1","/api/certificationmanagement","ROUTE","PRODUCTION_OR_REVIEW"
"C:\Users\DIYA GOEL\Downloads\EBDESIGN\backend\src\routes\civilDisruptionDomainRoutes.js","1","/api/v1","ROUTE","PRODUCTION_OR_REVIEW"
"C:\Users\DIYA GOEL\Downloads\EBDESIGN\backend\src\routes\civilDisruptionRoutes.js","1","/api/civildisruption","ROUTE","PRODUCTION_OR_REVIEW"
"C:\Users\DIYA GOEL\Downloads\EBDESIGN\backend\src\routes\claude\aiCoordinationRoutes.js","1","/api/v1/ai-coordination","ROUTE","PRODUCTION_OR_REVIEW"
"C:\Users\DIYA GOEL\Downloads\EBDESIGN\backend\src\routes\claude\aiCopilotRoutes.js","1","/api/v1/ai-copilot","ROUTE","PRODUCTION_OR_REVIEW"
"C:\Users\DIYA GOEL\Downloads\EBDESIGN\backend\src\routes\claude\aiDecisionRoutes.js","1","/api/v1/ai-decision","ROUTE","PRODUCTION_OR_REVIEW"
"C:\Users\DIYA GOEL\Downloads\EBDESIGN\backend\src\routes\claude\aiProviderRoutes.js","1","/api/v1/ai-provider","ROUTE","PRODUCTION_OR_REVIEW"
"C:\Users\DIYA GOEL\Downloads\EBDESIGN\backend\src\routes\claude\aiStrategyRoutes.js","1","/api/v1/ai-strategy","ROUTE","PRODUCTION_OR_REVIEW"
"C:\Users\DIYA GOEL\Downloads\EBDESIGN\backend\src\routes\claude\financialAIRoutes.js","1","/api/v1/financial-ai","ROUTE","PRODUCTION_OR_REVIEW"
"C:\Users\DIYA GOEL\Downloads\EBDESIGN\backend\src\routes\claude\insuranceAIRoutes.js","1","/api/v1/insurance-ai","ROUTE","PRODUCTION_OR_REVIEW"
"C:\Users\DIYA GOEL\Downloads\EBDESIGN\backend\src\routes\claude\logisticsAIRoutes.js","1","/api/v1/logistics-ai","ROUTE","PRODUCTION_OR_REVIEW"
"C:\Users\DIYA GOEL\Downloads\EBDESIGN\backend\src\routes\claude\orderAIRoutes.js","1","/api/v1/order-ai","ROUTE","PRODUCTION_OR_REVIEW"
"C:\Users\DIYA GOEL\Downloads\EBDESIGN\backend\src\routes\claude\productAIRoutes.js","1","/api/v1/product-ai","ROUTE","PRODUCTION_OR_REVIEW"
"C:\Users\DIYA GOEL\Downloads\EBDESIGN\backend\src\routes\climateAdvisory.js","1","/api/climateadvisory","ROUTE","PRODUCTION_OR_REVIEW"
"C:\Users\DIYA GOEL\Downloads\EBDESIGN\backend\src\routes\climateAdvisoryRoutes.js","1","/api/climateadvisory","ROUTE","PRODUCTION_OR_REVIEW"
"C:\Users\DIYA GOEL\Downloads\EBDESIGN\backend\src\routes\climateMonitoringDomainRoutes.js","1","/api/v1","ROUTE","PRODUCTION_OR_REVIEW"
"C:\Users\DIYA GOEL\Downloads\EBDESIGN\backend\src\routes\climateMonitoringRoutes.js","1","/api/climatemonitoring","ROUTE","PRODUCTION_OR_REVIEW"
"C:\Users\DIYA GOEL\Downloads\EBDESIGN\backend\src\routes\climateRouteSupport.js","1","/api/climateroutesupport","ROUTE","PRODUCTION_OR_REVIEW"
"C:\Users\DIYA GOEL\Downloads\EBDESIGN\backend\src\routes\coldChainMonitoring.js","1","/api/coldchainmonitoring","ROUTE","PRODUCTION_OR_REVIEW"
"C:\Users\DIYA GOEL\Downloads\EBDESIGN\backend\src\routes\coldStorageDomainRoutes.js","1","/api/v1","ROUTE","PRODUCTION_OR_REVIEW"
"C:\Users\DIYA GOEL\Downloads\EBDESIGN\backend\src\routes\coldStorageRoutes.js","1","/api/coldstorage","ROUTE","PRODUCTION_OR_REVIEW"
"C:\Users\DIYA GOEL\Downloads\EBDESIGN\backend\src\routes\commerce\equipmentExchangeRoutes.js","1","/api/equipmentexchange","ROUTE","PRODUCTION_OR_REVIEW"
"C:\Users\DIYA GOEL\Downloads\EBDESIGN\backend\src\routes\communityManagementDomainRoutes.js","1","/api/v1","ROUTE","PRODUCTION_OR_REVIEW"
"C:\Users\DIYA GOEL\Downloads\EBDESIGN\backend\src\routes\communityManagementRoutes.js","1","/api/communitymanagement","ROUTE","PRODUCTION_OR_REVIEW"
"C:\Users\DIYA GOEL\Downloads\EBDESIGN\backend\src\routes\companyDomainRoutes.js","1","/api/v1","ROUTE","PRODUCTION_OR_REVIEW"
"C:\Users\DIYA GOEL\Downloads\EBDESIGN\backend\src\routes\companyRoutes.js","1","/api/company","ROUTE","PRODUCTION_OR_REVIEW"
"C:\Users\DIYA GOEL\Downloads\EBDESIGN\backend\src\routes\completeAIIntegrationDomainRoutes.js","1","/api/v1","ROUTE","PRODUCTION_OR_REVIEW"
"C:\Users\DIYA GOEL\Downloads\EBDESIGN\backend\src\routes\completeAIIntegrationRoutes.js","1","/api/completeaiintegration","ROUTE","PRODUCTION_OR_REVIEW"
"C:\Users\DIYA GOEL\Downloads\EBDESIGN\backend\src\routes\completeERPIntegrationDomainRoutes.js","1","/api/v1","ROUTE","PRODUCTION_OR_REVIEW"
"C:\Users\DIYA GOEL\Downloads\EBDESIGN\backend\src\routes\completeERPIntegrationRoutes.js","1","/api/completeerpintegration","ROUTE","PRODUCTION_OR_REVIEW"
"C:\Users\DIYA GOEL\Downloads\EBDESIGN\backend\src\routes\complianceDomainRoutes.js","1","/api/v1","ROUTE","PRODUCTION_OR_REVIEW"
"C:\Users\DIYA GOEL\Downloads\EBDESIGN\backend\src\routes\complianceRoutes.js","1","/api/compliance","ROUTE","PRODUCTION_OR_REVIEW"
"C:\Users\DIYA GOEL\Downloads\EBDESIGN\backend\src\routes\complianceTracking.js","1","/api/compliancetracking","ROUTE","PRODUCTION_OR_REVIEW"
"C:\Users\DIYA GOEL\Downloads\EBDESIGN\backend\src\routes\comprehensiveERPDomainRoutes.js","1","/api/v1","ROUTE","PRODUCTION_OR_REVIEW"
"C:\Users\DIYA GOEL\Downloads\EBDESIGN\backend\src\routes\comprehensiveERPRoutes.js","1","/api/comprehensiveerp","ROUTE","PRODUCTION_OR_REVIEW"
"C:\Users\DIYA GOEL\Downloads\EBDESIGN\backend\src\routes\contractFarmingRoutes.js","1","/api/v1/strategic/contract-farming","ROUTE","PRODUCTION_OR_REVIEW"
"C:\Users\DIYA GOEL\Downloads\EBDESIGN\backend\src\routes\conversationalAIDomainRoutes.js","1","/api/v1","ROUTE","PRODUCTION_OR_REVIEW"
"C:\Users\DIYA GOEL\Downloads\EBDESIGN\backend\src\routes\cooperativeShareDomainRoutes.js","1","/api/v1","ROUTE","PRODUCTION_OR_REVIEW"
"C:\Users\DIYA GOEL\Downloads\EBDESIGN\backend\src\routes\cooperativeShareRoutes.js","1","/api/cooperativeshare","ROUTE","PRODUCTION_OR_REVIEW"
"C:\Users\DIYA GOEL\Downloads\EBDESIGN\backend\src\routes\costControlDomainRoutes.js","1","/api/v1","ROUTE","PRODUCTION_OR_REVIEW"
"C:\Users\DIYA GOEL\Downloads\EBDESIGN\backend\src\routes\costControlRoutes.js","1","/api/costcontrol","ROUTE","PRODUCTION_OR_REVIEW"
"C:\Users\DIYA GOEL\Downloads\EBDESIGN\backend\src\routes\costRoutes.js","2","/api/cost | /api/v1/cost-management","ROUTE","PRODUCTION_OR_REVIEW"
"C:\Users\DIYA GOEL\Downloads\EBDESIGN\backend\src\routes\cropDomainRoutes.js","1","/api/v1","ROUTE","PRODUCTION_OR_REVIEW"
"C:\Users\DIYA GOEL\Downloads\EBDESIGN\backend\src\routes\cropManagementRoutes.js","1","/api/cropmanagement","ROUTE","PRODUCTION_OR_REVIEW"
"C:\Users\DIYA GOEL\Downloads\EBDESIGN\backend\src\routes\cropPlanningRoutes.js","1","/api/cropplanning","ROUTE","PRODUCTION_OR_REVIEW"
"C:\Users\DIYA GOEL\Downloads\EBDESIGN\backend\src\routes\cropRecommendations.js","1","/api/croprecommendations","ROUTE","PRODUCTION_OR_REVIEW"
"C:\Users\DIYA GOEL\Downloads\EBDESIGN\backend\src\routes\cropValueResearchDomainRoutes.js","1","/api/v1","ROUTE","PRODUCTION_OR_REVIEW"
"C:\Users\DIYA GOEL\Downloads\EBDESIGN\backend\src\routes\cropValueResearchRoutes.js","1","/api/cropvalueresearch","ROUTE","PRODUCTION_OR_REVIEW"
"C:\Users\DIYA GOEL\Downloads\EBDESIGN\backend\src\routes\dairyDomainRoutes.js","1","/api/v1","ROUTE","PRODUCTION_OR_REVIEW"
"C:\Users\DIYA GOEL\Downloads\EBDESIGN\backend\src\routes\dairyRoutes.js","1","/api/dairy","ROUTE","PRODUCTION_OR_REVIEW"
"C:\Users\DIYA GOEL\Downloads\EBDESIGN\backend\src\routes\dashboardRoutes.js","1","/api/dashboard","ROUTE","PRODUCTION_OR_REVIEW"
"C:\Users\DIYA GOEL\Downloads\EBDESIGN\backend\src\routes\databaseManagementRoutes.js","1","/api/database-management","ROUTE","PRODUCTION_OR_REVIEW"
"C:\Users\DIYA GOEL\Downloads\EBDESIGN\backend\src\routes\dataVisualization.js","1","/api/datavisualization","ROUTE","PRODUCTION_OR_REVIEW"
"C:\Users\DIYA GOEL\Downloads\EBDESIGN\backend\src\routes\decisionSupportDomainRoutes.js","1","/api/v1","ROUTE","PRODUCTION_OR_REVIEW"
"C:\Users\DIYA GOEL\Downloads\EBDESIGN\backend\src\routes\decisionSupportRoutes.js","1","/api/decisionsupport","ROUTE","PRODUCTION_OR_REVIEW"
"C:\Users\DIYA GOEL\Downloads\EBDESIGN\backend\src\routes\defenseFitnessPrepDomainRoutes.js","1","/api/v1","ROUTE","PRODUCTION_OR_REVIEW"
"C:\Users\DIYA GOEL\Downloads\EBDESIGN\backend\src\routes\defenseFitnessPrepRoutes.js","1","/api/defensefitnessprep","ROUTE","PRODUCTION_OR_REVIEW"
"C:\Users\DIYA GOEL\Downloads\EBDESIGN\backend\src\routes\demandRoutes.js","1","/api/demand","ROUTE","PRODUCTION_OR_REVIEW"
"C:\Users\DIYA GOEL\Downloads\EBDESIGN\backend\src\routes\devinRoutes.js","1","/api/devin","ROUTE","PRODUCTION_OR_REVIEW"
"C:\Users\DIYA GOEL\Downloads\EBDESIGN\backend\src\routes\dietTherapyRoutes.js","1","/api/diettherapy","ROUTE","PRODUCTION_OR_REVIEW"
"C:\Users\DIYA GOEL\Downloads\EBDESIGN\backend\src\routes\digitalTwinRoutes.js","1","/api/digitaltwin","ROUTE","PRODUCTION_OR_REVIEW"
"C:\Users\DIYA GOEL\Downloads\EBDESIGN\backend\src\routes\dprGenerationRoutes.js","1","/api/dprgeneration","ROUTE","PRODUCTION_OR_REVIEW"
"C:\Users\DIYA GOEL\Downloads\EBDESIGN\backend\src\routes\dual-use\mfaRoutes.js","1","/api/v1/mfa","ROUTE","PRODUCTION_OR_REVIEW"
"C:\Users\DIYA GOEL\Downloads\EBDESIGN\backend\src\routes\ecommerceAIDomainRoutes.js","1","/api/v1","ROUTE","PRODUCTION_OR_REVIEW"
"C:\Users\DIYA GOEL\Downloads\EBDESIGN\backend\src\routes\ecommerceAIRoutes.js","1","/api/ecommerceai","ROUTE","PRODUCTION_OR_REVIEW"
"C:\Users\DIYA GOEL\Downloads\EBDESIGN\backend\src\routes\ecommerceBusinessSalesDomainRoutes.js","1","/api/v1","ROUTE","PRODUCTION_OR_REVIEW"
"C:\Users\DIYA GOEL\Downloads\EBDESIGN\backend\src\routes\ecommerceBusinessSalesRoutes.js","1","/api/ecommercebusinesssales","ROUTE","PRODUCTION_OR_REVIEW"
"C:\Users\DIYA GOEL\Downloads\EBDESIGN\backend\src\routes\ecommerceERPDomainRoutes.js","1","/api/v1","ROUTE","PRODUCTION_OR_REVIEW"
"C:\Users\DIYA GOEL\Downloads\EBDESIGN\backend\src\routes\ecommerceERPRoutes.js","1","/api/ecommerceerp","ROUTE","PRODUCTION_OR_REVIEW"
"C:\Users\DIYA GOEL\Downloads\EBDESIGN\backend\src\routes\ecommerceImageIntegrationRoutes.js","1","/api/commerce/images","ROUTE","PRODUCTION_OR_REVIEW"
"C:\Users\DIYA GOEL\Downloads\EBDESIGN\backend\src\routes\ecommerceIntegrationDomainRoutes.js","1","/api/v1","ROUTE","PRODUCTION_OR_REVIEW"
"C:\Users\DIYA GOEL\Downloads\EBDESIGN\backend\src\routes\ecommerceIntegrationRoutes.js","1","/api/ecommerceintegration","ROUTE","PRODUCTION_OR_REVIEW"
"C:\Users\DIYA GOEL\Downloads\EBDESIGN\backend\src\routes\ecommerceMarketingDomainRoutes.js","1","/api/v1","ROUTE","PRODUCTION_OR_REVIEW"
"C:\Users\DIYA GOEL\Downloads\EBDESIGN\backend\src\routes\ecommerceMarketingRoutes.js","1","/api/ecommercemarketing","ROUTE","PRODUCTION_OR_REVIEW"
"C:\Users\DIYA GOEL\Downloads\EBDESIGN\backend\src\routes\ecommerceMarketplaceDomainRoutes.js","1","/api/v1","ROUTE","PRODUCTION_OR_REVIEW"
"C:\Users\DIYA GOEL\Downloads\EBDESIGN\backend\src\routes\ecommerceRoutes.js","1","/api/ecommerce","ROUTE","PRODUCTION_OR_REVIEW"
"C:\Users\DIYA GOEL\Downloads\EBDESIGN\backend\src\routes\ENDPOINT_MISMATCH_FIXER.js","1","/api/debug","ROUTE","PRODUCTION_OR_REVIEW"
"C:\Users\DIYA GOEL\Downloads\EBDESIGN\backend\src\routes\energyRoutes.js","1","/api/energy","ROUTE","PRODUCTION_OR_REVIEW"
"C:\Users\DIYA GOEL\Downloads\EBDESIGN\backend\src\routes\engineeringProjectDomainRoutes.js","1","/api/v1","ROUTE","PRODUCTION_OR_REVIEW"
"C:\Users\DIYA GOEL\Downloads\EBDESIGN\backend\src\routes\engineeringProjectRoutes.js","1","/api/engineeringproject","ROUTE","PRODUCTION_OR_REVIEW"
"C:\Users\DIYA GOEL\Downloads\EBDESIGN\backend\src\routes\enterpriseIntegrationDomainRoutes.js","1","/api/v1","ROUTE","PRODUCTION_OR_REVIEW"
"C:\Users\DIYA GOEL\Downloads\EBDESIGN\backend\src\routes\enterpriseIntegrationRoutes.js","1","/api/enterpriseintegration","ROUTE","PRODUCTION_OR_REVIEW"
"C:\Users\DIYA GOEL\Downloads\EBDESIGN\backend\src\routes\enterpriseRouteSupport.js","1","/api/enterpriseroutesupport","ROUTE","PRODUCTION_OR_REVIEW"
"C:\Users\DIYA GOEL\Downloads\EBDESIGN\backend\src\routes\equipmentExchangeDomainRoutes.js","1","/api/v1","ROUTE","PRODUCTION_OR_REVIEW"
"C:\Users\DIYA GOEL\Downloads\EBDESIGN\backend\src\routes\escrowDomainRoutes.js","1","/api/v1","ROUTE","PRODUCTION_OR_REVIEW"
"C:\Users\DIYA GOEL\Downloads\EBDESIGN\backend\src\routes\escrowRoutes.js","1","/api/escrow","ROUTE","PRODUCTION_OR_REVIEW"
"C:\Users\DIYA GOEL\Downloads\EBDESIGN\backend\src\routes\experienceLayerDomainRoutes.js","1","/api/v1","ROUTE","PRODUCTION_OR_REVIEW"
"C:\Users\DIYA GOEL\Downloads\EBDESIGN\backend\src\routes\experienceRoutes.js","1","/api/experience","ROUTE","PRODUCTION_OR_REVIEW"
"C:\Users\DIYA GOEL\Downloads\EBDESIGN\backend\src\routes\farmAnalytics.js","1","/api/farmanalytics","ROUTE","PRODUCTION_OR_REVIEW"
"C:\Users\DIYA GOEL\Downloads\EBDESIGN\backend\src\routes\farmCosting.js","3","/api/farmcosting | /api/farm-costing | /api/v1/farm-costing","ROUTE","PRODUCTION_OR_REVIEW"
"C:\Users\DIYA GOEL\Downloads\EBDESIGN\backend\src\routes\farmerFamilyRoutes.js","1","/api/farmerfamily","ROUTE","PRODUCTION_OR_REVIEW"
"C:\Users\DIYA GOEL\Downloads\EBDESIGN\backend\src\routes\farmerHealthDomainRoutes.js","1","/api/v1","ROUTE","PRODUCTION_OR_REVIEW"
"C:\Users\DIYA GOEL\Downloads\EBDESIGN\backend\src\routes\farmerImagePortalRoutes.js","1","/api/farmer/images","ROUTE","PRODUCTION_OR_REVIEW"
"C:\Users\DIYA GOEL\Downloads\EBDESIGN\backend\src\routes\farmerKycDomainRoutes.js","1","/api/v1","ROUTE","PRODUCTION_OR_REVIEW"
"C:\Users\DIYA GOEL\Downloads\EBDESIGN\backend\src\routes\farmerPortalEnhancements.js","1","/api/farmerportalenhancements","ROUTE","PRODUCTION_OR_REVIEW"
"C:\Users\DIYA GOEL\Downloads\EBDESIGN\backend\src\routes\farmerProcurementQuoteRoutes.js","1","/api/v1/farmer-procurement","ROUTE","PRODUCTION_OR_REVIEW"
"C:\Users\DIYA GOEL\Downloads\EBDESIGN\backend\src\routes\farmerRoutes.js","1","/api/farmer","ROUTE","PRODUCTION_OR_REVIEW"
"C:\Users\DIYA GOEL\Downloads\EBDESIGN\backend\src\routes\farmerTrainingRoutes.js","1","/api/farmertraining","ROUTE","PRODUCTION_OR_REVIEW"
"C:\Users\DIYA GOEL\Downloads\EBDESIGN\backend\src\routes\farmerValueDomainRoutes.js","1","/api/v1","ROUTE","PRODUCTION_OR_REVIEW"
"C:\Users\DIYA GOEL\Downloads\EBDESIGN\backend\src\routes\farmerValueRoutes.js","1","/api/farmervalue","ROUTE","PRODUCTION_OR_REVIEW"
"C:\Users\DIYA GOEL\Downloads\EBDESIGN\backend\src\routes\farmerVerificationDomainRoutes.js","1","/api/v1","ROUTE","PRODUCTION_OR_REVIEW"
"C:\Users\DIYA GOEL\Downloads\EBDESIGN\backend\src\routes\fertilizerDomainRoutes.js","1","/api/v1","ROUTE","PRODUCTION_OR_REVIEW"
"C:\Users\DIYA GOEL\Downloads\EBDESIGN\backend\src\routes\fertilizerRoutes.js","1","/api/fertilizer","ROUTE","PRODUCTION_OR_REVIEW"
"C:\Users\DIYA GOEL\Downloads\EBDESIGN\backend\src\routes\finance\gstRoutes.js","1","/api/gst","ROUTE","PRODUCTION_OR_REVIEW"
"C:\Users\DIYA GOEL\Downloads\EBDESIGN\backend\src\routes\financeDomainRoutes.js","1","/api/v1","ROUTE","PRODUCTION_OR_REVIEW"
"C:\Users\DIYA GOEL\Downloads\EBDESIGN\backend\src\routes\financialAIDomainRoutes.js","1","/api/v1","ROUTE","PRODUCTION_OR_REVIEW"
"C:\Users\DIYA GOEL\Downloads\EBDESIGN\backend\src\routes\financialAnalytics.js","1","/api/financialanalytics","ROUTE","PRODUCTION_OR_REVIEW"
"C:\Users\DIYA GOEL\Downloads\EBDESIGN\backend\src\routes\fisheriesDomainRoutes.js","1","/api/v1","ROUTE","PRODUCTION_OR_REVIEW"
"C:\Users\DIYA GOEL\Downloads\EBDESIGN\backend\src\routes\fisheriesManagementRoutes.js","1","/api/fisheriesmanagement","ROUTE","PRODUCTION_OR_REVIEW"
"C:\Users\DIYA GOEL\Downloads\EBDESIGN\backend\src\routes\fisheriesRoutes.js","1","/api/v1/fisheries","ROUTE","PRODUCTION_OR_REVIEW"
"C:\Users\DIYA GOEL\Downloads\EBDESIGN\backend\src\routes\foluBenchmarkRoutes.js","1","/api/folubenchmark","ROUTE","PRODUCTION_OR_REVIEW"
"C:\Users\DIYA GOEL\Downloads\EBDESIGN\backend\src\routes\foluRoutes.js","1","/api/folu","ROUTE","PRODUCTION_OR_REVIEW"
"C:\Users\DIYA GOEL\Downloads\EBDESIGN\backend\src\routes\foodRoutes.js","1","/api/food","ROUTE","PRODUCTION_OR_REVIEW"
"C:\Users\DIYA GOEL\Downloads\EBDESIGN\backend\src\routes\forestryRoutes.js","1","/api/v1/forestry","ROUTE","PRODUCTION_OR_REVIEW"
"C:\Users\DIYA GOEL\Downloads\EBDESIGN\backend\src\routes\freightPooling.js","1","/api/freightpooling","ROUTE","PRODUCTION_OR_REVIEW"
"C:\Users\DIYA GOEL\Downloads\EBDESIGN\backend\src\routes\freightPoolingRoutes.js","1","/api/freightpooling","ROUTE","PRODUCTION_OR_REVIEW"
"C:\Users\DIYA GOEL\Downloads\EBDESIGN\backend\src\routes\gdprComplianceRoutes.js","2","/api/gdpr | /api/v1/gdpr","ROUTE","PRODUCTION_OR_REVIEW"
"C:\Users\DIYA GOEL\Downloads\EBDESIGN\backend\src\routes\gdprRoutes.js","1","/api/v1/privacy","ROUTE","PRODUCTION_OR_REVIEW"
"C:\Users\DIYA GOEL\Downloads\EBDESIGN\backend\src\routes\geofencingRoutes.js","1","/api/geofencing","ROUTE","PRODUCTION_OR_REVIEW"
"C:\Users\DIYA GOEL\Downloads\EBDESIGN\backend\src\routes\glutWarningRoutes.js","1","/api/glutwarning","ROUTE","PRODUCTION_OR_REVIEW"
"C:\Users\DIYA GOEL\Downloads\EBDESIGN\backend\src\routes\goatRoutes.js","1","/api/goat","ROUTE","PRODUCTION_OR_REVIEW"
"C:\Users\DIYA GOEL\Downloads\EBDESIGN\backend\src\routes\governanceModule.js","2","/api/governancemodule | /api/v1/governance","ROUTE","PRODUCTION_OR_REVIEW"
"C:\Users\DIYA GOEL\Downloads\EBDESIGN\backend\src\routes\governmentSubsidyRoutes.js","1","/api/v1/strategic/government","ROUTE","PRODUCTION_OR_REVIEW"
"C:\Users\DIYA GOEL\Downloads\EBDESIGN\backend\src\routes\greenhouse.js","1","/api/greenhouse","ROUTE","PRODUCTION_OR_REVIEW"
"C:\Users\DIYA GOEL\Downloads\EBDESIGN\backend\src\routes\healthRoutes.js","1","/health","ROUTE","PRODUCTION_OR_REVIEW"
"C:\Users\DIYA GOEL\Downloads\EBDESIGN\backend\src\routes\horticulture.js","1","/api/horticulture","ROUTE","PRODUCTION_OR_REVIEW"
"C:\Users\DIYA GOEL\Downloads\EBDESIGN\backend\src\routes\horticultureManagementDomainRoutes.js","1","/api/v1","ROUTE","PRODUCTION_OR_REVIEW"
"C:\Users\DIYA GOEL\Downloads\EBDESIGN\backend\src\routes\horticultureManagementRoutes.js","1","/api/horticulturemanagement","ROUTE","PRODUCTION_OR_REVIEW"
"C:\Users\DIYA GOEL\Downloads\EBDESIGN\backend\src\routes\householdProcurementRoutes.js","1","/api/v1/strategic/household","ROUTE","PRODUCTION_OR_REVIEW"
"C:\Users\DIYA GOEL\Downloads\EBDESIGN\backend\src\routes\hrRoutes.js","1","/api/hr","ROUTE","PRODUCTION_OR_REVIEW"
"C:\Users\DIYA GOEL\Downloads\EBDESIGN\backend\src\routes\identityManagementRoutes.js","1","/api/identitymanagement","ROUTE","PRODUCTION_OR_REVIEW"
"C:\Users\DIYA GOEL\Downloads\EBDESIGN\backend\src\routes\index.js","1","/api/index","ROUTE","PRODUCTION_OR_REVIEW"
"C:\Users\DIYA GOEL\Downloads\EBDESIGN\backend\src\routes\indiaCoverageRoutes.js","1","/api/v1/india-coverage","ROUTE","PRODUCTION_OR_REVIEW"
"C:\Users\DIYA GOEL\Downloads\EBDESIGN\backend\src\routes\informationSharingRoutes.js","1","/api/informationsharing","ROUTE","PRODUCTION_OR_REVIEW"
"C:\Users\DIYA GOEL\Downloads\EBDESIGN\backend\src\routes\infrastructureMonitoringRoutes.js","2","/api/monitoring | /api/v1/monitoring","ROUTE","PRODUCTION_OR_REVIEW"
"C:\Users\DIYA GOEL\Downloads\EBDESIGN\backend\src\routes\inputSupplyManagementRoutes.js","1","/api/inputsupplymanagement","ROUTE","PRODUCTION_OR_REVIEW"
"C:\Users\DIYA GOEL\Downloads\EBDESIGN\backend\src\routes\insuranceDomainRoutes.js","1","/api/v1","ROUTE","PRODUCTION_OR_REVIEW"
"C:\Users\DIYA GOEL\Downloads\EBDESIGN\backend\src\routes\insuranceEnhancements.js","1","/api/insuranceenhancements","ROUTE","PRODUCTION_OR_REVIEW"
"C:\Users\DIYA GOEL\Downloads\EBDESIGN\backend\src\routes\integrationStatusRoutes.js","1","/api/status","ROUTE","PRODUCTION_OR_REVIEW"
"C:\Users\DIYA GOEL\Downloads\EBDESIGN\backend\src\routes\iotIntegrationRoutes.js","1","/api/iotintegration","ROUTE","PRODUCTION_OR_REVIEW"
"C:\Users\DIYA GOEL\Downloads\EBDESIGN\backend\src\routes\iotSensors.js","1","/api/iotsensors","ROUTE","PRODUCTION_OR_REVIEW"
"C:\Users\DIYA GOEL\Downloads\EBDESIGN\backend\src\routes\irrigationManagementRoutes.js","1","/api/irrigationmanagement","ROUTE","PRODUCTION_OR_REVIEW"
"C:\Users\DIYA GOEL\Downloads\EBDESIGN\backend\src\routes\knowledgeGraphDomainRoutes.js","1","/api/v1","ROUTE","PRODUCTION_OR_REVIEW"
"C:\Users\DIYA GOEL\Downloads\EBDESIGN\backend\src\routes\knowledgeRoutes.js","1","/api/knowledge","ROUTE","PRODUCTION_OR_REVIEW"
"C:\Users\DIYA GOEL\Downloads\EBDESIGN\backend\src\routes\landManagementRoutes.js","1","/api/landmanagement","ROUTE","PRODUCTION_OR_REVIEW"
"C:\Users\DIYA GOEL\Downloads\EBDESIGN\backend\src\routes\landRecordsDomainRoutes.js","1","/api/v1","ROUTE","PRODUCTION_OR_REVIEW"
"C:\Users\DIYA GOEL\Downloads\EBDESIGN\backend\src\routes\landRecordsRoutes.js","1","/api/landrecords","ROUTE","PRODUCTION_OR_REVIEW"
"C:\Users\DIYA GOEL\Downloads\EBDESIGN\backend\src\routes\libraryAIWorkspaceRoutes.js","4","/api/ai/library-workspace | /api/library-ai-workspace | /api/v1/ai/library-workspace | /api/v1/library-ai","ROUTE","PRODUCTION_OR_REVIEW"
"C:\Users\DIYA GOEL\Downloads\EBDESIGN\backend\src\routes\libraryRoutes.js","3","/api/library | /api/library-knowledge | /api/v1/library","ROUTE","PRODUCTION_OR_REVIEW"
"C:\Users\DIYA GOEL\Downloads\EBDESIGN\backend\src\routes\livestock.js","1","/api/livestock","ROUTE","PRODUCTION_OR_REVIEW"
"C:\Users\DIYA GOEL\Downloads\EBDESIGN\backend\src\routes\livestockDomainRoutes.js","1","/api/v1","ROUTE","PRODUCTION_OR_REVIEW"
"C:\Users\DIYA GOEL\Downloads\EBDESIGN\backend\src\routes\livestockManagementRoutes.js","1","/api/livestockmanagement","ROUTE","PRODUCTION_OR_REVIEW"
"C:\Users\DIYA GOEL\Downloads\EBDESIGN\backend\src\routes\livestockRouteSupport.js","1","/api/livestockroutesupport","ROUTE","PRODUCTION_OR_REVIEW"
"C:\Users\DIYA GOEL\Downloads\EBDESIGN\backend\src\routes\loanManagement.js","1","/api/loanmanagement","ROUTE","PRODUCTION_OR_REVIEW"
"C:\Users\DIYA GOEL\Downloads\EBDESIGN\backend\src\routes\logisticsAIDomainRoutes.js","1","/api/v1","ROUTE","PRODUCTION_OR_REVIEW"
"C:\Users\DIYA GOEL\Downloads\EBDESIGN\backend\src\routes\logisticsEnhancementRoutes.js","1","/api/logisticsenhancement","ROUTE","PRODUCTION_OR_REVIEW"
"C:\Users\DIYA GOEL\Downloads\EBDESIGN\backend\src\routes\logisticsEnhancements.js","1","/api/logisticsenhancements","ROUTE","PRODUCTION_OR_REVIEW"
"C:\Users\DIYA GOEL\Downloads\EBDESIGN\backend\src\routes\m400AiBackboneRoutes.js","1","/api/m400aibackbone","ROUTE","PRODUCTION_OR_REVIEW"
"C:\Users\DIYA GOEL\Downloads\EBDESIGN\backend\src\routes\marketAnalytics.js","1","/api/marketanalytics","ROUTE","PRODUCTION_OR_REVIEW"
"C:\Users\DIYA GOEL\Downloads\EBDESIGN\backend\src\routes\marketDataRoutes.js","1","/api/marketdata","ROUTE","PRODUCTION_OR_REVIEW"
"C:\Users\DIYA GOEL\Downloads\EBDESIGN\backend\src\routes\marketplaceEnhancements.js","1","/api/marketplaceenhancements","ROUTE","PRODUCTION_OR_REVIEW"
"C:\Users\DIYA GOEL\Downloads\EBDESIGN\backend\src\routes\mfaDomainRoutes.js","1","/api/v1","ROUTE","PRODUCTION_OR_REVIEW"
"C:\Users\DIYA GOEL\Downloads\EBDESIGN\backend\src\routes\mlOptimization.js","1","/api/mloptimization","ROUTE","PRODUCTION_OR_REVIEW"
"C:\Users\DIYA GOEL\Downloads\EBDESIGN\backend\src\routes\moduleRegistryRoutes.js","1","/api/v1/module-registry","ROUTE","PRODUCTION_OR_REVIEW"
"C:\Users\DIYA GOEL\Downloads\EBDESIGN\backend\src\routes\multilingualDomainRoutes.js","1","/api/v1","ROUTE","PRODUCTION_OR_REVIEW"
"C:\Users\DIYA GOEL\Downloads\EBDESIGN\backend\src\routes\mushroomRoutes.js","1","/api/v1/mushroom","ROUTE","PRODUCTION_OR_REVIEW"
"C:\Users\DIYA GOEL\Downloads\EBDESIGN\backend\src\routes\nervousSystemRoutes.js","1","/api/nervoussystem","ROUTE","PRODUCTION_OR_REVIEW"
"C:\Users\DIYA GOEL\Downloads\EBDESIGN\backend\src\routes\neVarietiesRoutes.js","1","/api/v1/varieties","ROUTE","PRODUCTION_OR_REVIEW"
"C:\Users\DIYA GOEL\Downloads\EBDESIGN\backend\src\routes\nlp.js","1","/api/nlp","ROUTE","PRODUCTION_OR_REVIEW"
"C:\Users\DIYA GOEL\Downloads\EBDESIGN\backend\src\routes\notificationDomainRoutes.js","1","/api/v1","ROUTE","PRODUCTION_OR_REVIEW"
"C:\Users\DIYA GOEL\Downloads\EBDESIGN\backend\src\routes\nutrientValueSalesRoutes.js","1","/api/nutrientvaluesales","ROUTE","PRODUCTION_OR_REVIEW"
"C:\Users\DIYA GOEL\Downloads\EBDESIGN\backend\src\routes\nutritionIntelligenceRoutes.js","3","/api/nutritionintelligence | /api/nutrition-intelligence | /api/v1/nutrition-intelligence","ROUTE","PRODUCTION_OR_REVIEW"
"C:\Users\DIYA GOEL\Downloads\EBDESIGN\backend\src\routes\operationsManagementRoutes.js","1","/api/operationsmanagement","ROUTE","PRODUCTION_OR_REVIEW"
"C:\Users\DIYA GOEL\Downloads\EBDESIGN\backend\src\routes\operationsRouteSupport.js","1","/api/operationsroutesupport","ROUTE","PRODUCTION_OR_REVIEW"
"C:\Users\DIYA GOEL\Downloads\EBDESIGN\backend\src\routes\optimizationRoutes.js","1","/api/v1/optimization","ROUTE","PRODUCTION_OR_REVIEW"
"C:\Users\DIYA GOEL\Downloads\EBDESIGN\backend\src\routes\orderRoutes.js","1","/api/order","ROUTE","PRODUCTION_OR_REVIEW"
"C:\Users\DIYA GOEL\Downloads\EBDESIGN\backend\src\routes\ordersDomainRoutes.js","1","/api/v1","ROUTE","PRODUCTION_OR_REVIEW"
"C:\Users\DIYA GOEL\Downloads\EBDESIGN\backend\src\routes\organicTraceabilityDomainRoutes.js","1","/api/v1","ROUTE","PRODUCTION_OR_REVIEW"
"C:\Users\DIYA GOEL\Downloads\EBDESIGN\backend\src\routes\organizationDomainRoutes.js","1","/api/v1","ROUTE","PRODUCTION_OR_REVIEW"
"C:\Users\DIYA GOEL\Downloads\EBDESIGN\backend\src\routes\organizationManagementRoutes.js","1","/api/organizationmanagement","ROUTE","PRODUCTION_OR_REVIEW"
"C:\Users\DIYA GOEL\Downloads\EBDESIGN\backend\src\routes\ORPHANED_SERVICES_MOUNT.js","1","/api/orphaned_services_mount","ROUTE","PRODUCTION_OR_REVIEW"
"C:\Users\DIYA GOEL\Downloads\EBDESIGN\backend\src\routes\paymentGatewayRoutes.js","1","/api/paymentgateway","ROUTE","PRODUCTION_OR_REVIEW"
"C:\Users\DIYA GOEL\Downloads\EBDESIGN\backend\src\routes\paymentRoutes.js","1","/api/payment","ROUTE","PRODUCTION_OR_REVIEW"
"C:\Users\DIYA GOEL\Downloads\EBDESIGN\backend\src\routes\pestForecastingDomainRoutes.js","1","/api/v1","ROUTE","PRODUCTION_OR_REVIEW"
"C:\Users\DIYA GOEL\Downloads\EBDESIGN\backend\src\routes\phase10.js","1","/api/phase10","ROUTE","PRODUCTION_OR_REVIEW"
"C:\Users\DIYA GOEL\Downloads\EBDESIGN\backend\src\routes\phase11.js","1","/api/phase11","ROUTE","PRODUCTION_OR_REVIEW"
"C:\Users\DIYA GOEL\Downloads\EBDESIGN\backend\src\routes\phase12.js","1","/api/phase12","ROUTE","PRODUCTION_OR_REVIEW"
"C:\Users\DIYA GOEL\Downloads\EBDESIGN\backend\src\routes\phase8.js","1","/api/phase8","ROUTE","PRODUCTION_OR_REVIEW"
"C:\Users\DIYA GOEL\Downloads\EBDESIGN\backend\src\routes\phase9.js","1","/api/phase9","ROUTE","PRODUCTION_OR_REVIEW"
"C:\Users\DIYA GOEL\Downloads\EBDESIGN\backend\src\routes\pigRoutes.js","1","/api/pig","ROUTE","PRODUCTION_OR_REVIEW"
"C:\Users\DIYA GOEL\Downloads\EBDESIGN\backend\src\routes\platformConfigurationRoutes.js","1","/api/platformconfiguration","ROUTE","PRODUCTION_OR_REVIEW"
"C:\Users\DIYA GOEL\Downloads\EBDESIGN\backend\src\routes\platformCoreDomainRoutes.js","1","/api/v1","ROUTE","PRODUCTION_OR_REVIEW"
"C:\Users\DIYA GOEL\Downloads\EBDESIGN\backend\src\routes\platformCoreRoutes.js","1","/api/platformcore","ROUTE","PRODUCTION_OR_REVIEW"
"C:\Users\DIYA GOEL\Downloads\EBDESIGN\backend\src\routes\platformTelemetryRoutes.js","1","/api/platformtelemetry","ROUTE","PRODUCTION_OR_REVIEW"
"C:\Users\DIYA GOEL\Downloads\EBDESIGN\backend\src\routes\poultryDomainRoutes.js","1","/api/v1","ROUTE","PRODUCTION_OR_REVIEW"
"C:\Users\DIYA GOEL\Downloads\EBDESIGN\backend\src\routes\poultryRoutes.js","1","/api/poultry","ROUTE","PRODUCTION_OR_REVIEW"
"C:\Users\DIYA GOEL\Downloads\EBDESIGN\backend\src\routes\predictiveAnalytics.js","1","/api/predictiveanalytics","ROUTE","PRODUCTION_OR_REVIEW"
"C:\Users\DIYA GOEL\Downloads\EBDESIGN\backend\src\routes\predictiveIntelligenceRoutes.js","1","/api/predictiveintelligence","ROUTE","PRODUCTION_OR_REVIEW"
"C:\Users\DIYA GOEL\Downloads\EBDESIGN\backend\src\routes\preSeasonPurchaseRoutes.js","1","/api/v1/strategic/pre-season","ROUTE","PRODUCTION_OR_REVIEW"
"C:\Users\DIYA GOEL\Downloads\EBDESIGN\backend\src\routes\preventiveMaintenanceRoutes.js","1","/api/preventivemaintenance","ROUTE","PRODUCTION_OR_REVIEW"
"C:\Users\DIYA GOEL\Downloads\EBDESIGN\backend\src\routes\priceForecasting.js","1","/api/priceforecasting","ROUTE","PRODUCTION_OR_REVIEW"
"C:\Users\DIYA GOEL\Downloads\EBDESIGN\backend\src\routes\privacyDomainRoutes.js","1","/api/v1","ROUTE","PRODUCTION_OR_REVIEW"
"C:\Users\DIYA GOEL\Downloads\EBDESIGN\backend\src\routes\productCertifications.js","1","/api/productcertifications","ROUTE","PRODUCTION_OR_REVIEW"
"C:\Users\DIYA GOEL\Downloads\EBDESIGN\backend\src\routes\productImageAutoGenerationRoutes.js","1","/api/auto-generation","ROUTE","PRODUCTION_OR_REVIEW"
"C:\Users\DIYA GOEL\Downloads\EBDESIGN\backend\src\routes\productMediaAIRoutes.js","3","/api/ai/product-media-ai | /api/productmediaai | /api/v1/ai/product-media-ai","ROUTE","PRODUCTION_OR_REVIEW"
"C:\Users\DIYA GOEL\Downloads\EBDESIGN\backend\src\routes\productReviewRoutes.js","1","/api/productreview","ROUTE","PRODUCTION_OR_REVIEW"
"C:\Users\DIYA GOEL\Downloads\EBDESIGN\backend\src\routes\productRoutes.js","1","/api/product","ROUTE","PRODUCTION_OR_REVIEW"
"C:\Users\DIYA GOEL\Downloads\EBDESIGN\backend\src\routes\projectSystemsRoutes.js","1","/api/projectsystems","ROUTE","PRODUCTION_OR_REVIEW"
"C:\Users\DIYA GOEL\Downloads\EBDESIGN\backend\src\routes\publicDataRoutes.js","1","/api/publicdata","ROUTE","PRODUCTION_OR_REVIEW"
"C:\Users\DIYA GOEL\Downloads\EBDESIGN\backend\src\routes\qualityAssurance.js","1","/api/qualityassurance","ROUTE","PRODUCTION_OR_REVIEW"
"C:\Users\DIYA GOEL\Downloads\EBDESIGN\backend\src\routes\realtimeMonitoringDomainRoutes.js","1","/api/v1","ROUTE","PRODUCTION_OR_REVIEW"
"C:\Users\DIYA GOEL\Downloads\EBDESIGN\backend\src\routes\realtimeMonitoringRoutes.js","1","/api/realtimemonitoring","ROUTE","PRODUCTION_OR_REVIEW"
"C:\Users\DIYA GOEL\Downloads\EBDESIGN\backend\src\routes\recoveredFinanceRoutes.js","1","/api/recoveredfinance","ROUTE","PRODUCTION_OR_REVIEW"
"C:\Users\DIYA GOEL\Downloads\EBDESIGN\backend\src\routes\regionalVarietyRoutes.js","1","/api/regionalvariety","ROUTE","PRODUCTION_OR_REVIEW"
"C:\Users\DIYA GOEL\Downloads\EBDESIGN\backend\src\routes\researchAndDevelopmentDomainRoutes.js","1","/api/v1","ROUTE","PRODUCTION_OR_REVIEW"
"C:\Users\DIYA GOEL\Downloads\EBDESIGN\backend\src\routes\researchAndDevelopmentRoutes.js","1","/api/researchanddevelopment","ROUTE","PRODUCTION_OR_REVIEW"
"C:\Users\DIYA GOEL\Downloads\EBDESIGN\backend\src\routes\returnLoadBoardDomainRoutes.js","1","/api/v1","ROUTE","PRODUCTION_OR_REVIEW"
"C:\Users\DIYA GOEL\Downloads\EBDESIGN\backend\src\routes\returnLoadBoardRoutes.js","1","/api/returnloadboard","ROUTE","PRODUCTION_OR_REVIEW"
"C:\Users\DIYA GOEL\Downloads\EBDESIGN\backend\src\routes\revenueRoutes.js","1","/api/revenue","ROUTE","PRODUCTION_OR_REVIEW"
"C:\Users\DIYA GOEL\Downloads\EBDESIGN\backend\src\routes\rfqDomainRoutes.js","1","/api/v1","ROUTE","PRODUCTION_OR_REVIEW"
"C:\Users\DIYA GOEL\Downloads\EBDESIGN\backend\src\routes\rfqRoutes.js","1","/api/rfq","ROUTE","PRODUCTION_OR_REVIEW"
"C:\Users\DIYA GOEL\Downloads\EBDESIGN\backend\src\routes\riskAssessment.js","1","/api/riskassessment","ROUTE","PRODUCTION_OR_REVIEW"
"C:\Users\DIYA GOEL\Downloads\EBDESIGN\backend\src\routes\riskPricingRoutes.js","1","/api/riskpricing","ROUTE","PRODUCTION_OR_REVIEW"
"C:\Users\DIYA GOEL\Downloads\EBDESIGN\backend\src\routes\roboticsRoutes.js","1","/api/v1/robotics","ROUTE","PRODUCTION_OR_REVIEW"
"C:\Users\DIYA GOEL\Downloads\EBDESIGN\backend\src\routes\roleManagementRoutes.js","1","/api/rolemanagement","ROUTE","PRODUCTION_OR_REVIEW"
"C:\Users\DIYA GOEL\Downloads\EBDESIGN\backend\src\routes\sapModuleArchitectureDomainRoutes.js","1","/api/v1","ROUTE","PRODUCTION_OR_REVIEW"
"C:\Users\DIYA GOEL\Downloads\EBDESIGN\backend\src\routes\sapModuleArchitectureRoutes.js","1","/api/sapmodulearchitecture","ROUTE","PRODUCTION_OR_REVIEW"
"C:\Users\DIYA GOEL\Downloads\EBDESIGN\backend\src\routes\seedVaultRoutes.js","2","/api/seedvault | /api/v1/seed-vault","ROUTE","PRODUCTION_OR_REVIEW"
"C:\Users\DIYA GOEL\Downloads\EBDESIGN\backend\src\routes\sellerRankingDomainRoutes.js","1","/api/v1","ROUTE","PRODUCTION_OR_REVIEW"
"C:\Users\DIYA GOEL\Downloads\EBDESIGN\backend\src\routes\sellerRankingRoutes.js","1","/api/sellerranking","ROUTE","PRODUCTION_OR_REVIEW"
"C:\Users\DIYA GOEL\Downloads\EBDESIGN\backend\src\routes\sellerVerifications.js","1","/api/sellerverifications","ROUTE","PRODUCTION_OR_REVIEW"
"C:\Users\DIYA GOEL\Downloads\EBDESIGN\backend\src\routes\sericultureRoutes.js","1","/api/v1/sericulture","ROUTE","PRODUCTION_OR_REVIEW"
"C:\Users\DIYA GOEL\Downloads\EBDESIGN\backend\src\routes\sharedCapacityRoutes.js","1","/api/v1/shared-capacity","ROUTE","PRODUCTION_OR_REVIEW"
"C:\Users\DIYA GOEL\Downloads\EBDESIGN\backend\src\routes\sheepDomainRoutes.js","1","/api/v1","ROUTE","PRODUCTION_OR_REVIEW"
"C:\Users\DIYA GOEL\Downloads\EBDESIGN\backend\src\routes\sheepRoutes.js","1","/api/sheep","ROUTE","PRODUCTION_OR_REVIEW"
"C:\Users\DIYA GOEL\Downloads\EBDESIGN\backend\src\routes\soilDomainRoutes.js","1","/api/v1","ROUTE","PRODUCTION_OR_REVIEW"
"C:\Users\DIYA GOEL\Downloads\EBDESIGN\backend\src\routes\soilHealth.js","1","/api/soilhealth","ROUTE","PRODUCTION_OR_REVIEW"
"C:\Users\DIYA GOEL\Downloads\EBDESIGN\backend\src\routes\soilManagementRoutes.js","1","/api/soilmanagement","ROUTE","PRODUCTION_OR_REVIEW"
"C:\Users\DIYA GOEL\Downloads\EBDESIGN\backend\src\routes\stripeWebhookRoutes.js","1","/api","ROUTE","PRODUCTION_OR_REVIEW"
"C:\Users\DIYA GOEL\Downloads\EBDESIGN\backend\src\routes\subscriptions.js","1","/api/subscriptions","ROUTE","PRODUCTION_OR_REVIEW"
"C:\Users\DIYA GOEL\Downloads\EBDESIGN\backend\src\routes\supplyChainAnalytics.js","1","/api/supplychainanalytics","ROUTE","PRODUCTION_OR_REVIEW"
"C:\Users\DIYA GOEL\Downloads\EBDESIGN\backend\src\routes\supplyChainDecisionRoutes.js","2","/api/supply-chain | /api/v1/supply-chain","ROUTE","PRODUCTION_OR_REVIEW"
"C:\Users\DIYA GOEL\Downloads\EBDESIGN\backend\src\routes\supplyChainTracking.js","1","/api/supplychaintracking","ROUTE","PRODUCTION_OR_REVIEW"
"C:\Users\DIYA GOEL\Downloads\EBDESIGN\backend\src\routes\systemAdministrationDomainRoutes.js","1","/api/v1","ROUTE","PRODUCTION_OR_REVIEW"
"C:\Users\DIYA GOEL\Downloads\EBDESIGN\backend\src\routes\systemAdministrationRoutes.js","1","/api/systemadministration","ROUTE","PRODUCTION_OR_REVIEW"
"C:\Users\DIYA GOEL\Downloads\EBDESIGN\backend\src\routes\tenantManagementDomainRoutes.js","1","/api/v1","ROUTE","PRODUCTION_OR_REVIEW"
"C:\Users\DIYA GOEL\Downloads\EBDESIGN\backend\src\routes\tenantManagementRoutes.js","1","/api/tenantmanagement","ROUTE","PRODUCTION_OR_REVIEW"
"C:\Users\DIYA GOEL\Downloads\EBDESIGN\backend\src\routes\trackDartRoutes.js","1","/api/trackdart","ROUTE","PRODUCTION_OR_REVIEW"
"C:\Users\DIYA GOEL\Downloads\EBDESIGN\backend\src\routes\transactionDomainRoutes.js","1","/api/v1","ROUTE","PRODUCTION_OR_REVIEW"
"C:\Users\DIYA GOEL\Downloads\EBDESIGN\backend\src\routes\transactionRoutes.js","1","/api/transaction","ROUTE","PRODUCTION_OR_REVIEW"
"C:\Users\DIYA GOEL\Downloads\EBDESIGN\backend\src\routes\unifiedAIGateway.js","1","/api/unifiedaigateway","ROUTE","PRODUCTION_OR_REVIEW"
"C:\Users\DIYA GOEL\Downloads\EBDESIGN\backend\src\routes\unifiedAIRoutes.js","3","/api/ai | /api/unifiedai | /api/v1/ai","ROUTE","PRODUCTION_OR_REVIEW"
"C:\Users\DIYA GOEL\Downloads\EBDESIGN\backend\src\routes\userRoutes.js","1","/api/user","ROUTE","PRODUCTION_OR_REVIEW"
"C:\Users\DIYA GOEL\Downloads\EBDESIGN\backend\src\routes\vendorRoutes.js","1","/api/vendor","ROUTE","PRODUCTION_OR_REVIEW"
"C:\Users\DIYA GOEL\Downloads\EBDESIGN\backend\src\routes\vermicompostRoutes.js","1","/api/v1/vermicompost","ROUTE","PRODUCTION_OR_REVIEW"
"C:\Users\DIYA GOEL\Downloads\EBDESIGN\backend\src\routes\videoAnalytics.js","1","/api/videoanalytics","ROUTE","PRODUCTION_OR_REVIEW"
"C:\Users\DIYA GOEL\Downloads\EBDESIGN\backend\src\routes\visionRoutes.js","1","/api/vision","ROUTE","PRODUCTION_OR_REVIEW"
"C:\Users\DIYA GOEL\Downloads\EBDESIGN\backend\src\routes\voiceAIDomainRoutes.js","1","/api/v1","ROUTE","PRODUCTION_OR_REVIEW"
"C:\Users\DIYA GOEL\Downloads\EBDESIGN\backend\src\routes\vr.js","1","/api/vr","ROUTE","PRODUCTION_OR_REVIEW"
"C:\Users\DIYA GOEL\Downloads\EBDESIGN\backend\src\routes\walletDomainRoutes.js","1","/api/v1","ROUTE","PRODUCTION_OR_REVIEW"
"C:\Users\DIYA GOEL\Downloads\EBDESIGN\backend\src\routes\walletRoutes.js","1","/api/wallet","ROUTE","PRODUCTION_OR_REVIEW"
"C:\Users\DIYA GOEL\Downloads\EBDESIGN\backend\src\routes\warehouseManagement.js","1","/api/warehousemanagement","ROUTE","PRODUCTION_OR_REVIEW"
"C:\Users\DIYA GOEL\Downloads\EBDESIGN\backend\src\routes\waterManagementRoutes.js","1","/api/watermanagement","ROUTE","PRODUCTION_OR_REVIEW"
"C:\Users\DIYA GOEL\Downloads\EBDESIGN\backend\src\routes\wearableIntegrationRoutes.js","1","/api/wearableintegration","ROUTE","PRODUCTION_OR_REVIEW"
"C:\Users\DIYA GOEL\Downloads\EBDESIGN\backend\src\routes\weatherAdvisory.js","1","/api/weatheradvisory","ROUTE","PRODUCTION_OR_REVIEW"
"C:\Users\DIYA GOEL\Downloads\EBDESIGN\backend\src\routes\weatherDomainRoutes.js","1","/api/v1","ROUTE","PRODUCTION_OR_REVIEW"
"C:\Users\DIYA GOEL\Downloads\EBDESIGN\backend\src\routes\weatherRoutes.js","1","/api/weather","ROUTE","PRODUCTION_OR_REVIEW"
"C:\Users\DIYA GOEL\Downloads\EBDESIGN\backend\src\routes\wikipediaRoutes.js","1","/api/wikipedia","ROUTE","PRODUCTION_OR_REVIEW"
"C:\Users\DIYA GOEL\Downloads\EBDESIGN\backend\src\routes\yieldManagement.js","1","/api/yieldmanagement","ROUTE","PRODUCTION_OR_REVIEW"
"C:\Users\DIYA GOEL\Downloads\EBDESIGN\backend\src\services\legacy\aiCopilotService.js","2","/api/ai/copilot | /api/v1/ai/copilot","SERVICE","PRODUCTION_OR_REVIEW"
"C:\Users\DIYA GOEL\Downloads\EBDESIGN\backend\src\services\legacy\enterpriseControlService.js","1","/api/v1/enterprise-control","SERVICE","PRODUCTION_OR_REVIEW"
"C:\Users\DIYA GOEL\Downloads\EBDESIGN\backend\src\services\legacy\erpService.js","1","/api/v1/erp","SERVICE","PRODUCTION_OR_REVIEW"
"C:\Users\DIYA GOEL\Downloads\EBDESIGN\backend\src\services\platform\smsAuthService.js","1","/api/v1/sms-auth","MIDDLEWARE_OR_AUTH","PRODUCTION_OR_REVIEW"
