"RelativePath","FullPath","Name","Extension","SizeBytes","Created","LastWrite","Attributes"
"01_COMPLETE_FILE_INVENTORY\COMPLETE_FILE_INVENTORY.csv","C:\Users\DIYA GOEL\Downloads\EBDESIGN\_SUBH_FORENSIC_REBUILD\01_COMPLETE_FILE_INVENTORY\COMPLETE_FILE_INVENTORY.csv","COMPLETE_FILE_INVENTORY.csv",".csv","54936606","15-08-2026 00:10:17","15-08-2026 00:25:30","Archive"
"01_COMPLETE_FILE_INVENTORY\RAW_FILE_DISCOVERY.json","C:\Users\DIYA GOEL\Downloads\EBDESIGN\_SUBH_FORENSIC_REBUILD\01_COMPLETE_FILE_INVENTORY\RAW_FILE_DISCOVERY.json","RAW_FILE_DISCOVERY.json",".json","34143170","15-08-2026 00:06:03","15-08-2026 00:06:57","Archive"
"02_DIRECTORY_INVENTORY\DIRECTORY_INVENTORY.csv","C:\Users\DIYA GOEL\Downloads\EBDESIGN\_SUBH_FORENSIC_REBUILD\02_DIRECTORY_INVENTORY\DIRECTORY_INVENTORY.csv","DIRECTORY_INVENTORY.csv",".csv","3722747","15-08-2026 00:11:55","15-08-2026 00:14:28","Archive"
"02_DIRECTORY_INVENTORY\DIRECTORY_TREE.txt","C:\Users\DIYA GOEL\Downloads\EBDESIGN\_SUBH_FORENSIC_REBUILD\02_DIRECTORY_INVENTORY\DIRECTORY_TREE.txt","DIRECTORY_TREE.txt",".txt","5630278","15-08-2026 00:14:28","15-08-2026 00:19:59","Archive"
"03_DUPLICATE_ANALYSIS\EXACT_DUPLICATES.csv","C:\Users\DIYA GOEL\Downloads\EBDESIGN\_SUBH_FORENSIC_REBUILD\03_DUPLICATE_ANALYSIS\EXACT_DUPLICATES.csv","EXACT_DUPLICATES.csv",".csv","2249356","15-08-2026 00:27:16","15-08-2026 00:58:22","Archive"
"03_DUPLICATE_ANALYSIS\NAME_DUPLICATES.csv","C:\Users\DIYA GOEL\Downloads\EBDESIGN\_SUBH_FORENSIC_REBUILD\03_DUPLICATE_ANALYSIS\NAME_DUPLICATES.csv","NAME_DUPLICATES.csv",".csv","522276","15-08-2026 00:58:27","15-08-2026 01:04:32","Archive"
"04_NAMING_ANALYSIS\NAMING_CONFLICTS.csv","C:\Users\DIYA GOEL\Downloads\EBDESIGN\_SUBH_FORENSIC_REBUILD\04_NAMING_ANALYSIS\NAMING_CONFLICTS.csv","NAMING_CONFLICTS.csv",".csv","1657431","15-08-2026 00:48:00","15-08-2026 01:08:18","Archive"
"05_ROUTE_ANALYSIS\MASTER_ROUTE_REGISTRY.csv","C:\Users\DIYA GOEL\Downloads\EBDESIGN\_SUBH_FORENSIC_REBUILD\05_ROUTE_ANALYSIS\MASTER_ROUTE_REGISTRY.csv","MASTER_ROUTE_REGISTRY.csv",".csv","126027","15-08-2026 00:27:59","15-08-2026 00:28:04","Archive"
"06_IMPORT_REFERENCE_GRAPH\MASTER_IMPORT_GRAPH.csv","C:\Users\DIYA GOEL\Downloads\EBDESIGN\_SUBH_FORENSIC_REBUILD\06_IMPORT_REFERENCE_GRAPH\MASTER_IMPORT_GRAPH.csv","MASTER_IMPORT_GRAPH.csv",".csv","3839276","15-08-2026 00:42:21","15-08-2026 00:45:42","Archive"
"07_UI_API_DATABASE_GRAPH\MASTER_UI_API_DB_GRAPH.csv","C:\Users\DIYA GOEL\Downloads\EBDESIGN\_SUBH_FORENSIC_REBUILD\07_UI_API_DATABASE_GRAPH\MASTER_UI_API_DB_GRAPH.csv","MASTER_UI_API_DB_GRAPH.csv",".csv","103110","15-08-2026 00:53:23","15-08-2026 00:53:25","Archive"
"08_WORKFLOW_GRAPH\MASTER_WORKFLOW_GRAPH.csv","C:\Users\DIYA GOEL\Downloads\EBDESIGN\_SUBH_FORENSIC_REBUILD\08_WORKFLOW_GRAPH\MASTER_WORKFLOW_GRAPH.csv","MASTER_WORKFLOW_GRAPH.csv",".csv","25405","15-08-2026 00:55:53","15-08-2026 01:00:05","Archive"
"09_SECURITY_GRAPH\MASTER_SECURITY_GRAPH.csv","C:\Users\DIYA GOEL\Downloads\EBDESIGN\_SUBH_FORENSIC_REBUILD\09_SECURITY_GRAPH\MASTER_SECURITY_GRAPH.csv","MASTER_SECURITY_GRAPH.csv",".csv","34445","15-08-2026 01:01:54","15-08-2026 01:05:27","Archive"
"10_AI_INTEGRATION_GRAPH\MASTER_AI_INTEGRATION_GRAPH.csv","C:\Users\DIYA GOEL\Downloads\EBDESIGN\_SUBH_FORENSIC_REBUILD\10_AI_INTEGRATION_GRAPH\MASTER_AI_INTEGRATION_GRAPH.csv","MASTER_AI_INTEGRATION_GRAPH.csv",".csv","50198","15-08-2026 01:04:52","15-08-2026 01:07:33","Archive"
"11_RENAME_PLAN\MASTER_MODULE_REGISTRY.csv","C:\Users\DIYA GOEL\Downloads\EBDESIGN\_SUBH_FORENSIC_REBUILD\11_RENAME_PLAN\MASTER_MODULE_REGISTRY.csv","MASTER_MODULE_REGISTRY.csv",".csv","11289","15-08-2026 00:51:21","15-08-2026 00:51:25","Archive"
"15_MASTER_ARCHITECTURE\MASTER_FILE_ARCHITECTURE.md","C:\Users\DIYA GOEL\Downloads\EBDESIGN\_SUBH_FORENSIC_REBUILD\15_MASTER_ARCHITECTURE\MASTER_FILE_ARCHITECTURE.md","MASTER_FILE_ARCHITECTURE.md",".md","5195","15-08-2026 01:09:02","15-08-2026 01:11:27","Archive"
"90_LOGS\analyze_duplicates.ps1","C:\Users\DIYA GOEL\Downloads\EBDESIGN\_SUBH_FORENSIC_REBUILD\90_LOGS\analyze_duplicates.ps1","analyze_duplicates.ps1",".ps1","4237","15-08-2026 00:26:56","15-08-2026 00:42:43","Archive"
"90_LOGS\analyze_naming_conflicts.ps1","C:\Users\DIYA GOEL\Downloads\EBDESIGN\_SUBH_FORENSIC_REBUILD\90_LOGS\analyze_naming_conflicts.ps1","analyze_naming_conflicts.ps1",".ps1","4840","15-08-2026 00:44:54","15-08-2026 00:56:09","Archive"
"90_LOGS\build_ai_integration_graph.ps1","C:\Users\DIYA GOEL\Downloads\EBDESIGN\_SUBH_FORENSIC_REBUILD\90_LOGS\build_ai_integration_graph.ps1","build_ai_integration_graph.ps1",".ps1","3979","15-08-2026 01:03:49","15-08-2026 01:03:49","Archive"
"90_LOGS\build_import_graph.ps1","C:\Users\DIYA GOEL\Downloads\EBDESIGN\_SUBH_FORENSIC_REBUILD\90_LOGS\build_import_graph.ps1","build_import_graph.ps1",".ps1","5038","15-08-2026 00:30:37","15-08-2026 00:30:37","Archive"
"90_LOGS\build_master_architecture.ps1","C:\Users\DIYA GOEL\Downloads\EBDESIGN\_SUBH_FORENSIC_REBUILD\90_LOGS\build_master_architecture.ps1","build_master_architecture.ps1",".ps1","7412","15-08-2026 01:06:29","15-08-2026 01:10:33","Archive"
"90_LOGS\build_module_registry.ps1","C:\Users\DIYA GOEL\Downloads\EBDESIGN\_SUBH_FORENSIC_REBUILD\90_LOGS\build_module_registry.ps1","build_module_registry.ps1",".ps1","4889","15-08-2026 00:50:54","15-08-2026 00:50:54","Archive"
"90_LOGS\build_route_registry.ps1","C:\Users\DIYA GOEL\Downloads\EBDESIGN\_SUBH_FORENSIC_REBUILD\90_LOGS\build_route_registry.ps1","build_route_registry.ps1",".ps1","3440","15-08-2026 00:27:26","15-08-2026 00:27:26","Archive"
"90_LOGS\build_security_graph.ps1","C:\Users\DIYA GOEL\Downloads\EBDESIGN\_SUBH_FORENSIC_REBUILD\90_LOGS\build_security_graph.ps1","build_security_graph.ps1",".ps1","3819","15-08-2026 00:59:32","15-08-2026 00:59:32","Archive"
"90_LOGS\build_ui_api_db_graph.ps1","C:\Users\DIYA GOEL\Downloads\EBDESIGN\_SUBH_FORENSIC_REBUILD\90_LOGS\build_ui_api_db_graph.ps1","build_ui_api_db_graph.ps1",".ps1","3089","15-08-2026 00:52:21","15-08-2026 00:52:21","Archive"
"90_LOGS\build_workflow_graph.ps1","C:\Users\DIYA GOEL\Downloads\EBDESIGN\_SUBH_FORENSIC_REBUILD\90_LOGS\build_workflow_graph.ps1","build_workflow_graph.ps1",".ps1","3541","15-08-2026 00:54:10","15-08-2026 00:54:10","Archive"
"90_LOGS\generate_deliverables.ps1","C:\Users\DIYA GOEL\Downloads\EBDESIGN\_SUBH_FORENSIC_REBUILD\90_LOGS\generate_deliverables.ps1","generate_deliverables.ps1",".ps1","9425","15-08-2026 01:12:34","15-08-2026 01:12:34","Archive"
"90_LOGS\generate_directory_inventory.ps1","C:\Users\DIYA GOEL\Downloads\EBDESIGN\_SUBH_FORENSIC_REBUILD\90_LOGS\generate_directory_inventory.ps1","generate_directory_inventory.ps1",".ps1","5725","15-08-2026 00:10:28","15-08-2026 00:11:12","Archive"
"90_LOGS\generate_file_inventory.ps1","C:\Users\DIYA GOEL\Downloads\EBDESIGN\_SUBH_FORENSIC_REBUILD\90_LOGS\generate_file_inventory.ps1","generate_file_inventory.ps1",".ps1","5197","15-08-2026 00:09:11","15-08-2026 00:09:11","Archive"
"90_LOGS\subh_classify_artifacts.ps1","C:\Users\DIYA GOEL\Downloads\EBDESIGN\_SUBH_FORENSIC_REBUILD\90_LOGS\subh_classify_artifacts.ps1","subh_classify_artifacts.ps1",".ps1","8624","15-08-2026 01:29:09","15-08-2026 01:29:09","Archive"
"90_LOGS\subh_duplicate_route_reconciliation.ps1","C:\Users\DIYA GOEL\Downloads\EBDESIGN\_SUBH_FORENSIC_REBUILD\90_LOGS\subh_duplicate_route_reconciliation.ps1","subh_duplicate_route_reconciliation.ps1",".ps1","3791","15-08-2026 01:38:12","15-08-2026 01:38:12","Archive"
"90_LOGS\subh_generate_deliverables.ps1","C:\Users\DIYA GOEL\Downloads\EBDESIGN\_SUBH_FORENSIC_REBUILD\90_LOGS\subh_generate_deliverables.ps1","subh_generate_deliverables.ps1",".ps1","9828","15-08-2026 01:41:54","15-08-2026 01:41:54","Archive"
"90_LOGS\subh_route_reconstruction.ps1","C:\Users\DIYA GOEL\Downloads\EBDESIGN\_SUBH_FORENSIC_REBUILD\90_LOGS\subh_route_reconstruction.ps1","subh_route_reconstruction.ps1",".ps1","5227","15-08-2026 01:32:09","15-08-2026 01:36:15","Archive"
"90_LOGS\subh_true_duplicate_analysis.ps1","C:\Users\DIYA GOEL\Downloads\EBDESIGN\_SUBH_FORENSIC_REBUILD\90_LOGS\subh_true_duplicate_analysis.ps1","subh_true_duplicate_analysis.ps1",".ps1","4523","15-08-2026 01:39:54","15-08-2026 01:39:54","Archive"
"99_DELIVERABLES\D01_COMPLETE_FILE_INVENTORY.csv","C:\Users\DIYA GOEL\Downloads\EBDESIGN\_SUBH_FORENSIC_REBUILD\99_DELIVERABLES\D01_COMPLETE_FILE_INVENTORY.csv","D01_COMPLETE_FILE_INVENTORY.csv",".csv","54936606","15-08-2026 01:13:16","15-08-2026 00:25:30","Archive"
"99_DELIVERABLES\D02_DIRECTORY_INVENTORY.csv","C:\Users\DIYA GOEL\Downloads\EBDESIGN\_SUBH_FORENSIC_REBUILD\99_DELIVERABLES\D02_DIRECTORY_INVENTORY.csv","D02_DIRECTORY_INVENTORY.csv",".csv","3722747","15-08-2026 01:13:16","15-08-2026 00:14:28","Archive"
"99_DELIVERABLES\D03_DIRECTORY_TREE.txt","C:\Users\DIYA GOEL\Downloads\EBDESIGN\_SUBH_FORENSIC_REBUILD\99_DELIVERABLES\D03_DIRECTORY_TREE.txt","D03_DIRECTORY_TREE.txt",".txt","5630278","15-08-2026 01:13:16","15-08-2026 00:19:59","Archive"
"99_DELIVERABLES\D04_EXACT_DUPLICATES.csv","C:\Users\DIYA GOEL\Downloads\EBDESIGN\_SUBH_FORENSIC_REBUILD\99_DELIVERABLES\D04_EXACT_DUPLICATES.csv","D04_EXACT_DUPLICATES.csv",".csv","2249356","15-08-2026 01:13:16","15-08-2026 00:58:22","Archive"
"99_DELIVERABLES\D05_NAME_DUPLICATES.csv","C:\Users\DIYA GOEL\Downloads\EBDESIGN\_SUBH_FORENSIC_REBUILD\99_DELIVERABLES\D05_NAME_DUPLICATES.csv","D05_NAME_DUPLICATES.csv",".csv","522276","15-08-2026 01:13:16","15-08-2026 01:04:32","Archive"
"99_DELIVERABLES\D06_NAMING_CONFLICTS.csv","C:\Users\DIYA GOEL\Downloads\EBDESIGN\_SUBH_FORENSIC_REBUILD\99_DELIVERABLES\D06_NAMING_CONFLICTS.csv","D06_NAMING_CONFLICTS.csv",".csv","1657431","15-08-2026 01:13:16","15-08-2026 01:08:18","Archive"
"99_DELIVERABLES\D07_MASTER_ROUTE_REGISTRY.csv","C:\Users\DIYA GOEL\Downloads\EBDESIGN\_SUBH_FORENSIC_REBUILD\99_DELIVERABLES\D07_MASTER_ROUTE_REGISTRY.csv","D07_MASTER_ROUTE_REGISTRY.csv",".csv","126027","15-08-2026 01:13:16","15-08-2026 00:28:04","Archive"
"99_DELIVERABLES\D08_MASTER_IMPORT_GRAPH.csv","C:\Users\DIYA GOEL\Downloads\EBDESIGN\_SUBH_FORENSIC_REBUILD\99_DELIVERABLES\D08_MASTER_IMPORT_GRAPH.csv","D08_MASTER_IMPORT_GRAPH.csv",".csv","3839276","15-08-2026 01:13:16","15-08-2026 00:45:42","Archive"
"99_DELIVERABLES\D09_MASTER_UI_API_DB_GRAPH.csv","C:\Users\DIYA GOEL\Downloads\EBDESIGN\_SUBH_FORENSIC_REBUILD\99_DELIVERABLES\D09_MASTER_UI_API_DB_GRAPH.csv","D09_MASTER_UI_API_DB_GRAPH.csv",".csv","103110","15-08-2026 01:13:16","15-08-2026 00:53:25","Archive"
"99_DELIVERABLES\D10_MASTER_WORKFLOW_GRAPH.csv","C:\Users\DIYA GOEL\Downloads\EBDESIGN\_SUBH_FORENSIC_REBUILD\99_DELIVERABLES\D10_MASTER_WORKFLOW_GRAPH.csv","D10_MASTER_WORKFLOW_GRAPH.csv",".csv","25405","15-08-2026 01:13:16","15-08-2026 01:00:05","Archive"
"99_DELIVERABLES\D11_MASTER_SECURITY_GRAPH.csv","C:\Users\DIYA GOEL\Downloads\EBDESIGN\_SUBH_FORENSIC_REBUILD\99_DELIVERABLES\D11_MASTER_SECURITY_GRAPH.csv","D11_MASTER_SECURITY_GRAPH.csv",".csv","34445","15-08-2026 01:13:16","15-08-2026 01:05:27","Archive"
"99_DELIVERABLES\D12_MASTER_AI_INTEGRATION_GRAPH.csv","C:\Users\DIYA GOEL\Downloads\EBDESIGN\_SUBH_FORENSIC_REBUILD\99_DELIVERABLES\D12_MASTER_AI_INTEGRATION_GRAPH.csv","D12_MASTER_AI_INTEGRATION_GRAPH.csv",".csv","50198","15-08-2026 01:13:16","15-08-2026 01:07:33","Archive"
"99_DELIVERABLES\D13_MASTER_MODULE_REGISTRY.csv","C:\Users\DIYA GOEL\Downloads\EBDESIGN\_SUBH_FORENSIC_REBUILD\99_DELIVERABLES\D13_MASTER_MODULE_REGISTRY.csv","D13_MASTER_MODULE_REGISTRY.csv",".csv","11289","15-08-2026 01:13:16","15-08-2026 00:51:25","Archive"
"99_DELIVERABLES\D14_MASTER_FILE_ARCHITECTURE.md","C:\Users\DIYA GOEL\Downloads\EBDESIGN\_SUBH_FORENSIC_REBUILD\99_DELIVERABLES\D14_MASTER_FILE_ARCHITECTURE.md","D14_MASTER_FILE_ARCHITECTURE.md",".md","5195","15-08-2026 01:13:16","15-08-2026 01:11:27","Archive"
"99_DELIVERABLES\D15_PROJECT_ARCHITECTURE_SUMMARY.md","C:\Users\DIYA GOEL\Downloads\EBDESIGN\_SUBH_FORENSIC_REBUILD\99_DELIVERABLES\D15_PROJECT_ARCHITECTURE_SUMMARY.md","D15_PROJECT_ARCHITECTURE_SUMMARY.md",".md","1803","15-08-2026 01:13:16","15-08-2026 01:13:16","Archive"
"99_DELIVERABLES\D16_FORENSIC_RECONSTRUCTION_SUMMARY.md","C:\Users\DIYA GOEL\Downloads\EBDESIGN\_SUBH_FORENSIC_REBUILD\99_DELIVERABLES\D16_FORENSIC_RECONSTRUCTION_SUMMARY.md","D16_FORENSIC_RECONSTRUCTION_SUMMARY.md",".md","1550","15-08-2026 01:13:16","15-08-2026 01:13:16","Archive"
"SUBH_DELIVERABLES\SUBH_BROKEN_ROUTES.csv","C:\Users\DIYA GOEL\Downloads\EBDESIGN\_SUBH_FORENSIC_REBUILD\SUBH_DELIVERABLES\SUBH_BROKEN_ROUTES.csv","SUBH_BROKEN_ROUTES.csv",".csv","37","15-08-2026 01:42:13","15-08-2026 01:42:13","Archive"
"SUBH_DELIVERABLES\SUBH_DUPLICATE_REGISTRY.csv","C:\Users\DIYA GOEL\Downloads\EBDESIGN\_SUBH_FORENSIC_REBUILD\SUBH_DELIVERABLES\SUBH_DUPLICATE_REGISTRY.csv","SUBH_DUPLICATE_REGISTRY.csv",".csv","1227391","15-08-2026 01:42:13","15-08-2026 01:40:39","Archive"
"SUBH_DELIVERABLES\SUBH_DUPLICATE_ROUTES.csv","C:\Users\DIYA GOEL\Downloads\EBDESIGN\_SUBH_FORENSIC_REBUILD\SUBH_DELIVERABLES\SUBH_DUPLICATE_ROUTES.csv","SUBH_DUPLICATE_ROUTES.csv",".csv","381311","15-08-2026 01:42:13","15-08-2026 01:39:11","Archive"
"SUBH_DELIVERABLES\SUBH_FINAL_RECONCILIATION_REPORT.md","C:\Users\DIYA GOEL\Downloads\EBDESIGN\_SUBH_FORENSIC_REBUILD\SUBH_DELIVERABLES\SUBH_FINAL_RECONCILIATION_REPORT.md","SUBH_FINAL_RECONCILIATION_REPORT.md",".md","1545","15-08-2026 01:42:13","15-08-2026 01:42:13","Archive"
"SUBH_DELIVERABLES\SUBH_MASTER_ARCHITECTURE.md","C:\Users\DIYA GOEL\Downloads\EBDESIGN\_SUBH_FORENSIC_REBUILD\SUBH_DELIVERABLES\SUBH_MASTER_ARCHITECTURE.md","SUBH_MASTER_ARCHITECTURE.md",".md","2510","15-08-2026 01:42:13","15-08-2026 01:42:13","Archive"
"SUBH_DELIVERABLES\SUBH_MASTER_FILE_REGISTRY.csv","C:\Users\DIYA GOEL\Downloads\EBDESIGN\_SUBH_FORENSIC_REBUILD\SUBH_DELIVERABLES\SUBH_MASTER_FILE_REGISTRY.csv","SUBH_MASTER_FILE_REGISTRY.csv",".csv","29465464","15-08-2026 01:42:13","15-08-2026 01:33:42","Archive"
"SUBH_DELIVERABLES\SUBH_MASTER_ROUTE_REGISTRY.csv","C:\Users\DIYA GOEL\Downloads\EBDESIGN\_SUBH_FORENSIC_REBUILD\SUBH_DELIVERABLES\SUBH_MASTER_ROUTE_REGISTRY.csv","SUBH_MASTER_ROUTE_REGISTRY.csv",".csv","723961","15-08-2026 01:42:13","15-08-2026 01:37:18","Archive"
"SUBH_DELIVERABLES\SUBH_MISSING_ROUTES.csv","C:\Users\DIYA GOEL\Downloads\EBDESIGN\_SUBH_FORENSIC_REBUILD\SUBH_DELIVERABLES\SUBH_MISSING_ROUTES.csv","SUBH_MISSING_ROUTES.csv",".csv","46","15-08-2026 01:42:13","15-08-2026 01:42:13","Archive"
"SUBH_DELIVERABLES\SUBH_ORPHAN_ROUTES.csv","C:\Users\DIYA GOEL\Downloads\EBDESIGN\_SUBH_FORENSIC_REBUILD\SUBH_DELIVERABLES\SUBH_ORPHAN_ROUTES.csv","SUBH_ORPHAN_ROUTES.csv",".csv","46","15-08-2026 01:42:13","15-08-2026 01:42:13","Archive"
"SUBH_DELIVERABLES\SUBH_RENAME_EXECUTION_LOG.csv","C:\Users\DIYA GOEL\Downloads\EBDESIGN\_SUBH_FORENSIC_REBUILD\SUBH_DELIVERABLES\SUBH_RENAME_EXECUTION_LOG.csv","SUBH_RENAME_EXECUTION_LOG.csv",".csv","53","15-08-2026 01:42:13","15-08-2026 01:42:13","Archive"
"SUBH_DELIVERABLES\SUBH_RENAME_PLAN.csv","C:\Users\DIYA GOEL\Downloads\EBDESIGN\_SUBH_FORENSIC_REBUILD\SUBH_DELIVERABLES\SUBH_RENAME_PLAN.csv","SUBH_RENAME_PLAN.csv",".csv","146768","15-08-2026 01:42:13","15-08-2026 01:40:39","Archive"
"SUBH_DELIVERABLES\SUBH_ROUTE_DEPENDENCY_GRAPH.csv","C:\Users\DIYA GOEL\Downloads\EBDESIGN\_SUBH_FORENSIC_REBUILD\SUBH_DELIVERABLES\SUBH_ROUTE_DEPENDENCY_GRAPH.csv","SUBH_ROUTE_DEPENDENCY_GRAPH.csv",".csv","51","15-08-2026 01:42:13","15-08-2026 01:42:13","Archive"
"SUBH_DELIVERABLES\SUBH_ROUTE_TEST_COVERAGE.csv","C:\Users\DIYA GOEL\Downloads\EBDESIGN\_SUBH_FORENSIC_REBUILD\SUBH_DELIVERABLES\SUBH_ROUTE_TEST_COVERAGE.csv","SUBH_ROUTE_TEST_COVERAGE.csv",".csv","48","15-08-2026 01:42:13","15-08-2026 01:42:13","Archive"
"SUBH_DELIVERABLES\SUBH_STALE_REFERENCE_REPORT.csv","C:\Users\DIYA GOEL\Downloads\EBDESIGN\_SUBH_FORENSIC_REBUILD\SUBH_DELIVERABLES\SUBH_STALE_REFERENCE_REPORT.csv","SUBH_STALE_REFERENCE_REPORT.csv",".csv","58","15-08-2026 01:42:13","15-08-2026 01:42:13","Archive"
"SUBH_RECONSTRUCTION\SUBH_CANONICAL_ROUTES.csv","C:\Users\DIYA GOEL\Downloads\EBDESIGN\_SUBH_FORENSIC_REBUILD\SUBH_RECONSTRUCTION\SUBH_CANONICAL_ROUTES.csv","SUBH_CANONICAL_ROUTES.csv",".csv","22911","15-08-2026 01:39:10","15-08-2026 01:39:11","Archive"
"SUBH_RECONSTRUCTION\SUBH_DUPLICATE_ROUTES.csv","C:\Users\DIYA GOEL\Downloads\EBDESIGN\_SUBH_FORENSIC_REBUILD\SUBH_RECONSTRUCTION\SUBH_DUPLICATE_ROUTES.csv","SUBH_DUPLICATE_ROUTES.csv",".csv","381311","15-08-2026 01:39:10","15-08-2026 01:39:11","Archive"
"SUBH_RECONSTRUCTION\SUBH_MASTER_FILE_REGISTRY.csv","C:\Users\DIYA GOEL\Downloads\EBDESIGN\_SUBH_FORENSIC_REBUILD\SUBH_RECONSTRUCTION\SUBH_MASTER_FILE_REGISTRY.csv","SUBH_MASTER_FILE_REGISTRY.csv",".csv","29465464","15-08-2026 01:29:39","15-08-2026 01:33:42","Archive"
"SUBH_RECONSTRUCTION\SUBH_MASTER_ROUTE_REGISTRY.csv","C:\Users\DIYA GOEL\Downloads\EBDESIGN\_SUBH_FORENSIC_REBUILD\SUBH_RECONSTRUCTION\SUBH_MASTER_ROUTE_REGISTRY.csv","SUBH_MASTER_ROUTE_REGISTRY.csv",".csv","723961","15-08-2026 01:36:26","15-08-2026 01:37:18","Archive"
"SUBH_RECONSTRUCTION\SUBH_RENAME_PLAN.csv","C:\Users\DIYA GOEL\Downloads\EBDESIGN\_SUBH_FORENSIC_REBUILD\SUBH_RECONSTRUCTION\SUBH_RENAME_PLAN.csv","SUBH_RENAME_PLAN.csv",".csv","146768","15-08-2026 01:40:27","15-08-2026 01:40:39","Archive"
"SUBH_RECONSTRUCTION\SUBH_TRUE_DUPLICATES.csv","C:\Users\DIYA GOEL\Downloads\EBDESIGN\_SUBH_FORENSIC_REBUILD\SUBH_RECONSTRUCTION\SUBH_TRUE_DUPLICATES.csv","SUBH_TRUE_DUPLICATES.csv",".csv","1227391","15-08-2026 01:40:27","15-08-2026 01:40:39","Archive"
