"Prefix","Variable","ImportKnown","ImportPath","IndexLine"
"/api/v1/backend-modules/M041","M041VillageERPRoutes","True","./modules/M041/routes.js","1120"
"/api/v1/backend-modules/M002","finalBatchModuleM002Routes","True","./modules/M002/routes.js","1121"
"/api/v1/backend-modules/M003","finalBatchModuleM003Routes","True","./modules/M003/routes.js","1122"
"/api/v1/backend-modules/M004","finalBatchModuleM004Routes","True","./modules/M004/routes.js","1123"
"/api/v1/backend-modules/M005","finalBatchModuleM005Routes","True","./modules/M005/routes.js","1124"
"/api/v1/backend-modules/M006","finalBatchModuleM006Routes","True","./modules/M006/routes.js","1125"
"/api/v1/backend-modules/M007","finalBatchModuleM007Routes","True","./modules/M007/routes.js","1126"
"/api/v1/backend-modules/M008","finalBatchModuleM008Routes","True","./modules/M008/routes.js","1127"
"/api/v1/backend-modules/M009","finalBatchModuleM009Routes","True","./modules/M009/routes.js","1128"
"/api/v1/backend-modules/M010","finalBatchModuleM010Routes","True","./modules/M010/routes.js","1129"
"/api/v1/backend-modules/M011","finalBatchModuleM011Routes","True","./modules/M011/routes.js","1130"
"/api/v1/backend-modules/M012","finalBatchModuleM012Routes","True","./modules/M012/routes.js","1131"
"/api/v1/backend-modules/M013","finalBatchModuleM013Routes","True","./modules/M013/routes.js","1132"
"/api/v1/backend-modules/M014","finalBatchModuleM014Routes","True","./modules/M014/routes.js","1133"
"/api/v1/backend-modules/M015","finalBatchModuleM015Routes","True","./modules/M015/routes.js","1134"
"/api/v1/backend-modules/M017","finalBatchModuleM017Routes","True","./modules/M017/routes.js","1135"
"/api/v1/backend-modules/M018","finalBatchModuleM018Routes","True","./modules/M018/routes.js","1136"
"/api/v1/backend-modules/M019","finalBatchModuleM019Routes","True","./modules/M019/routes.js","1137"
"/api/v1/backend-modules/M020","finalBatchModuleM020Routes","True","./modules/M020/routes.js","1138"
"/api/v1/backend-modules/M021","finalBatchModuleM021Routes","True","./modules/M021/routes.js","1139"
"/api/v1/backend-modules/M022","finalBatchModuleM022Routes","True","./modules/M022/routes.js","1140"
"/api/v1/backend-modules/M023","finalBatchModuleM023Routes","True","./modules/M023/routes.js","1141"
"/api/v1/backend-modules/M024","finalBatchModuleM024Routes","True","./modules/M024/routes.js","1142"
"/api/v1/backend-modules/M025","finalBatchModuleM025Routes","True","./modules/M025/routes.js","1143"
"/api/v1/backend-modules/M026","finalBatchModuleM026Routes","True","./modules/M026/routes.js","1144"
"/api/v1/backend-modules/M027","finalBatchModuleM027Routes","True","./modules/M027/routes.js","1145"
"/api/v1/backend-modules/M028","finalBatchModuleM028Routes","True","./modules/M028/routes.js","1146"
"/api/v1/backend-modules/M029","finalBatchModuleM029Routes","True","./modules/M029/routes.js","1147"
"/api/v1/backend-modules/M030","finalBatchModuleM030Routes","True","./modules/M030/routes.js","1148"
"/api/v1/backend-modules/M101","finalBatchModuleM101Routes","True","./modules/M101/routes.js","1149"
"/api/v1/backend-modules/M102","finalBatchModuleM102Routes","True","./modules/M102/routes.js","1150"
"/api/v1/backend-modules/M151","finalBatchModuleM151Routes","True","./modules/M151/routes.js","1151"
"/api/v1/backend-modules/M201","finalBatchModuleM201Routes","True","./modules/M201/routes.js","1152"
"/api/v1/backend-modules/M301","finalBatchModuleM301Routes","True","./modules/M301/routes.js","1153"
"/api/v1/backend-modules/M63","finalBatchModuleM63Routes","True","./modules/M63/routes.js","1154"
"/api/v1/backend-modules/M64","finalBatchModuleM64Routes","True","./modules/M64/routes.js","1155"
"/api/v1/backend-modules/M65","finalBatchModuleM65Routes","True","./modules/M65/routes.js","1156"
"/api/v1/backend-modules/M001","legacyModuleM001Routes","True","./modules/M001/routes.js","1157"
"/api/v1/backend-modules/M016","legacyModuleM016Routes","True","./modules/M016/routes.js","1158"
"/api/v1/backend-modules/M031","legacyModuleM031Routes","True","./modules/M031/routes.js","1159"
"/api/v1/backend-modules/M032","legacyModuleM032Routes","True","./modules/M032/routes.js","1160"
"/api/v1/backend-modules/M033","legacyModuleM033Routes","True","./modules/M033/routes.js","1161"
"/api/v1/backend-modules/M034","legacyModuleM034Routes","True","./modules/M034/routes.js","1162"
"/api/v1/backend-modules/M035","legacyModuleM035Routes","True","./modules/M035/routes.js","1163"
"/api/v1/backend-modules/M036","legacyModuleM036Routes","True","./modules/M036/routes.js","1164"
"/api/v1/backend-modules/M037","legacyModuleM037Routes","True","./modules/M037/routes.js","1165"
"/api/v1/backend-modules/M038","legacyModuleM038Routes","True","./modules/M038/routes.js","1166"
"/api/v1/backend-modules/M039","legacyModuleM039Routes","True","./modules/M039/routes.js","1167"
"/api/v1/backend-modules/M040","legacyModuleM040Routes","True","./modules/M040/routes.js","1168"
"/api/v1/backend-modules/M042","legacyModuleM042Routes","True","./modules/M042/routes.js","1169"
"/api/v1/backend-modules/M043","legacyModuleM043Routes","True","./modules/M043/routes.js","1170"
"/api/v1/backend-modules/M044","legacyModuleM044Routes","True","./modules/M044/routes.js","1171"
"/api/v1/backend-modules/M045","legacyModuleM045Routes","True","./modules/M045/routes.js","1172"
"/api/v1/backend-modules/M046","legacyModuleM046Routes","True","./modules/M046/routes.js","1173"
"/api/v1/backend-modules/M047","legacyModuleM047Routes","True","./modules/M047/routes.js","1174"
"/api/v1/backend-modules/M048","legacyModuleM048Routes","True","./modules/M048/routes.js","1175"
"/api/v1/backend-modules/M049","legacyModuleM049Routes","True","./modules/M049/routes.js","1176"
"/api/v1/backend-modules/M050","legacyModuleM050Routes","True","./modules/M050/routes.js","1177"
"/api/v1/backend-modules/M051","legacyModuleM051Routes","True","./modules/M051/routes.js","1178"
"/api/v1/backend-modules/M052","legacyModuleM052Routes","True","./modules/M052/routes.js","1179"
"/api/v1/backend-modules/M053","legacyModuleM053Routes","True","./modules/M053/routes.js","1180"
"/api/v1/backend-modules/M054","legacyModuleM054Routes","True","./modules/M054/routes.js","1181"
"/api/v1/backend-modules/M055","legacyModuleM055Routes","True","./modules/M055/routes.js","1182"
"/api/v1/backend-modules/M056","legacyModuleM056Routes","True","./modules/M056/routes.js","1183"
"/api/v1/backend-modules/M057","legacyModuleM057Routes","True","./modules/M057/routes.js","1184"
"/api/v1/backend-modules/M058","legacyModuleM058Routes","True","./modules/M058/routes.js","1185"
"/api/v1/backend-modules/M059","legacyModuleM059Routes","True","./modules/M059/routes.js","1186"
"/api/v1/backend-modules/M060","legacyModuleM060Routes","True","./modules/M060/routes.js","1187"
"/api/v1/backend-modules/M061","legacyModuleM061Routes","True","./modules/M061/routes.js","1188"
"/api/v1/backend-modules/M062","legacyModuleM062Routes","True","./modules/M062/routes.js","1189"
"/api/v1/backend-modules/M063","legacyModuleM063Routes","True","./modules/M063/routes.js","1190"
"/api/v1/backend-modules/M064","legacyModuleM064Routes","True","./modules/M064/routes.js","1191"
"/api/v1/backend-modules/M065","legacyModuleM065Routes","True","./modules/M065/routes.js","1192"
"/api/v1/backend-modules/M066","legacyModuleM066Routes","True","./modules/M066/routes.js","1193"
"/api/v1/backend-modules/M067","legacyModuleM067Routes","True","./modules/M067/routes.js","1194"
"/api/v1/backend-modules/M068","legacyModuleM068Routes","True","./modules/M068/routes.js","1195"
"/api/v1/backend-modules/M069","legacyModuleM069Routes","True","./modules/M069/routes.js","1196"
"/api/v1/backend-modules/M070","legacyModuleM070Routes","True","./modules/M070/routes.js","1197"
"/api/v1/backend-modules/M071","legacyModuleM071Routes","True","./modules/M071/routes.js","1198"
"/api/v1/backend-modules/M072","legacyModuleM072Routes","True","./modules/M072/routes.js","1199"
"/api/v1/backend-modules/M073","legacyModuleM073Routes","True","./modules/M073/routes.js","1200"
"/api/v1/backend-modules/M074","legacyModuleM074Routes","True","./modules/M074/routes.js","1201"
"/api/v1/backend-modules/M075","legacyModuleM075Routes","True","./modules/M075/routes.js","1202"
"/api/v1/backend-modules/M076","legacyModuleM076Routes","True","./modules/M076/routes.js","1203"
"/api/v1/backend-modules/M077","legacyModuleM077Routes","True","./modules/M077/routes.js","1204"
"/api/v1/backend-modules/M078","legacyModuleM078Routes","True","./modules/M078/routes.js","1205"
"/api/v1/backend-modules/M079","legacyModuleM079Routes","True","./modules/M079/routes.js","1206"
"/api/v1/backend-modules/M080","legacyModuleM080Routes","True","./modules/M080/routes.js","1207"
"/api/v1/backend-modules/M081","legacyModuleM081Routes","True","./modules/M081/routes.js","1208"
"/api/v1/backend-modules/M082","legacyModuleM082Routes","True","./modules/M082/routes.js","1209"
"/api/v1/backend-modules/M083","legacyModuleM083Routes","True","./modules/M083/routes.js","1210"
"/api/v1/backend-modules/M084","legacyModuleM084Routes","True","./modules/M084/routes.js","1211"
"/api/v1/backend-modules/M085","legacyModuleM085Routes","True","./modules/M085/routes.js","1212"
"/api/v1/backend-modules/M086","legacyModuleM086Routes","True","./modules/M086/routes.js","1213"
"/api/v1/backend-modules/M087","legacyModuleM087Routes","True","./modules/M087/routes.js","1214"
"/api/v1/backend-modules/M088","legacyModuleM088Routes","True","./modules/M088/routes.js","1215"
"/api/v1/backend-modules/M089","legacyModuleM089Routes","True","./modules/M089/routes.js","1216"
"/api/v1/backend-modules/M090","legacyModuleM090Routes","True","./modules/M090/routes.js","1217"
"/api/v1/backend-modules/M091","legacyModuleM091Routes","True","./modules/M091/routes.js","1218"
"/api/v1/backend-modules/M092","legacyModuleM092Routes","True","./modules/M092/routes.js","1219"
"/api/v1/backend-modules/M093","legacyModuleM093Routes","True","./modules/M093/routes.js","1220"
"/api/v1/backend-modules/M094","legacyModuleM094Routes","True","./modules/M094/routes.js","1221"
"/api/v1/backend-modules/M095","legacyModuleM095Routes","True","./modules/M095/routes.js","1222"
"/api/v1/backend-modules/M096","legacyModuleM096Routes","True","./modules/M096/routes.js","1223"
"/api/v1/backend-modules/M097","legacyModuleM097Routes","True","./modules/M097/routes.js","1224"
"/api/v1/backend-modules/M098","legacyModuleM098Routes","True","./modules/M098/routes.js","1225"
"/api/v1/backend-modules/M099","legacyModuleM099Routes","True","./modules/M099/routes.js","1226"
"/api/v1/backend-modules/M100","legacyModuleM100Routes","True","./modules/M100/routes.js","1227"
"/api/v1/backend-modules/M103","legacyModuleM103Routes","True","./modules/M103/routes.js","1228"
"/api/v1/backend-modules/M104","legacyModuleM104Routes","True","./modules/M104/routes.js","1229"
"/api/v1/backend-modules/M105","legacyModuleM105Routes","True","./modules/M105/routes.js","1230"
"/api/v1/backend-modules/M106","legacyModuleM106Routes","True","./modules/M106/routes.js","1231"
"/api/v1/backend-modules/M107","legacyModuleM107Routes","True","./modules/M107/routes.js","1232"
"/api/v1/backend-modules/M108","legacyModuleM108Routes","True","./modules/M108/routes.js","1233"
"/api/v1/backend-modules/M109","legacyModuleM109Routes","True","./modules/M109/routes.js","1234"
"/api/v1/backend-modules/M110","legacyModuleM110Routes","True","./modules/M110/routes.js","1235"
"/api/v1/backend-modules/M111","legacyModuleM111Routes","True","./modules/M111/routes.js","1236"
"/api/v1/backend-modules/M112","legacyModuleM112Routes","True","./modules/M112/routes.js","1237"
"/api/v1/backend-modules/M113","legacyModuleM113Routes","True","./modules/M113/routes.js","1238"
"/api/v1/backend-modules/M114","legacyModuleM114Routes","True","./modules/M114/routes.js","1239"
"/api/v1/backend-modules/M115","legacyModuleM115Routes","True","./modules/M115/routes.js","1240"
"/api/v1/backend-modules/M116","legacyModuleM116Routes","True","./modules/M116/routes.js","1241"
"/api/v1/backend-modules/M117","legacyModuleM117Routes","True","./modules/M117/routes.js","1242"
"/api/v1/backend-modules/M118","legacyModuleM118Routes","True","./modules/M118/routes.js","1243"
"/api/v1/backend-modules/M119","legacyModuleM119Routes","True","./modules/M119/routes.js","1244"
"/api/v1/backend-modules/M120","legacyModuleM120Routes","True","./modules/M120/routes.js","1245"
"/api/v1/backend-modules/M121","legacyModuleM121Routes","True","./modules/M121/routes.js","1246"
"/api/v1/backend-modules/M122","legacyModuleM122Routes","True","./modules/M122/routes.js","1247"
"/api/v1/backend-modules/M123","legacyModuleM123Routes","True","./modules/M123/routes.js","1248"
"/api/v1/backend-modules/M124","legacyModuleM124Routes","True","./modules/M124/routes.js","1249"
"/api/v1/backend-modules/M125","legacyModuleM125Routes","True","./modules/M125/routes.js","1250"
"/api/v1/backend-modules/M126","legacyModuleM126Routes","True","./modules/M126/routes.js","1251"
"/api/v1/backend-modules/M127","legacyModuleM127Routes","True","./modules/M127/routes.js","1252"
"/api/v1/backend-modules/M128","legacyModuleM128Routes","True","./modules/M128/routes.js","1253"
"/api/v1/backend-modules/M129","legacyModuleM129Routes","True","./modules/M129/routes.js","1254"
"/api/v1/backend-modules/M130","legacyModuleM130Routes","True","./modules/M130/routes.js","1255"
"/api/v1/backend-modules/M131","legacyModuleM131Routes","True","./modules/M131/routes.js","1256"
"/api/v1/backend-modules/M132","legacyModuleM132Routes","True","./modules/M132/routes.js","1257"
"/api/v1/backend-modules/M133","legacyModuleM133Routes","True","./modules/M133/routes.js","1258"
"/api/v1/backend-modules/M134","legacyModuleM134Routes","True","./modules/M134/routes.js","1259"
"/api/v1/backend-modules/M135","legacyModuleM135Routes","True","./modules/M135/routes.js","1260"
"/api/v1/backend-modules/M136","legacyModuleM136Routes","True","./modules/M136/routes.js","1261"
"/api/v1/backend-modules/M137","legacyModuleM137Routes","True","./modules/M137/routes.js","1262"
"/api/v1/backend-modules/M138","legacyModuleM138Routes","True","./modules/M138/routes.js","1263"
"/api/v1/backend-modules/M139","legacyModuleM139Routes","True","./modules/M139/routes.js","1264"
"/api/v1/backend-modules/M140","legacyModuleM140Routes","True","./modules/M140/routes.js","1265"
"/api/v1/backend-modules/M141","legacyModuleM141Routes","True","./modules/M141/routes.js","1266"
"/api/v1/backend-modules/M142","legacyModuleM142Routes","True","./modules/M142/routes.js","1267"
"/api/v1/backend-modules/M143","legacyModuleM143Routes","True","./modules/M143/routes.js","1268"
"/api/v1/backend-modules/M144","legacyModuleM144Routes","True","./modules/M144/routes.js","1269"
"/api/v1/backend-modules/M145","legacyModuleM145Routes","True","./modules/M145/routes.js","1270"
"/api/v1/backend-modules/M146","legacyModuleM146Routes","True","./modules/M146/routes.js","1271"
"/api/v1/backend-modules/M147","legacyModuleM147Routes","True","./modules/M147/routes.js","1272"
"/api/v1/backend-modules/M148","legacyModuleM148Routes","True","./modules/M148/routes.js","1273"
"/api/v1/backend-modules/M149","legacyModuleM149Routes","True","./modules/M149/routes.js","1274"
"/api/v1/backend-modules/M150","legacyModuleM150Routes","True","./modules/M150/routes.js","1275"
"/api/v1/backend-modules/M152","legacyModuleM152Routes","True","./modules/M152/routes.js","1276"
"/api/v1/backend-modules/M153","legacyModuleM153Routes","True","./modules/M153/routes.js","1277"
"/api/v1/backend-modules/M154","legacyModuleM154Routes","True","./modules/M154/routes.js","1278"
"/api/v1/backend-modules/M155","legacyModuleM155Routes","True","./modules/M155/routes.js","1279"
"/api/v1/backend-modules/M156","legacyModuleM156Routes","True","./modules/M156/routes.js","1280"
"/api/v1/backend-modules/M157","legacyModuleM157Routes","True","./modules/M157/routes.js","1281"
"/api/v1/backend-modules/M158","legacyModuleM158Routes","True","./modules/M158/routes.js","1282"
"/api/v1/backend-modules/M159","legacyModuleM159Routes","True","./modules/M159/routes.js","1283"
"/api/v1/backend-modules/M160","legacyModuleM160Routes","True","./modules/M160/routes.js","1284"
"/api/v1/backend-modules/M161","legacyModuleM161Routes","True","./modules/M161/routes.js","1285"
"/api/v1/backend-modules/M162","legacyModuleM162Routes","True","./modules/M162/routes.js","1286"
"/api/v1/backend-modules/M163","legacyModuleM163Routes","True","./modules/M163/routes.js","1287"
"/api/v1/backend-modules/M164","legacyModuleM164Routes","True","./modules/M164/routes.js","1288"
"/api/v1/backend-modules/M165","legacyModuleM165Routes","True","./modules/M165/routes.js","1289"
"/api/v1/backend-modules/M166","legacyModuleM166Routes","True","./modules/M166/routes.js","1290"
"/api/v1/backend-modules/M167","legacyModuleM167Routes","True","./modules/M167/routes.js","1291"
"/api/v1/backend-modules/M168","legacyModuleM168Routes","True","./modules/M168/routes.js","1292"
"/api/v1/backend-modules/M169","legacyModuleM169Routes","True","./modules/M169/routes.js","1293"
"/api/v1/backend-modules/M170","legacyModuleM170Routes","True","./modules/M170/routes.js","1294"
"/api/v1/backend-modules/M171","legacyModuleM171Routes","True","./modules/M171/routes.js","1295"
"/api/v1/backend-modules/M172","legacyModuleM172Routes","True","./modules/M172/routes.js","1296"
"/api/v1/backend-modules/M173","legacyModuleM173Routes","True","./modules/M173/routes.js","1297"
"/api/v1/backend-modules/M174","legacyModuleM174Routes","True","./modules/M174/routes.js","1298"
"/api/v1/backend-modules/M175","legacyModuleM175Routes","True","./modules/M175/routes.js","1299"
"/api/v1/backend-modules/M176","legacyModuleM176Routes","True","./modules/M176/routes.js","1300"
"/api/v1/backend-modules/M177","legacyModuleM177Routes","True","./modules/M177/routes.js","1301"
"/api/v1/backend-modules/M178","legacyModuleM178Routes","True","./modules/M178/routes.js","1302"
"/api/v1/backend-modules/M179","legacyModuleM179Routes","True","./modules/M179/routes.js","1303"
"/api/v1/backend-modules/M180","legacyModuleM180Routes","True","./modules/M180/routes.js","1304"
"/api/v1/backend-modules/M181","legacyModuleM181Routes","True","./modules/M181/routes.js","1305"
"/api/v1/backend-modules/M182","legacyModuleM182Routes","True","./modules/M182/routes.js","1306"
"/api/v1/backend-modules/M183","legacyModuleM183Routes","True","./modules/M183/routes.js","1307"
"/api/v1/backend-modules/M184","legacyModuleM184Routes","True","./modules/M184/routes.js","1308"
"/api/v1/backend-modules/M185","legacyModuleM185Routes","True","./modules/M185/routes.js","1309"
"/api/v1/backend-modules/M186","legacyModuleM186Routes","True","./modules/M186/routes.js","1310"
"/api/v1/backend-modules/M187","legacyModuleM187Routes","True","./modules/M187/routes.js","1311"
"/api/v1/backend-modules/M188","legacyModuleM188Routes","True","./modules/M188/routes.js","1312"
"/api/v1/backend-modules/M189","legacyModuleM189Routes","True","./modules/M189/routes.js","1313"
"/api/v1/backend-modules/M190","legacyModuleM190Routes","True","./modules/M190/routes.js","1314"
"/api/v1/backend-modules/M191","legacyModuleM191Routes","True","./modules/M191/routes.js","1315"
"/api/v1/backend-modules/M192","legacyModuleM192Routes","True","./modules/M192/routes.js","1316"
"/api/v1/backend-modules/M193","legacyModuleM193Routes","True","./modules/M193/routes.js","1317"
"/api/v1/backend-modules/M194","legacyModuleM194Routes","True","./modules/M194/routes.js","1318"
"/api/v1/backend-modules/M195","legacyModuleM195Routes","True","./modules/M195/routes.js","1319"
"/api/v1/backend-modules/M196","legacyModuleM196Routes","True","./modules/M196/routes.js","1320"
"/api/v1/backend-modules/M197","legacyModuleM197Routes","True","./modules/M197/routes.js","1321"
"/api/v1/backend-modules/M198","legacyModuleM198Routes","True","./modules/M198/routes.js","1322"
"/api/v1/backend-modules/M199","legacyModuleM199Routes","True","./modules/M199/routes.js","1323"
"/api/v1/backend-modules/M200","legacyModuleM200Routes","True","./modules/M200/routes.js","1324"
"/api/v1/backend-modules/M202","legacyModuleM202Routes","True","./modules/M202/routes.js","1325"
"/api/v1/backend-modules/M203","legacyModuleM203Routes","True","./modules/M203/routes.js","1326"
"/api/v1/backend-modules/M204","legacyModuleM204Routes","True","./modules/M204/routes.js","1327"
"/api/v1/backend-modules/M205","legacyModuleM205Routes","True","./modules/M205/routes.js","1328"
"/api/v1/backend-modules/M206","legacyModuleM206Routes","True","./modules/M206/routes.js","1329"
"/api/v1/backend-modules/M207","legacyModuleM207Routes","True","./modules/M207/routes.js","1330"
"/api/v1/backend-modules/M208","legacyModuleM208Routes","True","./modules/M208/routes.js","1331"
"/api/v1/backend-modules/M209","legacyModuleM209Routes","True","./modules/M209/routes.js","1332"
"/api/v1/backend-modules/M210","legacyModuleM210Routes","True","./modules/M210/routes.js","1333"
"/api/v1/backend-modules/M211","legacyModuleM211Routes","True","./modules/M211/routes.js","1334"
"/api/v1/backend-modules/M212","legacyModuleM212Routes","True","./modules/M212/routes.js","1335"
"/api/v1/backend-modules/M213","legacyModuleM213Routes","True","./modules/M213/routes.js","1336"
"/api/v1/backend-modules/M214","legacyModuleM214Routes","True","./modules/M214/routes.js","1337"
"/api/v1/backend-modules/M215","legacyModuleM215Routes","True","./modules/M215/routes.js","1338"
"/api/v1/backend-modules/M216","legacyModuleM216Routes","True","./modules/M216/routes.js","1339"
"/api/v1/backend-modules/M217","legacyModuleM217Routes","True","./modules/M217/routes.js","1340"
"/api/v1/backend-modules/M218","legacyModuleM218Routes","True","./modules/M218/routes.js","1341"
"/api/v1/backend-modules/M219","legacyModuleM219Routes","True","./modules/M219/routes.js","1342"
"/api/v1/backend-modules/M220","legacyModuleM220Routes","True","./modules/M220/routes.js","1343"
"/api/v1/backend-modules/M221","legacyModuleM221Routes","True","./modules/M221/routes.js","1344"
"/api/v1/backend-modules/M222","legacyModuleM222Routes","True","./modules/M222/routes.js","1345"
"/api/v1/backend-modules/M223","legacyModuleM223Routes","True","./modules/M223/routes.js","1346"
"/api/v1/backend-modules/M224","legacyModuleM224Routes","True","./modules/M224/routes.js","1347"
"/api/v1/backend-modules/M225","legacyModuleM225Routes","True","./modules/M225/routes.js","1348"
"/api/v1/backend-modules/M226","legacyModuleM226Routes","True","./modules/M226/routes.js","1349"
"/api/v1/backend-modules/M227","legacyModuleM227Routes","True","./modules/M227/routes.js","1350"
"/api/v1/backend-modules/M228","legacyModuleM228Routes","True","./modules/M228/routes.js","1351"
"/api/v1/backend-modules/M229","legacyModuleM229Routes","True","./modules/M229/routes.js","1352"
"/api/v1/backend-modules/M230","legacyModuleM230Routes","True","./modules/M230/routes.js","1353"
"/api/v1/backend-modules/M231","legacyModuleM231Routes","True","./modules/M231/routes.js","1354"
"/api/v1/backend-modules/M232","legacyModuleM232Routes","True","./modules/M232/routes.js","1355"
"/api/v1/backend-modules/M233","legacyModuleM233Routes","True","./modules/M233/routes.js","1356"
"/api/v1/backend-modules/M234","legacyModuleM234Routes","True","./modules/M234/routes.js","1357"
"/api/v1/backend-modules/M235","legacyModuleM235Routes","True","./modules/M235/routes.js","1358"
"/api/v1/backend-modules/M236","legacyModuleM236Routes","True","./modules/M236/routes.js","1359"
"/api/v1/backend-modules/M237","legacyModuleM237Routes","True","./modules/M237/routes.js","1360"
"/api/v1/backend-modules/M238","legacyModuleM238Routes","True","./modules/M238/routes.js","1361"
"/api/v1/backend-modules/M239","legacyModuleM239Routes","True","./modules/M239/routes.js","1362"
"/api/v1/backend-modules/M240","legacyModuleM240Routes","True","./modules/M240/routes.js","1363"
"/api/v1/backend-modules/M241","legacyModuleM241Routes","True","./modules/M241/routes.js","1364"
"/api/v1/backend-modules/M242","legacyModuleM242Routes","True","./modules/M242/routes.js","1365"
"/api/v1/backend-modules/M243","legacyModuleM243Routes","True","./modules/M243/routes.js","1366"
"/api/v1/backend-modules/M244","legacyModuleM244Routes","True","./modules/M244/routes.js","1367"
"/api/v1/backend-modules/M245","legacyModuleM245Routes","True","./modules/M245/routes.js","1368"
"/api/v1/backend-modules/M246","legacyModuleM246Routes","True","./modules/M246/routes.js","1369"
"/api/v1/backend-modules/M247","legacyModuleM247Routes","True","./modules/M247/routes.js","1370"
"/api/v1/backend-modules/M248","legacyModuleM248Routes","True","./modules/M248/routes.js","1371"
"/api/v1/backend-modules/M249","legacyModuleM249Routes","True","./modules/M249/routes.js","1372"
"/api/v1/backend-modules/M250","legacyModuleM250Routes","True","./modules/M250/routes.js","1373"
"/api/v1/backend-modules/M251","legacyModuleM251Routes","True","./modules/M251/routes.js","1374"
"/api/v1/backend-modules/M252","legacyModuleM252Routes","True","./modules/M252/routes.js","1375"
"/api/v1/backend-modules/M253","legacyModuleM253Routes","True","./modules/M253/routes.js","1376"
"/api/v1/backend-modules/M254","legacyModuleM254Routes","True","./modules/M254/routes.js","1377"
"/api/v1/backend-modules/M255","legacyModuleM255Routes","True","./modules/M255/routes.js","1378"
"/api/v1/backend-modules/M256","legacyModuleM256Routes","True","./modules/M256/routes.js","1379"
"/api/v1/backend-modules/M257","legacyModuleM257Routes","True","./modules/M257/routes.js","1380"
"/api/v1/backend-modules/M258","legacyModuleM258Routes","True","./modules/M258/routes.js","1381"
"/api/v1/backend-modules/M259","legacyModuleM259Routes","True","./modules/M259/routes.js","1382"
"/api/v1/backend-modules/M260","legacyModuleM260Routes","True","./modules/M260/routes.js","1383"
"/api/v1/backend-modules/M261","legacyModuleM261Routes","True","./modules/M261/routes.js","1384"
"/api/v1/backend-modules/M262","legacyModuleM262Routes","True","./modules/M262/routes.js","1385"
"/api/v1/backend-modules/M263","legacyModuleM263Routes","True","./modules/M263/routes.js","1386"
"/api/v1/backend-modules/M264","legacyModuleM264Routes","True","./modules/M264/routes.js","1387"
"/api/v1/backend-modules/M265","legacyModuleM265Routes","True","./modules/M265/routes.js","1388"
"/api/v1/backend-modules/M266","legacyModuleM266Routes","True","./modules/M266/routes.js","1389"
"/api/v1/backend-modules/M267","legacyModuleM267Routes","True","./modules/M267/routes.js","1390"
"/api/v1/backend-modules/M268","legacyModuleM268Routes","True","./modules/M268/routes.js","1391"
"/api/v1/backend-modules/M269","legacyModuleM269Routes","True","./modules/M269/routes.js","1392"
"/api/v1/backend-modules/M270","legacyModuleM270Routes","True","./modules/M270/routes.js","1393"
"/api/v1/backend-modules/M271","legacyModuleM271Routes","True","./modules/M271/routes.js","1394"
"/api/v1/backend-modules/M272","legacyModuleM272Routes","True","./modules/M272/routes.js","1395"
"/api/v1/backend-modules/M273","legacyModuleM273Routes","True","./modules/M273/routes.js","1396"
"/api/v1/backend-modules/M274","legacyModuleM274Routes","True","./modules/M274/routes.js","1397"
"/api/v1/backend-modules/M275","legacyModuleM275Routes","True","./modules/M275/routes.js","1398"
"/api/v1/backend-modules/M276","legacyModuleM276Routes","True","./modules/M276/routes.js","1399"
"/api/v1/backend-modules/M277","legacyModuleM277Routes","True","./modules/M277/routes.js","1400"
"/api/v1/backend-modules/M278","legacyModuleM278Routes","True","./modules/M278/routes.js","1401"
"/api/v1/backend-modules/M279","legacyModuleM279Routes","True","./modules/M279/routes.js","1402"
"/api/v1/backend-modules/M280","legacyModuleM280Routes","True","./modules/M280/routes.js","1403"
"/api/v1/backend-modules/M281","legacyModuleM281Routes","True","./modules/M281/routes.js","1404"
"/api/v1/backend-modules/M282","legacyModuleM282Routes","True","./modules/M282/routes.js","1405"
"/api/v1/backend-modules/M283","legacyModuleM283Routes","True","./modules/M283/routes.js","1406"
"/api/v1/backend-modules/M284","legacyModuleM284Routes","True","./modules/M284/routes.js","1407"
"/api/v1/backend-modules/M285","legacyModuleM285Routes","True","./modules/M285/routes.js","1408"
"/api/v1/backend-modules/M286","legacyModuleM286Routes","True","./modules/M286/routes.js","1409"
"/api/v1/backend-modules/M287","legacyModuleM287Routes","True","./modules/M287/routes.js","1410"
"/api/v1/backend-modules/M288","legacyModuleM288Routes","True","./modules/M288/routes.js","1411"
"/api/v1/backend-modules/M289","legacyModuleM289Routes","True","./modules/M289/routes.js","1412"
"/api/v1/backend-modules/M290","legacyModuleM290Routes","True","./modules/M290/routes.js","1413"
"/api/v1/backend-modules/M291","legacyModuleM291Routes","True","./modules/M291/routes.js","1414"
"/api/v1/backend-modules/M292","legacyModuleM292Routes","True","./modules/M292/routes.js","1415"
"/api/v1/backend-modules/M293","legacyModuleM293Routes","True","./modules/M293/routes.js","1416"
"/api/v1/backend-modules/M294","legacyModuleM294Routes","True","./modules/M294/routes.js","1417"
"/api/v1/backend-modules/M295","legacyModuleM295Routes","True","./modules/M295/routes.js","1418"
"/api/v1/backend-modules/M296","legacyModuleM296Routes","True","./modules/M296/routes.js","1419"
"/api/v1/backend-modules/M297","legacyModuleM297Routes","True","./modules/M297/routes.js","1420"
"/api/v1/backend-modules/M298","legacyModuleM298Routes","True","./modules/M298/routes.js","1421"
"/api/v1/backend-modules/M299","legacyModuleM299Routes","True","./modules/M299/routes.js","1422"
"/api/v1/backend-modules/M300","legacyModuleM300Routes","True","./modules/M300/routes.js","1423"
"/api/v1/backend-modules/M302","legacyModuleM302Routes","True","./modules/M302/routes.js","1424"
"/api/v1/backend-modules/M303","legacyModuleM303Routes","True","./modules/M303/routes.js","1425"
"/api/v1/backend-modules/M304","legacyModuleM304Routes","True","./modules/M304/routes.js","1426"
"/api/v1/backend-modules/M305","legacyModuleM305Routes","True","./modules/M305/routes.js","1427"
"/api/v1/backend-modules/M306","legacyModuleM306Routes","True","./modules/M306/routes.js","1428"
"/api/v1/backend-modules/M307","legacyModuleM307Routes","True","./modules/M307/routes.js","1429"
"/api/v1/backend-modules/M308","legacyModuleM308Routes","True","./modules/M308/routes.js","1430"
"/api/v1/backend-modules/M309","legacyModuleM309Routes","True","./modules/M309/routes.js","1431"
"/api/v1/backend-modules/M310","legacyModuleM310Routes","True","./modules/M310/routes.js","1432"
"/api/v1/backend-modules/M311","legacyModuleM311Routes","True","./modules/M311/routes.js","1433"
"/api/v1/backend-modules/M312","legacyModuleM312Routes","True","./modules/M312/routes.js","1434"
"/api/v1/backend-modules/M313","legacyModuleM313Routes","True","./modules/M313/routes.js","1435"
"/api/v1/backend-modules/M314","legacyModuleM314Routes","True","./modules/M314/routes.js","1436"
"/api/v1/backend-modules/M315","legacyModuleM315Routes","True","./modules/M315/routes.js","1437"
"/api/v1/backend-modules/M316","legacyModuleM316Routes","True","./modules/M316/routes.js","1438"
"/api/v1/backend-modules/M317","legacyModuleM317Routes","True","./modules/M317/routes.js","1439"
"/api/v1/backend-modules/M318","legacyModuleM318Routes","True","./modules/M318/routes.js","1440"
"/api/v1/backend-modules/M319","legacyModuleM319Routes","True","./modules/M319/routes.js","1441"
"/api/v1/backend-modules/M320","legacyModuleM320Routes","True","./modules/M320/routes.js","1442"
"/api/v1/backend-modules/M321","legacyModuleM321Routes","True","./modules/M321/routes.js","1443"
"/api/v1/backend-modules/M322","legacyModuleM322Routes","True","./modules/M322/routes.js","1444"
"/api/v1/backend-modules/M323","legacyModuleM323Routes","True","./modules/M323/routes.js","1445"
"/api/v1/backend-modules/M324","legacyModuleM324Routes","True","./modules/M324/routes.js","1446"
"/api/v1/backend-modules/M325","legacyModuleM325Routes","True","./modules/M325/routes.js","1447"
"/api/v1/backend-modules/M326","legacyModuleM326Routes","True","./modules/M326/routes.js","1448"
"/api/v1/backend-modules/M327","legacyModuleM327Routes","True","./modules/M327/routes.js","1449"
"/api/v1/backend-modules/M328","legacyModuleM328Routes","True","./modules/M328/routes.js","1450"
"/api/v1/backend-modules/M329","legacyModuleM329Routes","True","./modules/M329/routes.js","1451"
"/api/v1/backend-modules/M330","legacyModuleM330Routes","True","./modules/M330/routes.js","1452"
"/api/v1/backend-modules/M331","legacyModuleM331Routes","True","./modules/M331/routes.js","1453"
"/api/v1/backend-modules/M332","legacyModuleM332Routes","True","./modules/M332/routes.js","1454"
"/api/v1/backend-modules/M333","legacyModuleM333Routes","True","./modules/M333/routes.js","1455"
"/api/v1/backend-modules/M334","legacyModuleM334Routes","True","./modules/M334/routes.js","1456"
"/api/v1/backend-modules/M335","legacyModuleM335Routes","True","./modules/M335/routes.js","1457"
"/api/v1/backend-modules/M336","legacyModuleM336Routes","True","./modules/M336/routes.js","1458"
"/api/v1/backend-modules/M337","legacyModuleM337Routes","True","./modules/M337/routes.js","1459"
"/api/v1/backend-modules/M338","legacyModuleM338Routes","True","./modules/M338/routes.js","1460"
"/api/v1/backend-modules/M339","legacyModuleM339Routes","True","./modules/M339/routes.js","1461"
"/api/v1/backend-modules/M340","legacyModuleM340Routes","True","./modules/M340/routes.js","1462"
"/api/v1/backend-modules/M341","legacyModuleM341Routes","True","./modules/M341/routes.js","1463"
"/api/v1/backend-modules/M342","legacyModuleM342Routes","True","./modules/M342/routes.js","1464"
"/api/v1/backend-modules/M343","legacyModuleM343Routes","True","./modules/M343/routes.js","1465"
"/api/v1/backend-modules/M344","legacyModuleM344Routes","True","./modules/M344/routes.js","1466"
"/api/yieldmanagement","yieldManagement","True","./routes/yieldManagement.js","1467"
"/api/wikipedia","wikipediaRoutes","True","./routes/wikipediaRoutes.js","1468"
"/api/weather","weatherRoutes","True","./routes/weatherRoutes.js","1469"
"/api/weatheradvisory","weatherAdvisory","True","./routes/weatherAdvisory.js","1470"
"/api/v1/sms-auth","smsAuthService","True","./services/platform/smsAuthService","1471"
"/api/wearableintegration","wearableIntegrationRoutes","True","./routes/wearableIntegrationRoutes.js","1472"
"/api/watermanagement","waterManagementRoutes","True","./routes/waterManagementRoutes.js","1473"
"/api/warehousemanagement","warehouseManagement","True","./routes/warehouseManagement.js","1474"
"/api/wallet","walletRoutes","True","./routes/walletRoutes.js","1475"
"/api/vr","vr","True","./routes/vr.js","1476"
"/api/vision","visionRoutes","True","./routes/visionRoutes.js","1477"
"/api/videoanalytics","videoAnalytics","True","./routes/videoAnalytics.js","1478"
"/api/vendor","vendorRoutes","True","./routes/vendorRoutes.js","1479"
"/api/user","userRoutes","True","./routes/userRoutes.js","1480"
"/api/unifiedai","unifiedAIRoutes","True","./routes/unifiedAIRoutes.js","1481"
"/api/ai","unifiedAIRoutes","True","./routes/unifiedAIRoutes.js","1482"
"/api/v1/ai","unifiedAIRoutes","True","./routes/unifiedAIRoutes.js","1483"
"/api/ai/copilot","aiCopilotFramework","True","./services/legacy/aiCopilotService.js","1484"
"/api/v1/ai/copilot","aiCopilotFramework","True","./services/legacy/aiCopilotService.js","1485"
"/api/ai/models","aiModelsRoutes","True","./routes/aiModelsRoutes.js","1486"
"/api/ai/training","aiTrainingEvaluationRoutes","True","./routes/aiTrainingEvaluationRoutes.js","1487"
"/api/v1/ai/models","aiModelsRoutes","True","./routes/aiModelsRoutes.js","1488"
"/api/v1/ai/training","aiTrainingEvaluationRoutes","True","./routes/aiTrainingEvaluationRoutes.js","1489"
"/api/monitoring","infrastructureMonitoringRoutes","True","./routes/infrastructureMonitoringRoutes.js","1490"
"/api/v1/monitoring","infrastructureMonitoringRoutes","True","./routes/infrastructureMonitoringRoutes.js","1491"
"/api/gdpr","gdprComplianceRoutes","True","./routes/gdprComplianceRoutes.js","1492"
"/api/v1/gdpr","gdprComplianceRoutes","True","./routes/gdprComplianceRoutes.js","1493"
"/api/unifiedaigateway","unifiedAIGateway","True","./routes/unifiedAIGateway.js","1494"
"/api/transaction","transactionRoutes","True","./routes/transactionRoutes.js","1495"
"/api/trackdart","trackDartRoutes","True","./routes/trackDartRoutes.js","1496"
"/api/tenantmanagement","tenantManagementRoutes","True","./routes/tenantManagementRoutes.js","1497"
"/api/systemadministration","systemAdministrationRoutes","True","./routes/systemAdministrationRoutes.js","1498"
"/api/supplychaintracking","supplyChainTracking","True","./routes/supplyChainTracking.js","1499"
"/api/supplychainanalytics","supplyChainAnalytics","True","./routes/supplyChainAnalytics.js","1500"
"/api/supply-chain","supplyChainDecisionRoutes","True","./routes/supplyChainDecisionRoutes.js","1501"
"/api/v1/supply-chain","supplyChainDecisionRoutes","True","./routes/supplyChainDecisionRoutes.js","1502"
"/api/subscriptions","subscriptions","True","./routes/subscriptions.js","1503"
"/api/soilmanagement","soilManagementRoutes","True","./routes/soilManagementRoutes.js","1504"
"/api/soilhealth","soilHealth","True","./routes/soilHealth.js","1505"
"/api/sheep","sheepRoutes","True","./routes/sheepRoutes.js","1506"
"/api/sellerverifications","sellerVerifications","True","./routes/sellerVerifications.js","1507"
"/api/sellerranking","sellerRankingRoutes","True","./routes/sellerRankingRoutes.js","1508"
"/api/seedvault","seedVaultRoutes","True","./routes/seedVaultRoutes.js","1509"
"/api/sapmodulearchitecture","sapModuleArchitectureRoutes","True","./routes/sapModuleArchitectureRoutes.js","1510"
"/api/rolemanagement","roleManagementRoutes","True","./routes/roleManagementRoutes.js","1511"
"/api/riskpricing","riskPricingRoutes","True","./routes/riskPricingRoutes.js","1512"
"/api/riskassessment","riskAssessment","True","./routes/riskAssessment.js","1513"
"/api/rfq","rfqRoutes","True","./routes/rfqRoutes.js","1514"
"/api/revenue","revenueRoutes","True","./routes/revenueRoutes.js","1515"
"/api/returnloadboard","returnLoadBoardRoutes","True","./routes/returnLoadBoardRoutes.js","1516"
"/api/researchanddevelopment","researchAndDevelopmentRoutes","True","./routes/researchAndDevelopmentRoutes.js","1517"
"/api/regionalvariety","regionalVarietyRoutes","True","./routes/regionalVarietyRoutes.js","1518"
"/api/v1/varieties","neVarietiesRoutes","True","./routes/neVarietiesRoutes.js","1519"
"/api/recoveredfinance","recoveredFinanceRoutes","True","./routes/recoveredFinanceRoutes.js","1520"
"/api/realtimemonitoring","realtimeMonitoringRoutes","True","./routes/realtimeMonitoringRoutes.js","1521"
"/api/qualityassurance","qualityAssurance","True","./routes/qualityAssurance.js","1522"
"/api/projectsystems","projectSystemsRoutes","True","./routes/projectSystemsRoutes.js","1523"
"/api/product","productRoutes","True","./routes/productRoutes.js","1524"
"/api/productreview","productReviewRoutes","True","./routes/productReviewRoutes.js","1525"
"/api/productmediaai","productMediaAIRoutes","True","./routes/productMediaAIRoutes.js","1526"
"/api/ai/product-media-ai","productMediaAIRoutes","True","./routes/productMediaAIRoutes.js","1527"
"/api/v1/ai/product-media-ai","productMediaAIRoutes","True","./routes/productMediaAIRoutes.js","1528"
"/api/publicdata","publicDataRoutes","True","./routes/publicDataRoutes.js","1529"
"/api/productcertifications","productCertifications","True","./routes/productCertifications.js","1530"
"/api/priceforecasting","priceForecasting","True","./routes/priceForecasting.js","1531"
"/api/preventivemaintenance","preventiveMaintenanceRoutes","True","./routes/preventiveMaintenanceRoutes.js","1532"
"/api/predictiveintelligence","predictiveIntelligenceRoutes","True","./routes/predictiveIntelligenceRoutes.js","1533"
"/api/predictiveanalytics","predictiveAnalytics","True","./routes/predictiveAnalytics.js","1534"
"/api/poultry","poultryRoutes","True","./routes/poultryRoutes.js","1535"
"/api/platformtelemetry","platformTelemetryRoutes","True","./routes/platformTelemetryRoutes.js","1536"
"/api/platformcore","platformCoreRoutes","True","./routes/platformCoreRoutes.js","1537"
"/api/platformconfiguration","platformConfigurationRoutes","True","./routes/platformConfigurationRoutes.js","1538"
"/api/pig","pigRoutes","True","./routes/pigRoutes.js","1539"
"/api/phase9","phase9","True","./routes/phase9.js","1540"
"/api/phase8","phase8","True","./routes/phase8.js","1541"
"/api/phase12","phase12","True","./routes/phase12.js","1542"
"/api/phase11","phase11","True","./routes/phase11.js","1543"
"/api/phase10","phase10","True","./routes/phase10.js","1544"
"/api/payment","paymentRoutes","True","./routes/paymentRoutes.js","1545"
"/api/paymentgateway","paymentGatewayRoutes","True","./routes/paymentGatewayRoutes.js","1546"
"/api/orphaned_services_mount","ORPHANED_SERVICES_MOUNT","True","./routes/ORPHANED_SERVICES_MOUNT.js","1547"
"/api/organizationmanagement","organizationManagementRoutes","True","./routes/organizationManagementRoutes.js","1582"
"/api/order","orderRoutes","True","./routes/orderRoutes.js","1583"
"/api/operationsroutesupport","operationsRouteSupport","True","./routes/operationsRouteSupport.js","1586"
"/api/operationsmanagement","operationsManagementRoutes","True","./routes/operationsManagementRoutes.js","1587"
"/api/nutritionintelligence","nutritionIntelligenceRoutes","True","./routes/nutritionIntelligenceRoutes.js","1588"
"/api/nutrition-intelligence","nutritionIntelligenceRoutes","True","./routes/nutritionIntelligenceRoutes.js","1589"
"/api/v1/nutrition-intelligence","nutritionIntelligenceRoutes","True","./routes/nutritionIntelligenceRoutes.js","1590"
"/api/nutrientvaluesales","nutrientValueSalesRoutes","True","./routes/nutrientValueSalesRoutes.js","1591"
"/api/nlp","nlp","True","./routes/nlp.js","1592"
"/api/nervoussystem","nervousSystemRoutes","True","./routes/nervousSystemRoutes.js","1593"
"/api/mloptimization","mlOptimization","True","./routes/mlOptimization.js","1594"
"/api/v1/optimization","optimizationRoutes","True","./routes/optimizationRoutes.js","1595"
"/api/v1/shared-capacity","sharedCapacityRoutes","True","./routes/sharedCapacityRoutes.js","1596"
"/api/v1/india-coverage","indiaCoverageRoutes","True","./routes/indiaCoverageRoutes.js","1597"
"/api/marketplaceenhancements","marketplaceEnhancements","True","./routes/marketplaceEnhancements.js","1598"
"/api/marketdata","marketDataRoutes","True","./routes/marketDataRoutes.js","1599"
"/api/marketanalytics","marketAnalytics","True","./routes/marketAnalytics.js","1600"
"/api/m400aibackbone","m400AiBackboneRoutes","True","./routes/m400AiBackboneRoutes.js","1601"
"/api/logisticsenhancements","logisticsEnhancements","True","./routes/logisticsEnhancements.js","1602"
"/api/logisticsenhancement","logisticsEnhancementRoutes","True","./routes/logisticsEnhancementRoutes.js","1603"
"/api/loanmanagement","loanManagement","True","./routes/loanManagement.js","1604"
"/api/livestockroutesupport","livestockRouteSupport","True","./routes/livestockRouteSupport.js","1605"
"/api/livestockmanagement","livestockManagementRoutes","True","./routes/livestockManagementRoutes.js","1606"
"/api/livestock","livestock","True","./routes/livestock.js","1607"
"/api/library","libraryRoutes","True","./routes/libraryRoutes.js","1608"
"/api/library-knowledge","libraryRoutes","True","./routes/libraryRoutes.js","1609"
"/api/v1/library","libraryRoutes","True","./routes/libraryRoutes.js","1610"
"/api/library-ai-workspace","libraryAIWorkspaceRoutes","True","./routes/libraryAIWorkspaceRoutes.js","1611"
"/api/ai/library-workspace","libraryAIWorkspaceRoutes","True","./routes/libraryAIWorkspaceRoutes.js","1612"
"/api/v1/ai/library-workspace","libraryAIWorkspaceRoutes","True","./routes/libraryAIWorkspaceRoutes.js","1613"
"/api/landrecords","landRecordsRoutes","True","./routes/landRecordsRoutes.js","1614"
"/api/landmanagement","landManagementRoutes","True","./routes/landManagementRoutes.js","1615"
"/api/knowledge","knowledgeRoutes","True","./routes/knowledgeRoutes.js","1616"
"/api/irrigationmanagement","irrigationManagementRoutes","True","./routes/irrigationManagementRoutes.js","1617"
"/api/iotsensors","iotSensors","True","./routes/iotSensors.js","1618"
"/api/iotintegration","iotIntegrationRoutes","True","./routes/iotIntegrationRoutes.js","1619"
"/api/insuranceenhancements","insuranceEnhancements","True","./routes/insuranceEnhancements.js","1620"
"/api/inputsupplymanagement","inputSupplyManagementRoutes","True","./routes/inputSupplyManagementRoutes.js","1621"
"/api/informationsharing","informationSharingRoutes","True","./routes/informationSharingRoutes.js","1622"
"/api/identitymanagement","identityManagementRoutes","True","./routes/identityManagementRoutes.js","1623"
"/api/hr","hrRoutes","True","./routes/hrRoutes.js","1624"
"/api/horticulturemanagement","horticultureManagementRoutes","True","./routes/horticultureManagementRoutes.js","1625"
"/api/horticulture","horticulture","True","./routes/horticulture.js","1626"
"/api/gst","gstRoutes","True","./routes/finance/gstRoutes.js","1627"
"/api/greenhouse","greenhouse","True","./routes/greenhouse.js","1628"
"/api/governancemodule","governanceModule","True","./routes/governanceModule.js","1629"
"/api/goat","goatRoutes","True","./routes/goatRoutes.js","1630"
"/api/glutwarning","glutWarningRoutes","True","./routes/glutWarningRoutes.js","1631"
"/api/geofencing","geofencingRoutes","True","./routes/geofencingRoutes.js","1632"
"/api/freightpooling","freightPoolingRoutes","True","./routes/freightPoolingRoutes.js","1633"
"/api/freightpooling","freightPooling","True","./routes/freightPooling.js","1634"
"/api/food","foodRoutes","True","./routes/foodRoutes.js","1635"
"/api/folu","foluRoutes","True","./routes/foluRoutes.js","1636"
"/api/folubenchmark","foluBenchmarkRoutes","True","./routes/foluBenchmarkRoutes.js","1637"
"/api/fisheriesmanagement","fisheriesManagementRoutes","True","./routes/fisheriesManagementRoutes.js","1638"
"/api/financialanalytics","financialAnalytics","True","./routes/financialAnalytics.js","1639"
"/api/fertilizer","fertilizerRoutes","True","./routes/fertilizerRoutes.js","1640"
"/api/farmervalue","farmerValueRoutes","True","./routes/farmerValueRoutes.js","1641"
"/api/farmertraining","farmerTrainingRoutes","True","./routes/farmerTrainingRoutes.js","1642"
"/api/farmer","farmerRoutes","True","./routes/farmerRoutes.js","1643"
"/api/farmerportalenhancements","farmerPortalEnhancements","True","./routes/farmerPortalEnhancements.js","1644"
"/api/farmerhealth","farmerHealthRoutes","True","./routes/agriculture/farmerHealthRoutes.js","1645"
"/api/farmerfamily","farmerFamilyRoutes","True","./routes/farmerFamilyRoutes.js","1646"
"/api/farmcosting","farmCosting","True","./routes/farmCosting.js","1647"
"/api/farm-costing","farmCosting","True","./routes/farmCosting.js","1648"
"/api/v1/farm-costing","farmCosting","True","./routes/farmCosting.js","1649"
"/api/farmanalytics","farmAnalytics","True","./routes/farmAnalytics.js","1650"
"/api/experience","experienceRoutes","True","./routes/experienceRoutes.js","1651"
"/api/escrow","escrowRoutes","True","./routes/escrowRoutes.js","1652"
"/api/equipmentexchange","equipmentExchangeRoutes","True","./routes/commerce/equipmentExchangeRoutes.js","1653"
"/api/enterpriseroutesupport","enterpriseRouteSupport","True","./routes/enterpriseRouteSupport.js","1654"
"/api/enterpriseintegration","enterpriseIntegrationRoutes","True","./routes/enterpriseIntegrationRoutes.js","1655"
"/api/enterpriseai","enterpriseAIRoutes","True","./routes/ai/enterpriseAIRoutes.js","1656"
"/api/engineeringproject","engineeringProjectRoutes","True","./routes/engineeringProjectRoutes.js","1657"
"/api/energy","energyRoutes","True","./routes/energyRoutes.js","1658"
"/api/ecommerce","ecommerceRoutes","True","./routes/ecommerceRoutes.js","1659"
"/api/ecommercemarketing","ecommerceMarketingRoutes","True","./routes/ecommerceMarketingRoutes.js","1660"
"/api/ecommerceintegration","ecommerceIntegrationRoutes","True","./routes/ecommerceIntegrationRoutes.js","1661"
"/api/ecommerceerp","ecommerceERPRoutes","True","./routes/ecommerceERPRoutes.js","1662"
"/api/ecommercebusinesssales","ecommerceBusinessSalesRoutes","True","./routes/ecommerceBusinessSalesRoutes.js","1663"
"/api/ecommerceai","ecommerceAIRoutes","True","./routes/ecommerceAIRoutes.js","1664"
"/api/dprgeneration","dprGenerationRoutes","True","./routes/dprGenerationRoutes.js","1665"
"/api/digitaltwin","digitalTwinRoutes","True","./routes/digitalTwinRoutes.js","1666"
"/api/diettherapy","dietTherapyRoutes","True","./routes/dietTherapyRoutes.js","1667"
"/api/demand","demandRoutes","True","./routes/demandRoutes.js","1668"
"/api/defensefitnessprep","defenseFitnessPrepRoutes","True","./routes/defenseFitnessPrepRoutes.js","1669"
"/api/decisionsupport","decisionSupportRoutes","True","./routes/decisionSupportRoutes.js","1670"
"/api/datavisualization","dataVisualization","True","./routes/dataVisualization.js","1671"
"/api/dashboard","dashboardRoutes","True","./routes/dashboardRoutes.js","1672"
"/api/dairy","dairyRoutes","True","./routes/dairyRoutes.js","1673"
"/api/cropvalueresearch","cropValueResearchRoutes","True","./routes/cropValueResearchRoutes.js","1674"
"/api/croprecommendations","cropRecommendations","True","./routes/cropRecommendations.js","1675"
"/api/cropplanning","cropPlanningRoutes","True","./routes/cropPlanningRoutes.js","1676"
"/api/cropmanagement","cropManagementRoutes","True","./routes/cropManagementRoutes.js","1677"
"/api/v1","cropDomainRoutes","True","./routes/cropDomainRoutes.js","1678"
"/api/v1/seed-vault","seedVaultRoutesMerged","True","./routes/seedVaultRoutes.js","1679"
"/api/v1/financial-ai","financialAIRoutes","True","./routes/claude/financialAIRoutes.js","1680"
"/api/v1/insurance-ai","insuranceAIRoutes","True","./routes/claude/insuranceAIRoutes.js","1681"
"/api/v1/logistics-ai","logisticsAIRoutes","True","./routes/claude/logisticsAIRoutes.js","1682"
"/api/v1/order-ai","orderAIRoutes","True","./routes/claude/orderAIRoutes.js","1683"
"/api/v1/product-ai","productAIRoutes","True","./routes/claude/productAIRoutes.js","1684"
"/api/v1/ai-coordination","aiCoordinationRoutes","True","./routes/claude/aiCoordinationRoutes.js","1685"
"/api/v1/ai-copilot","aiCopilotRoutes","True","./routes/claude/aiCopilotRoutes.js","1686"
"/api/v1/ai-decision","aiDecisionRoutes","True","./routes/claude/aiDecisionRoutes.js","1687"
"/api/v1/ai-provider","aiProviderRoutes","True","./routes/claude/aiProviderRoutes.js","1688"
"/api/v1/ai-strategy","aiStrategyRoutes","True","./routes/claude/aiStrategyRoutes.js","1689"
"/api/v1","livestockDomainRoutes","True","./routes/livestockDomainRoutes.js","1690"
"/api/v1","soilDomainRoutes","True","./routes/soilDomainRoutes.js","1691"
"/api/v1","dairyDomainRoutes","True","./routes/dairyDomainRoutes.js","1692"
"/api/v1","fertilizerDomainRoutes","True","./routes/fertilizerDomainRoutes.js","1693"
"/api/v1/erp","erpServiceRouter","False","","1694"
"/api/v1/enterprise-control","enterpriseControlServiceRouter","False","","1695"
"/api/v1","organizationDomainRoutes","True","./routes/organizationDomainRoutes.js","1696"
"/api/v1","fisheriesDomainRoutes","True","./routes/fisheriesDomainRoutes.js","1697"
"/api/v1","comprehensiveERPDomainRoutes","True","./routes/comprehensiveERPDomainRoutes.js","1698"
"/api/v1","researchAndDevelopmentDomainRoutes","True","./routes/researchAndDevelopmentDomainRoutes.js","1699"
"/api/v1/artificial-scientist","artificialScientistRoutes","True","./routes/artificialScientistRoutes.js","1700"
"/api/v1","sapModuleArchitectureDomainRoutes","True","./routes/sapModuleArchitectureDomainRoutes.js","1701"
"/api/v1","animalHealthDomainRoutes","True","./routes/animalHealthDomainRoutes.js","1702"
"/api/v1","completeAIIntegrationDomainRoutes","True","./routes/completeAIIntegrationDomainRoutes.js","1703"
"/api/v1","completeERPIntegrationDomainRoutes","True","./routes/completeERPIntegrationDomainRoutes.js","1704"
"/api/v1","aiOperationIntelligenceDomainRoutes","True","./routes/aiOperationIntelligenceDomainRoutes.js","1705"
"/api/v1","aiSelfHealingDomainRoutes","True","./routes/aiSelfHealingDomainRoutes.js","1706"
"/api/v1","coldStorageDomainRoutes","True","./routes/coldStorageDomainRoutes.js","1707"
"/api/v1","costControlDomainRoutes","True","./routes/costControlDomainRoutes.js","1708"
"/api/v1","sheepDomainRoutes","True","./routes/sheepDomainRoutes.js","1709"
"/api/v1","aiAgentDomainRoutes","True","./routes/aiAgentDomainRoutes.js","1710"
"/api/v1","aiBrainDomainRoutes","True","./routes/aiBrainDomainRoutes.js","1711"
"/api/v1","ecommerceAIDomainRoutes","True","./routes/ecommerceAIDomainRoutes.js","1712"
"/api/v1","agriculturalIntelligenceDomainRoutes","True","./routes/agriculturalIntelligenceDomainRoutes.js","1713"
"/api/v1","ecommerceIntegrationDomainRoutes","True","./routes/ecommerceIntegrationDomainRoutes.js","1714"
"/api/v1","poultryDomainRoutes","True","./routes/poultryDomainRoutes.js","1715"
"/api/v1","assetAccountingDomainRoutes","True","./routes/assetAccountingDomainRoutes.js","1716"
"/api/v1","decisionSupportDomainRoutes","True","./routes/decisionSupportDomainRoutes.js","1717"
"/api/v1","ecommerceMarketplaceDomainRoutes","True","./routes/ecommerceMarketplaceDomainRoutes.js","1718"
"/api/v1","ordersDomainRoutes","True","./routes/ordersDomainRoutes.js","1719"
"/api/v1","weatherDomainRoutes","True","./routes/weatherDomainRoutes.js","1720"
"/api/v1","cooperativeShareDomainRoutes","True","./routes/cooperativeShareDomainRoutes.js","1721"
"/api/v1","walletDomainRoutes","True","./routes/walletDomainRoutes.js","1722"
"/api/v1","equipmentExchangeDomainRoutes","True","./routes/equipmentExchangeDomainRoutes.js","1723"
"/api/v1","multilingualDomainRoutes","True","./routes/multilingualDomainRoutes.js","1724"
"/api/v1","ecommerceBusinessSalesDomainRoutes","True","./routes/ecommerceBusinessSalesDomainRoutes.js","1725"
"/api/v1","bulkOrderDomainRoutes","True","./routes/bulkOrderDomainRoutes.js","1726"
"/api/v1","civilDisruptionDomainRoutes","True","./routes/civilDisruptionDomainRoutes.js","1727"
"/api/v1","engineeringProjectDomainRoutes","True","./routes/engineeringProjectDomainRoutes.js","1728"
"/api/v1","ecommerceERPDomainRoutes","True","./routes/ecommerceERPDomainRoutes.js","1729"
"/api/v1","experienceLayerDomainRoutes","True","./routes/experienceLayerDomainRoutes.js","1730"
"/api/v1","insuranceDomainRoutes","True","./routes/insuranceDomainRoutes.js","1731"
"/api/v1","authorizationDomainRoutes","True","./routes/authorizationDomainRoutes.js","1732"
"/api/v1","climateMonitoringDomainRoutes","True","./routes/climateMonitoringDomainRoutes.js","1733"
"/api/v1","communityManagementDomainRoutes","True","./routes/communityManagementDomainRoutes.js","1734"
"/api/v1","rfqDomainRoutes","True","./routes/rfqDomainRoutes.js","1735"
"/api/v1","farmerHealthDomainRoutes","True","./routes/farmerHealthDomainRoutes.js","1736"
"/api/v1","farmerKycDomainRoutes","True","./routes/farmerKycDomainRoutes.js","1737"
"/api/v1","farmerVerificationDomainRoutes","True","./routes/farmerVerificationDomainRoutes.js","1738"
"/api/v1","horticultureManagementDomainRoutes","True","./routes/horticultureManagementDomainRoutes.js","1739"
"/api/v1","landRecordsDomainRoutes","True","./routes/landRecordsDomainRoutes.js","1740"
"/api/v1","returnLoadBoardDomainRoutes","True","./routes/returnLoadBoardDomainRoutes.js","1741"
"/api/v1","realtimeMonitoringDomainRoutes","True","./routes/realtimeMonitoringDomainRoutes.js","1742"
"/api/v1","conversationalAIDomainRoutes","True","./routes/conversationalAIDomainRoutes.js","1743"
"/api/v1","voiceAIDomainRoutes","True","./routes/voiceAIDomainRoutes.js","1744"
"/api/v1","aiBackboneDomainRoutes","True","./routes/aiBackboneDomainRoutes.js","1745"
"/api/v1","companyDomainRoutes","True","./routes/companyDomainRoutes.js","1746"
"/api/v1","financeDomainRoutes","True","./routes/financeDomainRoutes.js","1747"
"/api/v1","complianceDomainRoutes","True","./routes/complianceDomainRoutes.js","1748"
"/api/v1","defenseFitnessPrepDomainRoutes","True","./routes/defenseFitnessPrepDomainRoutes.js","1749"
"/api/v1","enterpriseIntegrationDomainRoutes","True","./routes/enterpriseIntegrationDomainRoutes.js","1750"
"/api/v1","escrowDomainRoutes","True","./routes/escrowDomainRoutes.js","1751"
"/api/v1","financialAIDomainRoutes","True","./routes/financialAIDomainRoutes.js","1752"
"/api/v1","systemAdministrationDomainRoutes","True","./routes/systemAdministrationDomainRoutes.js","1753"
"/api/v1","logisticsAIDomainRoutes","True","./routes/logisticsAIDomainRoutes.js","1754"
"/api/v1","blockchainVerificationDomainRoutes","True","./routes/blockchainVerificationDomainRoutes.js","1755"
"/api/v1","knowledgeGraphDomainRoutes","True","./routes/knowledgeGraphDomainRoutes.js","1756"
"/api/v1","aiDomainAdapterRoutes","True","./routes/aiDomainAdapterRoutes.js","1757"
"/api/v1","cropValueResearchDomainRoutes","True","./routes/cropValueResearchDomainRoutes.js","1758"
"/api/v1","tenantManagementDomainRoutes","True","./routes/tenantManagementDomainRoutes.js","1759"
"/api/v1","platformCoreDomainRoutes","True","./routes/platformCoreDomainRoutes.js","1760"
"/api/v1","mfaDomainRoutes","True","./routes/mfaDomainRoutes.js","1761"
"/api/v1","organicTraceabilityDomainRoutes","True","./routes/organicTraceabilityDomainRoutes.js","1762"
"/api/v1","ecommerceMarketingDomainRoutes","True","./routes/ecommerceMarketingDomainRoutes.js","1763"
"/api/v1","sellerRankingDomainRoutes","True","./routes/sellerRankingDomainRoutes.js","1764"
"/api/v1","farmerValueDomainRoutes","True","./routes/farmerValueDomainRoutes.js","1765"
"/api/v1","transactionDomainRoutes","True","./routes/transactionDomainRoutes.js","1766"
"/api/v1","notificationDomainRoutes","True","./routes/notificationDomainRoutes.js","1767"
"/api/v1","privacyDomainRoutes","True","./routes/privacyDomainRoutes.js","1768"
"/api/v1","pestForecastingDomainRoutes","True","./routes/pestForecastingDomainRoutes.js","1769"
"/api/v1","adminAuditDomainRoutes","True","./routes/adminAuditDomainRoutes.js","1770"
"/api/v1/apiculture","apicultureRoutes","True","./routes/apicultureRoutes.js","1771"
"/api/v1/strategic/contract-farming","contractFarmingRoutes","True","./routes/contractFarmingRoutes.js","1772"
"/api/v1/forestry","forestryRoutes","True","./routes/forestryRoutes.js","1773"
"/api/v1/vermicompost","vermicompostRoutes","True","./routes/vermicompostRoutes.js","1774"
"/api/v1/sericulture","sericultureRoutes","True","./routes/sericultureRoutes.js","1775"
"/api/v1/fisheries","fisheriesRoutes","True","./routes/fisheriesRoutes.js","1776"
"/api/v1/strategic/household","householdProcurementRoutes","True","./routes/householdProcurementRoutes.js","1777"
"/api/v1/farmer-procurement","farmerProcurementQuoteRoutes","True","./routes/farmerProcurementQuoteRoutes.js","1778"
"/api/v1/module-registry","moduleRegistryRoutes","True","./routes/moduleRegistryRoutes.js","1779"
"/api/v1/strategic/pre-season","preSeasonPurchaseRoutes","True","./routes/preSeasonPurchaseRoutes.js","1780"
"/api/v1/privacy","gdprRoutes","True","./routes/gdprRoutes.js","1781"
"/api/v1/mfa","mfaRoutes","True","./routes/dual-use/mfaRoutes.js","1782"
"/api/v1/strategic/government","governmentSubsidyRoutes","True","./routes/governmentSubsidyRoutes.js","1783"
"/api/v1/mushroom","mushroomRoutes","True","./routes/mushroomRoutes.js","1784"
"/api/database-management","databaseManagementRoutes","True","./routes/databaseManagementRoutes.js","1785"
"/api/v1/library-ai","libraryAIWorkspaceRoutes","True","./routes/libraryAIWorkspaceRoutes.js","1786"
"/api/v1/governance","governanceModuleMerged","True","./routes/governanceModule.js","1787"
"/api/v1/cost-management","costRoutesMerged","True","./routes/costRoutes.js","1788"
"/api/cost","costRoutes","True","./routes/costRoutes.js","1789"
"/api/costcontrol","costControlRoutes","True","./routes/costControlRoutes.js","1790"
"/api/cooperativeshare","cooperativeShareRoutes","True","./routes/cooperativeShareRoutes.js","1791"
"/api/comprehensiveerp","comprehensiveERPRoutes","True","./routes/comprehensiveERPRoutes.js","1792"
"/api/compliancetracking","complianceTracking","True","./routes/complianceTracking.js","1793"
"/api/compliance","complianceRoutes","True","./routes/complianceRoutes.js","1794"
"/api/completeerpintegration","completeERPIntegrationRoutes","True","./routes/completeERPIntegrationRoutes.js","1795"
"/api/completeaiintegration","completeAIIntegrationRoutes","True","./routes/completeAIIntegrationRoutes.js","1796"
"/api/company","companyRoutes","True","./routes/companyRoutes.js","1797"
"/api/communitymanagement","communityManagementRoutes","True","./routes/communityManagementRoutes.js","1798"
"/api/coldstorage","coldStorageRoutes","True","./routes/coldStorageRoutes.js","1799"
"/api/coldchainmonitoring","coldChainMonitoring","True","./routes/coldChainMonitoring.js","1800"
"/api/climateroutesupport","climateRouteSupport","True","./routes/climateRouteSupport.js","1801"
"/api/climatemonitoring","climateMonitoringRoutes","True","./routes/climateMonitoringRoutes.js","1802"
"/api/climateadvisory","climateAdvisoryRoutes","True","./routes/climateAdvisoryRoutes.js","1803"
"/api/climateadvisory","climateAdvisory","True","./routes/climateAdvisory.js","1804"
"/api/civildisruption","civilDisruptionRoutes","True","./routes/civilDisruptionRoutes.js","1805"
"/api/certificationmanagement","certificationManagement","True","./routes/certificationManagement.js","1806"
"/api/buyertrust","buyerTrust","True","./routes/buyerTrust.js","1807"
"/api/bulkorders","bulkOrders","True","./routes/bulkOrders.js","1808"
"/api/bulkorder","bulkOrderRoutes","True","./routes/bulkOrderRoutes.js","1809"
"/api/blockchainverification","blockchainVerificationRoutes","True","./routes/blockchainVerificationRoutes.js","1810"
"/api/blockchaintrace","blockchainTrace","True","./routes/blockchainTrace.js","1811"
"/api/biometric","biometric","True","./routes/biometric.js","1812"
"/api/automation","automation","True","./routes/automation.js","1813"
"/api/auth","authRoutes","True","./routes/authRoutes.js","1814"
"/api/audittrail","auditTrail","True","./routes/auditTrail.js","1815"
"/api/audit","auditRoutes","True","./routes/auditRoutes.js","1816"
"/api/assetaccounting","assetAccountingRoutes","True","./routes/assetAccountingRoutes.js","1817"
"/api/ar","ar","True","./routes/ar.js","1818"
"/api/apicompatibility","apiCompatibilityRoutes","True","./routes/apiCompatibilityRoutes.js","1819"
"/api/animalhealth","animalHealthRoutes","True","./routes/animalHealthRoutes.js","1820"
"/api/analyticsreport","analyticsReportRoutes","True","./routes/analyticsReportRoutes.js","1821"
"/api/aiselfhealing","aiSelfHealingRoutes","True","./routes/aiSelfHealingRoutes.js","1822"
"/api/aioperationintelligence","aiOperationIntelligenceRoutes","True","./routes/aiOperationIntelligenceRoutes.js","1823"
"/api/aigateway","aiGatewayRoutes","True","./routes/aiGatewayRoutes.js","1824"
"/api/v1/ai-gateway","aiGatewayRoutes","True","./routes/aiGatewayRoutes.js","1825"
"/api/v1/robotics","roboticsRoutes","True","./routes/roboticsRoutes.js","1826"
"/api/aicollaboration","aiCollaborationRoutes","True","./routes/aiCollaborationRoutes.js","1827"
"/api/devin","devinRoutes","True","./routes/devinRoutes","1828"
"/api/aibrain","aiBrainRoutes","True","./routes/aiBrainRoutes.js","1829"
"/api/aibackbone","aiBackboneRoutes","True","./routes/aiBackboneRoutes.js","1830"
"/api/aiapproval","aiApprovalRoutes","True","./routes/aiApprovalRoutes.js","1831"
"/api/aiagent","aiAgentRoutes","True","./routes/aiAgentRoutes.js","1832"
"/api/agriculturalintelligence","agriculturalIntelligenceRoutes","True","./routes/agriculturalIntelligenceRoutes.js","1833"
"/api/advancedsearch","advancedSearchRoutes","True","./routes/advancedSearchRoutes.js","1834"
"/api/advancedfeatures","advancedFeatures","True","./routes/advancedFeatures.js","1835"
"/api/advancedanalytics","advancedAnalyticsRoutes","True","./routes/advancedAnalyticsRoutes.js","1836"
"/api/v1/warnings","apiWarningRoutes","True","./routes/apiWarningRoutes.js","1837"
"/api/index","index","True","./routes/index.js","1840"
"/health","healthRoutes","True","./routes/healthRoutes","1842"
"/api/auto-generation","productImageAutoGenerationRoutes","True","./routes/productImageAutoGenerationRoutes","1846"
"/api/ai/images","aiImageGenerationEnhancedRoutes","True","./routes/aiImageGenerationEnhancedRoutes","1847"
"/api/commerce/images","ecommerceImageIntegrationRoutes","True","./routes/ecommerceImageIntegrationRoutes","1848"
"/api/farmer/images","farmerImagePortalRoutes","True","./routes/farmerImagePortalRoutes","1849"
"/api/status","integrationStatusRoutes","True","./routes/integrationStatusRoutes","1853"
"/api/debug","endpointMismatchFixer","True","./routes/ENDPOINT_MISMATCH_FIXER","1858"
"/api","stripeWebhookRoutes","True","./routes/stripeWebhookRoutes","1862"
