"FromFile","FromRole","ImportPath","IsLocal"
"C:\Users\DIYA GOEL\Downloads\EBDESIGN\frontend\src\main.jsx","OTHER","react-dom/client","False"
"C:\Users\DIYA GOEL\Downloads\EBDESIGN\frontend\src\components\AIImageGenerator.jsx","COMPONENT","../services/api","True"
"C:\Users\DIYA GOEL\Downloads\EBDESIGN\frontend\src\components\AIImageGenerator.test.jsx","COMPONENT","../services/api","True"
"C:\Users\DIYA GOEL\Downloads\EBDESIGN\frontend\src\components\NotificationBell.jsx","COMPONENT","../services/componentApi","True"
"C:\Users\DIYA GOEL\Downloads\EBDESIGN\frontend\src\components\AI\AIChat.jsx","COMPONENT","../../services/componentApi","True"
"C:\Users\DIYA GOEL\Downloads\EBDESIGN\frontend\src\components\AI\AIChat.test.jsx","COMPONENT","../../services/componentApi","True"
"C:\Users\DIYA GOEL\Downloads\EBDESIGN\frontend\src\components\AI\AICollaborationDashboard.jsx","COMPONENT","../../services/componentApi","True"
"C:\Users\DIYA GOEL\Downloads\EBDESIGN\frontend\src\components\AI\CopilotChat.jsx","COMPONENT","../../services/componentApi","True"
"C:\Users\DIYA GOEL\Downloads\EBDESIGN\frontend\src\components\ArVr\ExperienceViewer.jsx","COMPONENT","../../services/componentApi","True"
"C:\Users\DIYA GOEL\Downloads\EBDESIGN\frontend\src\components\BlockchainTraceability\TraceabilityViewer.jsx","COMPONENT","../../services/componentApi","True"
"C:\Users\DIYA GOEL\Downloads\EBDESIGN\frontend\src\components\common\ModuleOperationPanel.jsx","COMPONENT","../../services/componentApi","True"
"C:\Users\DIYA GOEL\Downloads\EBDESIGN\frontend\src\components\ConsumerHealth\HealthDashboard.jsx","COMPONENT","../../services/componentApi","True"
"C:\Users\DIYA GOEL\Downloads\EBDESIGN\frontend\src\components\ConversationalAI\ChatInterface.jsx","COMPONENT","../../services/componentApi","True"
"C:\Users\DIYA GOEL\Downloads\EBDESIGN\frontend\src\components\Display\WalletCard.jsx","COMPONENT","../../services/api","True"
"C:\Users\DIYA GOEL\Downloads\EBDESIGN\frontend\src\components\Display\WalletCard.test.jsx","COMPONENT","../../services/api","True"
"C:\Users\DIYA GOEL\Downloads\EBDESIGN\frontend\src\components\FarmerPortal\LandRecords.jsx","COMPONENT","../../services/componentApi","True"
"C:\Users\DIYA GOEL\Downloads\EBDESIGN\frontend\src\components\FoodIntelligence\FoodSafetyDashboard.jsx","COMPONENT","../../services/componentApi","True"
"C:\Users\DIYA GOEL\Downloads\EBDESIGN\frontend\src\components\forms\LoginForm.jsx","COMPONENT","../../services/componentApi","True"
"C:\Users\DIYA GOEL\Downloads\EBDESIGN\frontend\src\components\forms\RegisterForm.jsx","COMPONENT","../../services/componentApi","True"
"C:\Users\DIYA GOEL\Downloads\EBDESIGN\frontend\src\components\GDPR\GDPRConsent.jsx","COMPONENT","../../services/componentApi","True"
"C:\Users\DIYA GOEL\Downloads\EBDESIGN\frontend\src\components\GIIntelligence\GIProductCard.jsx","COMPONENT","../../services/componentApi","True"
"C:\Users\DIYA GOEL\Downloads\EBDESIGN\frontend\src\components\Insurance\InsurancePremiumCalculator.jsx","COMPONENT","../../services/componentApi","True"
"C:\Users\DIYA GOEL\Downloads\EBDESIGN\frontend\src\components\IoTIntegration\DeviceMonitor.jsx","COMPONENT","../../services/componentApi","True"
"C:\Users\DIYA GOEL\Downloads\EBDESIGN\frontend\src\components\KnowledgeGraph\KnowledgeExplorer.jsx","COMPONENT","../../services/componentApi","True"
"C:\Users\DIYA GOEL\Downloads\EBDESIGN\frontend\src\components\LaboratoryERP\SampleRegistration.jsx","COMPONENT","../../services/componentApi","True"
"C:\Users\DIYA GOEL\Downloads\EBDESIGN\frontend\src\components\Library\LibraryBrowser.jsx","COMPONENT","../../services/componentApi","True"
"C:\Users\DIYA GOEL\Downloads\EBDESIGN\frontend\src\components\Logistics\CustodyChainViewer.jsx","COMPONENT","../../services/componentApi","True"
"C:\Users\DIYA GOEL\Downloads\EBDESIGN\frontend\src\components\Logistics\RealTimeTracking.jsx","COMPONENT","../../services/componentApi","True"
"C:\Users\DIYA GOEL\Downloads\EBDESIGN\frontend\src\components\Marketplace\GSTCalculator.jsx","COMPONENT","../../services/componentApi","True"
"C:\Users\DIYA GOEL\Downloads\EBDESIGN\frontend\src\components\Marketplace\ProductReview.jsx","COMPONENT","../../services/componentApi","True"
"C:\Users\DIYA GOEL\Downloads\EBDESIGN\frontend\src\components\MFA\MFASetup.jsx","COMPONENT","../../services/componentApi","True"
"C:\Users\DIYA GOEL\Downloads\EBDESIGN\frontend\src\components\Multilingual\AutoTranslate.jsx","COMPONENT","../../services/componentApi","True"
"C:\Users\DIYA GOEL\Downloads\EBDESIGN\frontend\src\components\Multilingual\MultilingualProvider.jsx","COMPONENT","../../services/componentApi","True"
"C:\Users\DIYA GOEL\Downloads\EBDESIGN\frontend\src\components\NutritionIntelligence\NutritionLabel.jsx","COMPONENT","../../services/componentApi","True"
"C:\Users\DIYA GOEL\Downloads\EBDESIGN\frontend\src\components\OrganicTraceability\OrganicFarmRegistration.jsx","COMPONENT","../../services/componentApi","True"
"C:\Users\DIYA GOEL\Downloads\EBDESIGN\frontend\src\components\OrganicTraceability\QRCodeScanner.jsx","COMPONENT","../../services/componentApi","True"
"C:\Users\DIYA GOEL\Downloads\EBDESIGN\frontend\src\components\PredictiveAnalytics\DemandForecast.jsx","COMPONENT","../../services/componentApi","True"
"C:\Users\DIYA GOEL\Downloads\EBDESIGN\frontend\src\components\VoiceAI\VoiceAssistant.jsx","COMPONENT","../../services/componentApi","True"
"C:\Users\DIYA GOEL\Downloads\EBDESIGN\frontend\src\modules\criticalModules.test.jsx","OTHER","../services/api","True"
"C:\Users\DIYA GOEL\Downloads\EBDESIGN\frontend\src\modules\M001\M001Page.jsx","OTHER","../../services/api","True"
"C:\Users\DIYA GOEL\Downloads\EBDESIGN\frontend\src\modules\M006\M006Page.jsx","OTHER","../../services/api","True"
"C:\Users\DIYA GOEL\Downloads\EBDESIGN\frontend\src\modules\M011\M011Page.jsx","OTHER","../../services/api","True"
"C:\Users\DIYA GOEL\Downloads\EBDESIGN\frontend\src\modules\M013\M013Page.jsx","OTHER","../../services/api","True"
"C:\Users\DIYA GOEL\Downloads\EBDESIGN\frontend\src\modules\M016\M016Page.jsx","OTHER","../../services/api","True"
"C:\Users\DIYA GOEL\Downloads\EBDESIGN\frontend\src\modules\M026\M026Page.jsx","OTHER","../../services/api","True"
"C:\Users\DIYA GOEL\Downloads\EBDESIGN\frontend\src\modules\M028\M028Page.jsx","OTHER","../../services/api","True"
"C:\Users\DIYA GOEL\Downloads\EBDESIGN\frontend\src\modules\M029\M029Page.jsx","OTHER","../../services/api","True"
"C:\Users\DIYA GOEL\Downloads\EBDESIGN\frontend\src\pages\AdminDashboardPage.jsx","PAGE","../services/api","True"
"C:\Users\DIYA GOEL\Downloads\EBDESIGN\frontend\src\pages\AdvancedAnalyticsDashboard.jsx","PAGE","../services/api","True"
"C:\Users\DIYA GOEL\Downloads\EBDESIGN\frontend\src\pages\AdvancedMedicalCodingPage.jsx","PAGE","@/services/api","False"
"C:\Users\DIYA GOEL\Downloads\EBDESIGN\frontend\src\pages\AdvancedSearchPage.jsx","PAGE","../services/api","True"
"C:\Users\DIYA GOEL\Downloads\EBDESIGN\frontend\src\pages\AgriculturalIntelligencePage.jsx","PAGE","../services/api","True"
"C:\Users\DIYA GOEL\Downloads\EBDESIGN\frontend\src\pages\AIAgentPage.jsx","PAGE","../services/api","True"
"C:\Users\DIYA GOEL\Downloads\EBDESIGN\frontend\src\pages\AIAgentPage.jsx","PAGE","../services/aiDecisionService","True"
"C:\Users\DIYA GOEL\Downloads\EBDESIGN\frontend\src\pages\AIBackbonePage.jsx","PAGE","../services/api","True"
"C:\Users\DIYA GOEL\Downloads\EBDESIGN\frontend\src\pages\AIBrainPage.jsx","PAGE","../services/api","True"
"C:\Users\DIYA GOEL\Downloads\EBDESIGN\frontend\src\pages\AIBrainPage.jsx","PAGE","../services/aiDecisionService","True"
"C:\Users\DIYA GOEL\Downloads\EBDESIGN\frontend\src\pages\AIDashboard.jsx","PAGE","../services/api","True"
"C:\Users\DIYA GOEL\Downloads\EBDESIGN\frontend\src\pages\AIOperationIntelligencePage.jsx","PAGE","../services/api","True"
"C:\Users\DIYA GOEL\Downloads\EBDESIGN\frontend\src\pages\AIOperationIntelligencePage.jsx","PAGE","../services/aiDecisionService","True"
"C:\Users\DIYA GOEL\Downloads\EBDESIGN\frontend\src\pages\AIProductStudioPage.jsx","PAGE","../services/api","True"
"C:\Users\DIYA GOEL\Downloads\EBDESIGN\frontend\src\pages\AISelfHealingPage.jsx","PAGE","../services/api","True"
"C:\Users\DIYA GOEL\Downloads\EBDESIGN\frontend\src\pages\AISelfHealingPage.jsx","PAGE","../services/aiDecisionService","True"
"C:\Users\DIYA GOEL\Downloads\EBDESIGN\frontend\src\pages\AnimalHealthPage.jsx","PAGE","../services/api","True"
"C:\Users\DIYA GOEL\Downloads\EBDESIGN\frontend\src\pages\AssetAccountingPage.jsx","PAGE","../services/api","True"
"C:\Users\DIYA GOEL\Downloads\EBDESIGN\frontend\src\pages\AuthorizationPage.jsx","PAGE","../services/api","True"
"C:\Users\DIYA GOEL\Downloads\EBDESIGN\frontend\src\pages\B2BMarketplace.jsx","PAGE","../services/api","True"
"C:\Users\DIYA GOEL\Downloads\EBDESIGN\frontend\src\pages\BankerDashboardPage.jsx","PAGE","../services/api","True"
"C:\Users\DIYA GOEL\Downloads\EBDESIGN\frontend\src\pages\BankPassportPage.jsx","PAGE","../services/api","True"
"C:\Users\DIYA GOEL\Downloads\EBDESIGN\frontend\src\pages\BlockchainVerificationPage.jsx","PAGE","../services/api","True"
"C:\Users\DIYA GOEL\Downloads\EBDESIGN\frontend\src\pages\BulkOrderPage.jsx","PAGE","../services/api","True"
"C:\Users\DIYA GOEL\Downloads\EBDESIGN\frontend\src\pages\CADashboardPage.jsx","PAGE","../services/api","True"
"C:\Users\DIYA GOEL\Downloads\EBDESIGN\frontend\src\pages\CartPage.jsx","PAGE","../services/api","True"
"C:\Users\DIYA GOEL\Downloads\EBDESIGN\frontend\src\pages\CheckoutPage.jsx","PAGE","../services/api","True"
"C:\Users\DIYA GOEL\Downloads\EBDESIGN\frontend\src\pages\ClimateAdvisoryPage.jsx","PAGE","../services/api","True"
"C:\Users\DIYA GOEL\Downloads\EBDESIGN\frontend\src\pages\ClimateMonitoringDashboardPage.jsx","PAGE","../services/api","True"
"C:\Users\DIYA GOEL\Downloads\EBDESIGN\frontend\src\pages\ClimateWeatherPage.jsx","PAGE","../services/api","True"
"C:\Users\DIYA GOEL\Downloads\EBDESIGN\frontend\src\pages\ColdStorageDashboardPage.jsx","PAGE","../services/api","True"
"C:\Users\DIYA GOEL\Downloads\EBDESIGN\frontend\src\pages\ColdStoragePage.jsx","PAGE","../services/api","True"
"C:\Users\DIYA GOEL\Downloads\EBDESIGN\frontend\src\pages\CommunityForumPage.jsx","PAGE","../services/api","True"
"C:\Users\DIYA GOEL\Downloads\EBDESIGN\frontend\src\pages\ComparePage.jsx","PAGE","../services/api","True"
"C:\Users\DIYA GOEL\Downloads\EBDESIGN\frontend\src\pages\CompetitivePositionPage.jsx","PAGE","../services/api","True"
"C:\Users\DIYA GOEL\Downloads\EBDESIGN\frontend\src\pages\CompleteAIIntegrationPage.jsx","PAGE","../services/api","True"
"C:\Users\DIYA GOEL\Downloads\EBDESIGN\frontend\src\pages\CompleteERPIntegrationPage.jsx","PAGE","../services/api","True"
"C:\Users\DIYA GOEL\Downloads\EBDESIGN\frontend\src\pages\ComplianceDashboardPage.jsx","PAGE","../services/api","True"
"C:\Users\DIYA GOEL\Downloads\EBDESIGN\frontend\src\pages\CompliancePage.jsx","PAGE","../services/api","True"
"C:\Users\DIYA GOEL\Downloads\EBDESIGN\frontend\src\pages\ComprehensiveERPPage.jsx","PAGE","../services/api","True"
"C:\Users\DIYA GOEL\Downloads\EBDESIGN\frontend\src\pages\ContractFarmingPage.jsx","PAGE","../services/api","True"
"C:\Users\DIYA GOEL\Downloads\EBDESIGN\frontend\src\pages\CooperativeSharePage.jsx","PAGE","../services/api","True"
"C:\Users\DIYA GOEL\Downloads\EBDESIGN\frontend\src\pages\CorporateBuyerPage.jsx","PAGE","../services/api","True"
"C:\Users\DIYA GOEL\Downloads\EBDESIGN\frontend\src\pages\CorridorEconomicsPage.jsx","PAGE","../services/api","True"
"C:\Users\DIYA GOEL\Downloads\EBDESIGN\frontend\src\pages\CostControlPage.jsx","PAGE","../services/api","True"
"C:\Users\DIYA GOEL\Downloads\EBDESIGN\frontend\src\pages\CropCalendarPage.jsx","PAGE","../services/api","True"
"C:\Users\DIYA GOEL\Downloads\EBDESIGN\frontend\src\pages\CropMonitoringPage.jsx","PAGE","../services/api","True"
"C:\Users\DIYA GOEL\Downloads\EBDESIGN\frontend\src\pages\CropRegistrationPage.jsx","PAGE","../services/api","True"
"C:\Users\DIYA GOEL\Downloads\EBDESIGN\frontend\src\pages\CropValueReviewPage.jsx","PAGE","../services/api","True"
"C:\Users\DIYA GOEL\Downloads\EBDESIGN\frontend\src\pages\CropVarietyPage.jsx","PAGE","../services/api","True"
"C:\Users\DIYA GOEL\Downloads\EBDESIGN\frontend\src\pages\DairyManagementPage.jsx","PAGE","../services/api","True"
"C:\Users\DIYA GOEL\Downloads\EBDESIGN\frontend\src\pages\DecisionEngineDashboardPage.jsx","PAGE","../services/api","True"
"C:\Users\DIYA GOEL\Downloads\EBDESIGN\frontend\src\pages\DecisionSupportPage.jsx","PAGE","../services/api","True"
"C:\Users\DIYA GOEL\Downloads\EBDESIGN\frontend\src\pages\DefenseFitnessPrepPage.jsx","PAGE","../services/api","True"
"C:\Users\DIYA GOEL\Downloads\EBDESIGN\frontend\src\pages\DietRecipesPage.jsx","PAGE","../services/api","True"
"C:\Users\DIYA GOEL\Downloads\EBDESIGN\frontend\src\pages\DigitalTwinDashboardPage.jsx","PAGE","../services/api","True"
"C:\Users\DIYA GOEL\Downloads\EBDESIGN\frontend\src\pages\DisruptionPage.jsx","PAGE","../services/api","True"
"C:\Users\DIYA GOEL\Downloads\EBDESIGN\frontend\src\pages\DynamicPricingPage.jsx","PAGE","../services/api","True"
"C:\Users\DIYA GOEL\Downloads\EBDESIGN\frontend\src\pages\EcommerceIntegrationPage.jsx","PAGE","../services/api","True"
"C:\Users\DIYA GOEL\Downloads\EBDESIGN\frontend\src\pages\EcommerceMarketplacePage.jsx","PAGE","../services/api","True"
"C:\Users\DIYA GOEL\Downloads\EBDESIGN\frontend\src\pages\EngineeringProjectPage.jsx","PAGE","../services/api","True"
"C:\Users\DIYA GOEL\Downloads\EBDESIGN\frontend\src\pages\EnterpriseAIPage.jsx","PAGE","../services/api","True"
"C:\Users\DIYA GOEL\Downloads\EBDESIGN\frontend\src\pages\EnterpriseControlPage.jsx","PAGE","../services/api","True"
"C:\Users\DIYA GOEL\Downloads\EBDESIGN\frontend\src\pages\EnterpriseIntegrationPage.jsx","PAGE","../services/api","True"
"C:\Users\DIYA GOEL\Downloads\EBDESIGN\frontend\src\pages\EnterpriseMemoryDashboardPage.jsx","PAGE","../services/api","True"
"C:\Users\DIYA GOEL\Downloads\EBDESIGN\frontend\src\pages\ERPDashboard.jsx","PAGE","../services/api","True"
"C:\Users\DIYA GOEL\Downloads\EBDESIGN\frontend\src\pages\ERPDashboardPage.jsx","PAGE","../services/api","True"
"C:\Users\DIYA GOEL\Downloads\EBDESIGN\frontend\src\pages\EscrowPage.jsx","PAGE","../services/api","True"
"C:\Users\DIYA GOEL\Downloads\EBDESIGN\frontend\src\pages\ExperienceLayerPage.jsx","PAGE","../services/api","True"
"C:\Users\DIYA GOEL\Downloads\EBDESIGN\frontend\src\pages\ExportDocumentationPage.jsx","PAGE","../services/api","True"
"C:\Users\DIYA GOEL\Downloads\EBDESIGN\frontend\src\pages\FarmAdvisorPage.jsx","PAGE","../services/api","True"
"C:\Users\DIYA GOEL\Downloads\EBDESIGN\frontend\src\pages\FarmCostingPage.jsx","PAGE","../services/api","True"
"C:\Users\DIYA GOEL\Downloads\EBDESIGN\frontend\src\pages\FarmerFamilyPage.jsx","PAGE","../services/api","True"
"C:\Users\DIYA GOEL\Downloads\EBDESIGN\frontend\src\pages\FarmerFieldPage.jsx","PAGE","../services/api","True"
"C:\Users\DIYA GOEL\Downloads\EBDESIGN\frontend\src\pages\FarmerHealthWelfarePage.jsx","PAGE","../services/api","True"
"C:\Users\DIYA GOEL\Downloads\EBDESIGN\frontend\src\pages\FarmerHomePage.jsx","PAGE","../services/api","True"
"C:\Users\DIYA GOEL\Downloads\EBDESIGN\frontend\src\pages\FarmerKycPage.jsx","PAGE","../services/api","True"
"C:\Users\DIYA GOEL\Downloads\EBDESIGN\frontend\src\pages\FarmerPortalPage.jsx","PAGE","../services/api","True"
"C:\Users\DIYA GOEL\Downloads\EBDESIGN\frontend\src\pages\FarmerProcurementPage.jsx","PAGE","../services/api","True"
"C:\Users\DIYA GOEL\Downloads\EBDESIGN\frontend\src\pages\FarmerProfilePage.jsx","PAGE","../services/api","True"
"C:\Users\DIYA GOEL\Downloads\EBDESIGN\frontend\src\pages\FarmerRevenueLedgerPage.jsx","PAGE","../services/api","True"
"C:\Users\DIYA GOEL\Downloads\EBDESIGN\frontend\src\pages\FarmerSellPage.jsx","PAGE","../services/api","True"
"C:\Users\DIYA GOEL\Downloads\EBDESIGN\frontend\src\pages\FarmerSkillPage.jsx","PAGE","../services/api","True"
"C:\Users\DIYA GOEL\Downloads\EBDESIGN\frontend\src\pages\FarmerVerificationPage.jsx","PAGE","../services/api","True"
"C:\Users\DIYA GOEL\Downloads\EBDESIGN\frontend\src\pages\FertilizerInventoryPage.jsx","PAGE","../services/api","True"
"C:\Users\DIYA GOEL\Downloads\EBDESIGN\frontend\src\pages\FinancialReportPage.jsx","PAGE","../services/aiDecisionService","True"
"C:\Users\DIYA GOEL\Downloads\EBDESIGN\frontend\src\pages\FinancialServicesDashboard.jsx","PAGE","../services/api","True"
"C:\Users\DIYA GOEL\Downloads\EBDESIGN\frontend\src\pages\FitbitCallbackPage.jsx","PAGE","../services/api","True"
"C:\Users\DIYA GOEL\Downloads\EBDESIGN\frontend\src\pages\FormManagementPage.jsx","PAGE","../services/api","True"
"C:\Users\DIYA GOEL\Downloads\EBDESIGN\frontend\src\pages\ForwardPricingPage.jsx","PAGE","../services/api","True"
"C:\Users\DIYA GOEL\Downloads\EBDESIGN\frontend\src\pages\FPODashboardPage.jsx","PAGE","../services/api","True"
"C:\Users\DIYA GOEL\Downloads\EBDESIGN\frontend\src\pages\FPODashboardPage.jsx","PAGE","../services/aiDecisionService","True"
"C:\Users\DIYA GOEL\Downloads\EBDESIGN\frontend\src\pages\GoatFarmingPage.jsx","PAGE","../services/api","True"
"C:\Users\DIYA GOEL\Downloads\EBDESIGN\frontend\src\pages\GovernmentDashboardPage.jsx","PAGE","../services/api","True"
"C:\Users\DIYA GOEL\Downloads\EBDESIGN\frontend\src\pages\GovernmentSubsidyPage.jsx","PAGE","../services/api","True"
"C:\Users\DIYA GOEL\Downloads\EBDESIGN\frontend\src\pages\HarvestScorePage.jsx","PAGE","../services/api","True"
"C:\Users\DIYA GOEL\Downloads\EBDESIGN\frontend\src\pages\HouseholdProcurementPage.jsx","PAGE","../services/api","True"
"C:\Users\DIYA GOEL\Downloads\EBDESIGN\frontend\src\pages\IndiaCoveragePage.jsx","PAGE","../services/api","True"
"C:\Users\DIYA GOEL\Downloads\EBDESIGN\frontend\src\pages\InformationSharingPage.jsx","PAGE","../services/api","True"
"C:\Users\DIYA GOEL\Downloads\EBDESIGN\frontend\src\pages\InsuranceManagementPage.jsx","PAGE","../services/api","True"
"C:\Users\DIYA GOEL\Downloads\EBDESIGN\frontend\src\pages\InventoryReportPage.jsx","PAGE","../services/aiDecisionService","True"
"C:\Users\DIYA GOEL\Downloads\EBDESIGN\frontend\src\pages\IoTMonitoringDashboard.jsx","PAGE","../services/api","True"
"C:\Users\DIYA GOEL\Downloads\EBDESIGN\frontend\src\pages\IrrigationManagementPage.jsx","PAGE","../services/api","True"
"C:\Users\DIYA GOEL\Downloads\EBDESIGN\frontend\src\pages\KnowledgeBasePage.jsx","PAGE","../services/api","True"
"C:\Users\DIYA GOEL\Downloads\EBDESIGN\frontend\src\pages\KnowledgeReferencePage.jsx","PAGE","../services/api","True"
"C:\Users\DIYA GOEL\Downloads\EBDESIGN\frontend\src\pages\LabourManagementPage.jsx","PAGE","../services/api","True"
"C:\Users\DIYA GOEL\Downloads\EBDESIGN\frontend\src\pages\LandRegistryPage.jsx","PAGE","../services/api","True"
"C:\Users\DIYA GOEL\Downloads\EBDESIGN\frontend\src\pages\LandUseCarbonPage.jsx","PAGE","../services/api","True"
"C:\Users\DIYA GOEL\Downloads\EBDESIGN\frontend\src\pages\LedgerPage.jsx","PAGE","../services/api","True"
"C:\Users\DIYA GOEL\Downloads\EBDESIGN\frontend\src\pages\LoanManagementPage.jsx","PAGE","../services/api","True"
"C:\Users\DIYA GOEL\Downloads\EBDESIGN\frontend\src\pages\LoginPage.jsx","PAGE","../services/api","True"
"C:\Users\DIYA GOEL\Downloads\EBDESIGN\frontend\src\pages\LogisticsEnhancementPage.jsx","PAGE","../services/api","True"
"C:\Users\DIYA GOEL\Downloads\EBDESIGN\frontend\src\pages\LogisticsMatchingPage.jsx","PAGE","../services/api","True"
"C:\Users\DIYA GOEL\Downloads\EBDESIGN\frontend\src\pages\LogisticsProviderPage.jsx","PAGE","../services/api","True"
"C:\Users\DIYA GOEL\Downloads\EBDESIGN\frontend\src\pages\MarketingCenter.jsx","PAGE","../services/api","True"
"C:\Users\DIYA GOEL\Downloads\EBDESIGN\frontend\src\pages\MarketIntelligencePage.jsx","PAGE","../services/api","True"
"C:\Users\DIYA GOEL\Downloads\EBDESIGN\frontend\src\pages\MarketSignalsPage.jsx","PAGE","../services/api","True"
"C:\Users\DIYA GOEL\Downloads\EBDESIGN\frontend\src\pages\MedicalCodingDashboardPage.jsx","PAGE","../services/api","True"
"C:\Users\DIYA GOEL\Downloads\EBDESIGN\frontend\src\pages\ModuleHubPage.jsx","PAGE","../services/api","True"
"C:\Users\DIYA GOEL\Downloads\EBDESIGN\frontend\src\pages\ModuleRuntimePage.jsx","PAGE","../services/api","True"
"C:\Users\DIYA GOEL\Downloads\EBDESIGN\frontend\src\pages\NaturalTherapistPage.jsx","PAGE","./NaturalTherapist.module.css","True"
"C:\Users\DIYA GOEL\Downloads\EBDESIGN\frontend\src\pages\NervousSystemPage.jsx","PAGE","../services/api","True"
"C:\Users\DIYA GOEL\Downloads\EBDESIGN\frontend\src\pages\NurseryManagementPage.jsx","PAGE","../services/api","True"
"C:\Users\DIYA GOEL\Downloads\EBDESIGN\frontend\src\pages\NutrientCalculatorPage.jsx","PAGE","../services/api","True"
"C:\Users\DIYA GOEL\Downloads\EBDESIGN\frontend\src\pages\NutrientValueMarketplace.jsx","PAGE","../services/api","True"
"C:\Users\DIYA GOEL\Downloads\EBDESIGN\frontend\src\pages\OperationalDashboard.jsx","PAGE","../services/api","True"
"C:\Users\DIYA GOEL\Downloads\EBDESIGN\frontend\src\pages\OrchardManagementPage.jsx","PAGE","../services/api","True"
"C:\Users\DIYA GOEL\Downloads\EBDESIGN\frontend\src\pages\OrderDetailPage.jsx","PAGE","../services/api","True"
"C:\Users\DIYA GOEL\Downloads\EBDESIGN\frontend\src\pages\OrderDetailPage.jsx","PAGE","../services/aiDecisionService","True"
"C:\Users\DIYA GOEL\Downloads\EBDESIGN\frontend\src\pages\OrganizationTenantManagementPage.jsx","PAGE","../services/api","True"
"C:\Users\DIYA GOEL\Downloads\EBDESIGN\frontend\src\pages\PaymentGatewayPage.jsx","PAGE","../services/api","True"
"C:\Users\DIYA GOEL\Downloads\EBDESIGN\frontend\src\pages\PaymentProcessingPage.jsx","PAGE","../services/api","True"
"C:\Users\DIYA GOEL\Downloads\EBDESIGN\frontend\src\pages\PigFarmingPage.jsx","PAGE","../services/api","True"
"C:\Users\DIYA GOEL\Downloads\EBDESIGN\frontend\src\pages\PlatformFoundationPage.jsx","PAGE","../services/api","True"
"C:\Users\DIYA GOEL\Downloads\EBDESIGN\frontend\src\pages\PlatformManagementPage.jsx","PAGE","../services/api","True"
"C:\Users\DIYA GOEL\Downloads\EBDESIGN\frontend\src\pages\PondManagementPage.jsx","PAGE","../services/api","True"
"C:\Users\DIYA GOEL\Downloads\EBDESIGN\frontend\src\pages\PoultryManagementPage.jsx","PAGE","../services/api","True"
"C:\Users\DIYA GOEL\Downloads\EBDESIGN\frontend\src\pages\PredictiveIntelligencePage.jsx","PAGE","../services/api","True"
"C:\Users\DIYA GOEL\Downloads\EBDESIGN\frontend\src\pages\PreOrderPage.jsx","PAGE","../services/api","True"
"C:\Users\DIYA GOEL\Downloads\EBDESIGN\frontend\src\pages\PreSeasonPurchasePage.jsx","PAGE","../services/api","True"
"C:\Users\DIYA GOEL\Downloads\EBDESIGN\frontend\src\pages\PriceBuildPage.jsx","PAGE","../services/api","True"
"C:\Users\DIYA GOEL\Downloads\EBDESIGN\frontend\src\pages\PriceCheckPage.jsx","PAGE","../services/api","True"
"C:\Users\DIYA GOEL\Downloads\EBDESIGN\frontend\src\pages\ProductDetailPage.jsx","PAGE","../services/api","True"
"C:\Users\DIYA GOEL\Downloads\EBDESIGN\frontend\src\pages\ProjectSystemsPage.jsx","PAGE","../services/api","True"
"C:\Users\DIYA GOEL\Downloads\EBDESIGN\frontend\src\pages\PublicDataExtractorPage.jsx","PAGE","../services/api","True"
"C:\Users\DIYA GOEL\Downloads\EBDESIGN\frontend\src\pages\QualityControlPage.jsx","PAGE","../services/api","True"
"C:\Users\DIYA GOEL\Downloads\EBDESIGN\frontend\src\pages\RealtimeMonitoringPage.jsx","PAGE","../services/api","True"
"C:\Users\DIYA GOEL\Downloads\EBDESIGN\frontend\src\pages\RegisterPage.jsx","PAGE","../services/api","True"
"C:\Users\DIYA GOEL\Downloads\EBDESIGN\frontend\src\pages\REOSDashboardPage.test.jsx","PAGE","../services/api","True"
"C:\Users\DIYA GOEL\Downloads\EBDESIGN\frontend\src\pages\ResearchAndDevelopmentPage.jsx","PAGE","../services/api","True"
"C:\Users\DIYA GOEL\Downloads\EBDESIGN\frontend\src\pages\ResearchAndDevelopmentPage.jsx","PAGE","../services/artificialScientistAPI","True"
"C:\Users\DIYA GOEL\Downloads\EBDESIGN\frontend\src\pages\ResearchDashboardPage.jsx","PAGE","../services/api","True"
"C:\Users\DIYA GOEL\Downloads\EBDESIGN\frontend\src\pages\RfqPage.jsx","PAGE","../services/api","True"
"C:\Users\DIYA GOEL\Downloads\EBDESIGN\frontend\src\pages\RiskManagementPage.jsx","PAGE","../services/aiDecisionService","True"
"C:\Users\DIYA GOEL\Downloads\EBDESIGN\frontend\src\pages\RoboticsOperationsPage.jsx","PAGE","../services/api","True"
"C:\Users\DIYA GOEL\Downloads\EBDESIGN\frontend\src\pages\RolePermissionPage.jsx","PAGE","../services/api","True"
"C:\Users\DIYA GOEL\Downloads\EBDESIGN\frontend\src\pages\SAPModuleArchitecturePage.jsx","PAGE","../services/api","True"
"C:\Users\DIYA GOEL\Downloads\EBDESIGN\frontend\src\pages\SeedPlanningPage.jsx","PAGE","../services/api","True"
"C:\Users\DIYA GOEL\Downloads\EBDESIGN\frontend\src\pages\SeedVaultPage.jsx","PAGE","../services/api","True"
"C:\Users\DIYA GOEL\Downloads\EBDESIGN\frontend\src\pages\SellerProductFormPage.jsx","PAGE","../services/api","True"
"C:\Users\DIYA GOEL\Downloads\EBDESIGN\frontend\src\pages\SellerProductFormPage.jsx","PAGE","../services/offlineQueue","True"
"C:\Users\DIYA GOEL\Downloads\EBDESIGN\frontend\src\pages\SellTimingPage.jsx","PAGE","../services/api","True"
"C:\Users\DIYA GOEL\Downloads\EBDESIGN\frontend\src\pages\SharedInfraPage.jsx","PAGE","../services/api","True"
"C:\Users\DIYA GOEL\Downloads\EBDESIGN\frontend\src\pages\SheepFarmingPage.jsx","PAGE","../services/api","True"
"C:\Users\DIYA GOEL\Downloads\EBDESIGN\frontend\src\pages\ShgManagementPage.jsx","PAGE","../services/api","True"
"C:\Users\DIYA GOEL\Downloads\EBDESIGN\frontend\src\pages\SoilManagementPage.jsx","PAGE","../services/api","True"
"C:\Users\DIYA GOEL\Downloads\EBDESIGN\frontend\src\pages\SowingManagementPage.jsx","PAGE","../services/api","True"
"C:\Users\DIYA GOEL\Downloads\EBDESIGN\frontend\src\pages\SubsidyManagementPage.jsx","PAGE","../services/api","True"
"C:\Users\DIYA GOEL\Downloads\EBDESIGN\frontend\src\pages\SupplyChainAnalyticsPage.jsx","PAGE","../services/api","True"
"C:\Users\DIYA GOEL\Downloads\EBDESIGN\frontend\src\pages\SupportCenterPage.jsx","PAGE","../services/api","True"
"C:\Users\DIYA GOEL\Downloads\EBDESIGN\frontend\src\pages\SustainabilityDashboardPage.jsx","PAGE","../services/api","True"
"C:\Users\DIYA GOEL\Downloads\EBDESIGN\frontend\src\pages\SystemAdministrationPage.jsx","PAGE","../services/api","True"
"C:\Users\DIYA GOEL\Downloads\EBDESIGN\frontend\src\pages\TraceabilityPage.jsx","PAGE","../services/api","True"
"C:\Users\DIYA GOEL\Downloads\EBDESIGN\frontend\src\pages\TractorManagementPage.jsx","PAGE","../services/api","True"
"C:\Users\DIYA GOEL\Downloads\EBDESIGN\frontend\src\pages\TrainingAcademyPage.jsx","PAGE","../services/api","True"
"C:\Users\DIYA GOEL\Downloads\EBDESIGN\frontend\src\pages\TransactionHistoryPage.jsx","PAGE","../services/api","True"
"C:\Users\DIYA GOEL\Downloads\EBDESIGN\frontend\src\pages\VarietyDirectoryPage.jsx","PAGE","../services/api","True"
"C:\Users\DIYA GOEL\Downloads\EBDESIGN\frontend\src\pages\VillageRegistryPage.jsx","PAGE","../services/villageAPI","True"
"C:\Users\DIYA GOEL\Downloads\EBDESIGN\frontend\src\pages\WalletPage.jsx","PAGE","../services/api","True"
"C:\Users\DIYA GOEL\Downloads\EBDESIGN\frontend\src\pages\WearablesPage.jsx","PAGE","../services/api","True"
"C:\Users\DIYA GOEL\Downloads\EBDESIGN\frontend\src\pages\WeatherAnalyticsPage.jsx","PAGE","../services/api","True"
"C:\Users\DIYA GOEL\Downloads\EBDESIGN\frontend\src\pages\WhatGrowPage.jsx","PAGE","../services/api","True"
"C:\Users\DIYA GOEL\Downloads\EBDESIGN\frontend\src\pages\YieldManagementPage.jsx","PAGE","../services/api","True"
"C:\Users\DIYA GOEL\Downloads\EBDESIGN\frontend\src\pages\Generated\Page0.jsx","PAGE","../../services/api","True"
"C:\Users\DIYA GOEL\Downloads\EBDESIGN\frontend\src\pages\Generated\Page1.jsx","PAGE","../../services/api","True"
"C:\Users\DIYA GOEL\Downloads\EBDESIGN\frontend\src\pages\Generated\Page2.jsx","PAGE","../../services/api","True"
"C:\Users\DIYA GOEL\Downloads\EBDESIGN\frontend\src\pages\Generated\Page3.jsx","PAGE","../../services/api","True"
"C:\Users\DIYA GOEL\Downloads\EBDESIGN\frontend\src\pages\MachineryVillageOps\MachineryManagement.jsx","PAGE","../../services/machineryVillageOpsService","True"
"C:\Users\DIYA GOEL\Downloads\EBDESIGN\frontend\src\pages\SoilNutrientLand\SoilManagement.jsx","PAGE","../../services/soilNutrientLandService","True"
"C:\Users\DIYA GOEL\Downloads\EBDESIGN\frontend\src\pages\VendorProcurement\VendorManagement.jsx","PAGE","../../services/vendorProcurementService","True"
"C:\Users\DIYA GOEL\Downloads\EBDESIGN\frontend\src\pages\WaterIrrigation\WaterManagement.jsx","PAGE","../../services/waterIrrigationService","True"
"C:\Users\DIYA GOEL\Downloads\EBDESIGN\frontend\src\services\aiDecisionService.test.js","API_OR_SERVICE","./aiDecisionService","True"
"C:\Users\DIYA GOEL\Downloads\EBDESIGN\frontend\src\services\artificialScientistAPI.js","API_OR_SERVICE","./api","True"
"C:\Users\DIYA GOEL\Downloads\EBDESIGN\frontend\src\services\authService.js","API_OR_SERVICE","./api","True"
"C:\Users\DIYA GOEL\Downloads\EBDESIGN\frontend\src\services\commerceApi.js","API_OR_SERVICE","./apiClient","True"
"C:\Users\DIYA GOEL\Downloads\EBDESIGN\frontend\src\services\componentApi.js","API_OR_SERVICE","./api","True"
"C:\Users\DIYA GOEL\Downloads\EBDESIGN\frontend\src\services\coreApi.js","API_OR_SERVICE","./apiClient","True"
"C:\Users\DIYA GOEL\Downloads\EBDESIGN\frontend\src\services\farmerService.js","API_OR_SERVICE","./api","True"
"C:\Users\DIYA GOEL\Downloads\EBDESIGN\frontend\src\services\index.js","API_OR_SERVICE","./aiDecisionService","True"
"C:\Users\DIYA GOEL\Downloads\EBDESIGN\frontend\src\services\index.js","API_OR_SERVICE","./aiDecisionService.test","True"
"C:\Users\DIYA GOEL\Downloads\EBDESIGN\frontend\src\services\index.js","API_OR_SERVICE","./api","True"
"C:\Users\DIYA GOEL\Downloads\EBDESIGN\frontend\src\services\index.js","API_OR_SERVICE","./apiClient","True"
"C:\Users\DIYA GOEL\Downloads\EBDESIGN\frontend\src\services\index.js","API_OR_SERVICE","./commerceApi","True"
"C:\Users\DIYA GOEL\Downloads\EBDESIGN\frontend\src\services\index.js","API_OR_SERVICE","./componentApi","True"
"C:\Users\DIYA GOEL\Downloads\EBDESIGN\frontend\src\services\index.js","API_OR_SERVICE","./coreApi","True"
"C:\Users\DIYA GOEL\Downloads\EBDESIGN\frontend\src\services\index.js","API_OR_SERVICE","./operationsApi","True"
"C:\Users\DIYA GOEL\Downloads\EBDESIGN\frontend\src\services\machineryVillageOpsService.js","API_OR_SERVICE","./api","True"
"C:\Users\DIYA GOEL\Downloads\EBDESIGN\frontend\src\services\marketplaceService.js","API_OR_SERVICE","./api","True"
"C:\Users\DIYA GOEL\Downloads\EBDESIGN\frontend\src\services\operationsApi.js","API_OR_SERVICE","./apiClient","True"
"C:\Users\DIYA GOEL\Downloads\EBDESIGN\frontend\src\services\realTimeService.jsx","API_OR_SERVICE","socket.io-client","False"
"C:\Users\DIYA GOEL\Downloads\EBDESIGN\frontend\src\services\soilNutrientLandService.js","API_OR_SERVICE","./api","True"
"C:\Users\DIYA GOEL\Downloads\EBDESIGN\frontend\src\services\vendorProcurementService.js","API_OR_SERVICE","./api","True"
"C:\Users\DIYA GOEL\Downloads\EBDESIGN\frontend\src\services\waterIrrigationService.js","API_OR_SERVICE","./api","True"
"C:\Users\DIYA GOEL\Downloads\EBDESIGN\frontend\src\services\__tests__\villageProfileAPI.test.js","API_OR_SERVICE","../api","True"
"C:\Users\DIYA GOEL\Downloads\EBDESIGN\frontend\src\test\utils\errorMonitoring.test.js","OTHER","../../services/api","True"
"C:\Users\DIYA GOEL\Downloads\EBDESIGN\frontend\src\utils\errorMonitoring.js","OTHER","../services/api","True"
"C:\Users\DIYA GOEL\Downloads\EBDESIGN\frontend\src\utils\pushNotifications.js","OTHER","../services/api","True"
"C:\Users\DIYA GOEL\Downloads\EBDESIGN\frontend\src\__tests__\FinalPlaceholderPages.test.jsx","OTHER","../services/api","True"
"C:\Users\DIYA GOEL\Downloads\EBDESIGN\frontend\src\__tests__\OperationalPlaceholderPages.test.jsx","OTHER","../services/api","True"
"C:\Users\DIYA GOEL\Downloads\EBDESIGN\frontend\src\__tests__\SearchKnowledgePages.test.jsx","OTHER","../services/api","True"
"C:\Users\DIYA GOEL\Downloads\EBDESIGN\frontend\src\__tests__\TrainingTraceabilityPages.test.jsx","OTHER","../services/api","True"
