"FromFile","ToFile","ImportPath","ImportKind","Resolution","CycleSeen","MinDepth","Occurrences"
"C:\Users\DIYA GOEL\Downloads\EBDESIGN\backend\src\utils\testFallbackStore.js","","","","DEPTH_LIMIT","False","13","1252"
"C:\Users\DIYA GOEL\Downloads\EBDESIGN\backend\src\services\aiService\creditRisk.js","","","","DEPTH_LIMIT","False","13","313"
"C:\Users\DIYA GOEL\Downloads\EBDESIGN\backend\src\modules\M086\service.js","","","","DEPTH_LIMIT","False","13","313"
"C:\Users\DIYA GOEL\Downloads\EBDESIGN\backend\src\services\legacy\productMediaAIService.js","","","","DEPTH_LIMIT","False","13","626"
"C:\Users\DIYA GOEL\Downloads\EBDESIGN\backend\src\middleware\admin.js","","","","DEPTH_LIMIT","False","13","1207"
"C:\Users\DIYA GOEL\Downloads\EBDESIGN\backend\src\routes\enterpriseRouteSupport.js","","","","DEPTH_LIMIT","False","13","268"
"C:\Users\DIYA GOEL\Downloads\EBDESIGN\backend\src\middleware\ownership.js","","","","DEPTH_LIMIT","False","13","313"
"C:\Users\DIYA GOEL\Downloads\EBDESIGN\backend\src\services\legacy\aiBackboneService.js","","","","DEPTH_LIMIT","False","13","1566"
"C:\Users\DIYA GOEL\Downloads\EBDESIGN\backend\src\services\authService\passwordUtils.js","","","","DEPTH_LIMIT","False","13","11"
"C:\Users\DIYA GOEL\Downloads\EBDESIGN\backend\src\services\legacy\cropValueResearchService.js","","","","DEPTH_LIMIT","False","13","313"
"C:\Users\DIYA GOEL\Downloads\EBDESIGN\backend\src\services\finance\gstService.js","","","","DEPTH_LIMIT","False","13","581"
"C:\Users\DIYA GOEL\Downloads\EBDESIGN\backend\src\modules\M005\service.js","","","","DEPTH_LIMIT","False","13","313"
"C:\Users\DIYA GOEL\Downloads\EBDESIGN\backend\src\services\legacy\custodyEventService.js","","","","DEPTH_LIMIT","False","13","313"
"C:\Users\DIYA GOEL\Downloads\EBDESIGN\backend\src\services\legacy\aiGatewayService.js","","","","DEPTH_LIMIT","False","13","626"
"C:\Users\DIYA GOEL\Downloads\EBDESIGN\backend\src\modules\M009\service.js","","","","DEPTH_LIMIT","False","13","313"
"C:\Users\DIYA GOEL\Downloads\EBDESIGN\backend\src\services\agriculture\weatherService.js","","","","DEPTH_LIMIT","False","13","313"
"C:\Users\DIYA GOEL\Downloads\EBDESIGN\backend\src\modules\M084\service.js","","","","DEPTH_LIMIT","False","13","313"
"C:\Users\DIYA GOEL\Downloads\EBDESIGN\backend\src\modules\M058\service.js","","","","DEPTH_LIMIT","False","13","313"
"C:\Users\DIYA GOEL\Downloads\EBDESIGN\backend\src\modules\M123\service.js","","","","DEPTH_LIMIT","False","13","313"
"C:\Users\DIYA GOEL\Downloads\EBDESIGN\backend\src\modules\M081\service.js","","","","DEPTH_LIMIT","False","13","313"
"C:\Users\DIYA GOEL\Downloads\EBDESIGN\backend\src\middleware\errorHandler.js","","","","DEPTH_LIMIT","False","13","313"
"C:\Users\DIYA GOEL\Downloads\EBDESIGN\backend\src\modules\M032\service.js","","","","DEPTH_LIMIT","False","13","313"
"C:\Users\DIYA GOEL\Downloads\EBDESIGN\backend\src\middleware\rateLimiter.js","","","","DEPTH_LIMIT","False","13","1596"
"C:\Users\DIYA GOEL\Downloads\EBDESIGN\backend\src\middleware\roleGroups.js","","","","DEPTH_LIMIT","False","13","1878"
"C:\Users\DIYA GOEL\Downloads\EBDESIGN\backend\src\services\legacy\gstService.js","","","","DEPTH_LIMIT","False","13","313"
"C:\Users\DIYA GOEL\Downloads\EBDESIGN\backend\src\websocket\index.js","","","","DEPTH_LIMIT","False","13","314"
"C:\Users\DIYA GOEL\Downloads\EBDESIGN\backend\src\services\authService.js","","","","DEPTH_LIMIT","False","13","1"
"C:\Users\DIYA GOEL\Downloads\EBDESIGN\backend\src\services\legacy\resourceCrudFactory.js","","","","DEPTH_LIMIT","False","13","626"
"C:\Users\DIYA GOEL\Downloads\EBDESIGN\backend\src\utils\errors.js","","","","DEPTH_LIMIT","False","13","269"
"C:\Users\DIYA GOEL\Downloads\EBDESIGN\backend\src\core\effectors.js","","","","DEPTH_LIMIT","False","13","313"
"C:\Users\DIYA GOEL\Downloads\EBDESIGN\backend\src\services\aiService\demandForecasting.js","","","","DEPTH_LIMIT","False","13","313"
"C:\Users\DIYA GOEL\Downloads\EBDESIGN\backend\src\services\aiService\priceOptimization.js","","","","DEPTH_LIMIT","False","13","313"
"C:\Users\DIYA GOEL\Downloads\EBDESIGN\backend\src\services\legacy\governmentSchemeService.js","","","","DEPTH_LIMIT","False","13","313"
"C:\Users\DIYA GOEL\Downloads\EBDESIGN\backend\src\modules\M045\service.js","","","","DEPTH_LIMIT","False","13","313"
"C:\Users\DIYA GOEL\Downloads\EBDESIGN\backend\src\modules\M087\service.js","","","","DEPTH_LIMIT","False","13","313"
"C:\Users\DIYA GOEL\Downloads\EBDESIGN\backend\src\services\legacy\escrowService.js","","","","DEPTH_LIMIT","False","13","313"
"C:\Users\DIYA GOEL\Downloads\EBDESIGN\backend\src\services\legacy\analyticsService.js","","","","DEPTH_LIMIT","False","13","939"
"C:\Users\DIYA GOEL\Downloads\EBDESIGN\backend\src\modules\M645100_LIBRARYKNOWLEDGE\backend\orgChart.js","","","","DEPTH_LIMIT","False","13","313"
"C:\Users\DIYA GOEL\Downloads\EBDESIGN\backend\src\modules\M041\service.js","","","","DEPTH_LIMIT","False","13","313"
"C:\Users\DIYA GOEL\Downloads\EBDESIGN\backend\src\services\legacy\realtimeMonitoringService.js","","","","DEPTH_LIMIT","False","13","313"
"C:\Users\DIYA GOEL\Downloads\EBDESIGN\backend\src\modules\M082\service.js","","","","DEPTH_LIMIT","False","13","313"
"C:\Users\DIYA GOEL\Downloads\EBDESIGN\backend\src\core\cache.js","","","","DEPTH_LIMIT","False","13","313"
"C:\Users\DIYA GOEL\Downloads\EBDESIGN\backend\src\services\legacy\nutritionIntelligenceService.js","","","","DEPTH_LIMIT","False","13","894"
"C:\Users\DIYA GOEL\Downloads\EBDESIGN\backend\src\database\pool.js","","","","DEPTH_LIMIT","False","13","16689"
"C:\Users\DIYA GOEL\Downloads\EBDESIGN\backend\src\utils\logger.js","","","","DEPTH_LIMIT","False","13","29147"
"C:\Users\DIYA GOEL\Downloads\EBDESIGN\backend\src\modules\M101\service.js","","","","DEPTH_LIMIT","False","13","313"
"C:\Users\DIYA GOEL\Downloads\EBDESIGN\backend\src\modules\M016\service.js","","","","DEPTH_LIMIT","False","13","313"
"C:\Users\DIYA GOEL\Downloads\EBDESIGN\backend\src\services\dual-use\authService.js","","","","DEPTH_LIMIT","False","13","1"
"C:\Users\DIYA GOEL\Downloads\EBDESIGN\backend\src\services\aiService\recommendationEngine.js","","","","DEPTH_LIMIT","False","13","313"
"C:\Users\DIYA GOEL\Downloads\EBDESIGN\backend\src\modules\M002\service.js","","","","DEPTH_LIMIT","False","13","313"
"C:\Users\DIYA GOEL\Downloads\EBDESIGN\backend\src\middleware\auth.js","","","","DEPTH_LIMIT","False","13","54"
"C:\Users\DIYA GOEL\Downloads\EBDESIGN\backend\src\core\outcomeResolver.js","","","","DEPTH_LIMIT","False","13","312"
"C:\Users\DIYA GOEL\Downloads\EBDESIGN\backend\src\services\legacy\aiCopilotService.js","","","","DEPTH_LIMIT","False","13","313"
"C:\Users\DIYA GOEL\Downloads\EBDESIGN\backend\src\modules\M074\service.js","","","","DEPTH_LIMIT","False","13","313"
"C:\Users\DIYA GOEL\Downloads\EBDESIGN\backend\src\modules\M104\service.js","","","","DEPTH_LIMIT","False","13","313"
"C:\Users\DIYA GOEL\Downloads\EBDESIGN\backend\src\services\legacy\productService.js","","","","DEPTH_LIMIT","False","13","313"
"C:\Users\DIYA GOEL\Downloads\EBDESIGN\backend\src\routes\decisionSupportRoutes.js","","","","DEPTH_LIMIT","False","13","313"
"C:\Users\DIYA GOEL\Downloads\EBDESIGN\backend\src\modules\M060\service.js","","","","DEPTH_LIMIT","False","13","313"
"C:\Users\DIYA GOEL\Downloads\EBDESIGN\backend\src\modules\M083\service.js","","","","DEPTH_LIMIT","False","13","313"
"C:\Users\DIYA GOEL\Downloads\EBDESIGN\backend\src\modules\M072\service.js","","","","DEPTH_LIMIT","False","13","313"
"C:\Users\DIYA GOEL\Downloads\EBDESIGN\backend\src\core\mcda.js","","","","DEPTH_LIMIT","False","13","312"
"C:\Users\DIYA GOEL\Downloads\EBDESIGN\backend\src\modules\M085\service.js","","","","DEPTH_LIMIT","False","13","313"
"C:\Users\DIYA GOEL\Downloads\EBDESIGN\backend\src\services\aiService\fraudDetection.js","","","","DEPTH_LIMIT","False","13","313"
"C:\Users\DIYA GOEL\Downloads\EBDESIGN\backend\src\modules\M055\service.js","","","","DEPTH_LIMIT","False","13","312"
"C:\Users\DIYA GOEL\Downloads\EBDESIGN\backend\src\modules\M052\service.js","","","","DEPTH_LIMIT","False","13","313"
"C:\Users\DIYA GOEL\Downloads\EBDESIGN\backend\src\core\errorHandler.js","","","","DEPTH_LIMIT","False","13","626"
"C:\Users\DIYA GOEL\Downloads\EBDESIGN\backend\src\core\signalBus.js","","","","DEPTH_LIMIT","False","13","3421"
"C:\Users\DIYA GOEL\Downloads\EBDESIGN\backend\src\middleware\inputValidation.js","","","","DEPTH_LIMIT","False","13","20"
"C:\Users\DIYA GOEL\Downloads\EBDESIGN\backend\src\services\legacy\aiService.js","","","","DEPTH_LIMIT","False","13","625"
