"Family","File","RelativePath","Name","SizeBytes","Lines","SHA256","Mounted"
"TOP_LEVEL_ROUTE","C:\Users\DIYA GOEL\Downloads\EBDESIGN\backend\src\routes\adminRoutes.js","routes\adminRoutes.js","adminRoutes.js","480","23","4244B3D10FDF16A549D23495688101A6F57F6FCD20080CE14401A46809A509C4","False"
"TOP_LEVEL_ROUTE","C:\Users\DIYA GOEL\Downloads\EBDESIGN\backend\src\routes\analyticsRoutes.js","routes\analyticsRoutes.js","analyticsRoutes.js","492","23","30467D82B6F91935D2681DCC92092B12CA9D6B40B294275C573DEA5A03EEC3FC","False"
"TOP_LEVEL_ROUTE","C:\Users\DIYA GOEL\Downloads\EBDESIGN\backend\src\routes\apiDocumentationRoutes.js","routes\apiDocumentationRoutes.js","apiDocumentationRoutes.js","513","23","DC8150C5AC1EA6DE0DC711C141B5A6B0F062FF46CA48AB068A24FAC1956FCBBC","False"
"TOP_LEVEL_ROUTE","C:\Users\DIYA GOEL\Downloads\EBDESIGN\backend\src\routes\auditLogRoutes.js","routes\auditLogRoutes.js","auditLogRoutes.js","489","23","6EB7144CCA937EF0316F097023D3BE051AB72D92EB27A0712133C6C399966A8D","False"
"TOP_LEVEL_ROUTE","C:\Users\DIYA GOEL\Downloads\EBDESIGN\backend\src\routes\backupRoutes.js","routes\backupRoutes.js","backupRoutes.js","483","23","D51ABC016E8807B35E71727AAC499882136CE8810F3EFBF76C4A2F006413A5E6","False"
"TOP_LEVEL_ROUTE","C:\Users\DIYA GOEL\Downloads\EBDESIGN\backend\src\routes\bulkOperationRoutes.js","routes\bulkOperationRoutes.js","bulkOperationRoutes.js","504","23","73463C9879F55579993F5898003FCD1C8DBDEF2B1494234C15396D7FD5F693F9","False"
"TOP_LEVEL_ROUTE","C:\Users\DIYA GOEL\Downloads\EBDESIGN\backend\src\routes\cacheRoutes.js","routes\cacheRoutes.js","cacheRoutes.js","480","23","4DA3D6DA904A49D584481DFF227EA95711531603E353DD48EC7058A2430A620B","False"
"TOP_LEVEL_ROUTE","C:\Users\DIYA GOEL\Downloads\EBDESIGN\backend\src\routes\cloudManagementRoutes.js","routes\cloudManagementRoutes.js","cloudManagementRoutes.js","13356","547","06733263FA45D3F5BD878FF7F02B96A4C8E4166403AE3EF74EAD81823AF72BA8","False"
"TOP_LEVEL_ROUTE","C:\Users\DIYA GOEL\Downloads\EBDESIGN\backend\src\routes\communityRoutes.js","routes\communityRoutes.js","communityRoutes.js","12325","580","195CA6E00F2AA09368D94D80C1FA826B15669C4C62A2FC81022CF52AD43D5D7A","False"
"TOP_LEVEL_ROUTE","C:\Users\DIYA GOEL\Downloads\EBDESIGN\backend\src\routes\dataExportRoutes.js","routes\dataExportRoutes.js","dataExportRoutes.js","495","23","4DB6A1CAF29D5BC7D32DA382AF05C2007CAED4F427DA07CA224D04ECD10E0E84","False"
"TOP_LEVEL_ROUTE","C:\Users\DIYA GOEL\Downloads\EBDESIGN\backend\src\routes\ENDPOINT_MISMATCH_FIXER_COMPLETE.js","routes\ENDPOINT_MISMATCH_FIXER_COMPLETE.js","ENDPOINT_MISMATCH_FIXER_COMPLETE.js","382","20","8B889C5F5C8DC1A46F44D62FFF0C6753ED720958CD06505461256170C2F10C66","False"
"TOP_LEVEL_ROUTE","C:\Users\DIYA GOEL\Downloads\EBDESIGN\backend\src\routes\enterpriseControlRoutes.js","routes\enterpriseControlRoutes.js","enterpriseControlRoutes.js","14786","501","5B9962659375D566CD2AED75DE2E0010C3C0CF970E23F70AE823A12A5239333F","False"
"TOP_LEVEL_ROUTE","C:\Users\DIYA GOEL\Downloads\EBDESIGN\backend\src\routes\erpRoutes.js","routes\erpRoutes.js","erpRoutes.js","7591","280","2D266EDA003F44C66A745BB88A168F50D8405F9974F36E9FD17C8E0E74DA019A","False"
"TOP_LEVEL_ROUTE","C:\Users\DIYA GOEL\Downloads\EBDESIGN\backend\src\routes\errorLogRoutes.js","routes\errorLogRoutes.js","errorLogRoutes.js","489","23","583DD6634ACC56260287D2B3A17F7BBB87F36C4C93F86C7B2235C7C1FD1D4DBB","False"
"TOP_LEVEL_ROUTE","C:\Users\DIYA GOEL\Downloads\EBDESIGN\backend\src\routes\exportRoutes.js","routes\exportRoutes.js","exportRoutes.js","483","23","0EEE9F759BB06CABD253C4D2D55487A74B66511644EFA1D81958A602FDF4B3F5","False"
"TOP_LEVEL_ROUTE","C:\Users\DIYA GOEL\Downloads\EBDESIGN\backend\src\routes\farmerKycRoutes.js","routes\farmerKycRoutes.js","farmerKycRoutes.js","1645","38","2894862AD2AFBBA8946C686A9B1CED9C3B063579300D0207DD35CD32E8EA9E52","False"
"TOP_LEVEL_ROUTE","C:\Users\DIYA GOEL\Downloads\EBDESIGN\backend\src\routes\farmerVerificationRoutes.js","routes\farmerVerificationRoutes.js","farmerVerificationRoutes.js","1369","34","C2005BAF55E9DC4E4E01415D88BF47FC4601CEB17D4E9EF6ED3309107002CE6A","False"
"TOP_LEVEL_ROUTE","C:\Users\DIYA GOEL\Downloads\EBDESIGN\backend\src\routes\gdprRoutes_merged.js","routes\gdprRoutes_merged.js","gdprRoutes_merged.js","1121","34","4F9B5891D4680E7CABFC744B76FA9B5F6AA23FDA97F36928B40FAA30F174E969","False"
"TOP_LEVEL_ROUTE","C:\Users\DIYA GOEL\Downloads\EBDESIGN\backend\src\routes\healthCheckRoutes.js","routes\healthCheckRoutes.js","healthCheckRoutes.js","498","23","3FBFA34E94717C0F2CDA73DC9321716CA0CAD4B43A1D8191D6EE100702D452E1","False"
"TOP_LEVEL_ROUTE","C:\Users\DIYA GOEL\Downloads\EBDESIGN\backend\src\routes\integrationRoutes.js","routes\integrationRoutes.js","integrationRoutes.js","498","23","A103EACFA70C543F6A1E336F323A82EE2AD0896AF021C292A61CFA3C9C19CC3C","False"
"TOP_LEVEL_ROUTE","C:\Users\DIYA GOEL\Downloads\EBDESIGN\backend\src\routes\labourRoutes.js","routes\labourRoutes.js","labourRoutes.js","1024","27","29AD7A9FDA4DCBE171B4D4260544E1927B9716CFF1CD60808DB31EC7C1D0A93B","False"
"TOP_LEVEL_ROUTE","C:\Users\DIYA GOEL\Downloads\EBDESIGN\backend\src\routes\libraryRoutes_merged.js","routes\libraryRoutes_merged.js","libraryRoutes_merged.js","1636","80","AABFEA7079F0494104991A526D9D5B8CCD800E707AA5D6C2865299E2EBD4F5CB","False"
"TOP_LEVEL_ROUTE","C:\Users\DIYA GOEL\Downloads\EBDESIGN\backend\src\routes\M041VillageERP.js","routes\M041VillageERP.js","M041VillageERP.js","12595","421","F75031F6AA54261F730F4C36FF2C40F96D657A7225002D0F93E6783CE9ACF002","False"
"TOP_LEVEL_ROUTE","C:\Users\DIYA GOEL\Downloads\EBDESIGN\backend\src\routes\M100Routes.js","routes\M100Routes.js","M100Routes.js","956","39","CB14746137691EA82646748540A17E30342CE8E04575FE8700A2C1CF2EA590D9","False"
"TOP_LEVEL_ROUTE","C:\Users\DIYA GOEL\Downloads\EBDESIGN\backend\src\routes\M101Routes.js","routes\M101Routes.js","M101Routes.js","956","39","79A7F18F175B9E98F64AE58F3F0029A3F3B2A3ABAE6B76C83AFCE03B31C49CEE","False"
"TOP_LEVEL_ROUTE","C:\Users\DIYA GOEL\Downloads\EBDESIGN\backend\src\routes\M102Routes.js","routes\M102Routes.js","M102Routes.js","956","39","95CD3BE4F668A47B9CA9C6424922B7DD8B504FDE4A0FE1FA239712583D2418DF","False"
"TOP_LEVEL_ROUTE","C:\Users\DIYA GOEL\Downloads\EBDESIGN\backend\src\routes\M103Routes.js","routes\M103Routes.js","M103Routes.js","956","39","B407F486E5D2849420FB280045289964D7819AB94DE062240876319CCCA93444","False"
"TOP_LEVEL_ROUTE","C:\Users\DIYA GOEL\Downloads\EBDESIGN\backend\src\routes\M104Routes.js","routes\M104Routes.js","M104Routes.js","956","39","6B39BF96C71F3428BD5F088F1204D17D2BE805994B44F7FEAFC2FD592D3792AE","False"
"TOP_LEVEL_ROUTE","C:\Users\DIYA GOEL\Downloads\EBDESIGN\backend\src\routes\M105Routes.js","routes\M105Routes.js","M105Routes.js","956","39","8BEB3C415DFD602B6EC18024CC662A401CAEBF2BBD23DEC7204FD0097DFF8946","False"
"TOP_LEVEL_ROUTE","C:\Users\DIYA GOEL\Downloads\EBDESIGN\backend\src\routes\M106Routes.js","routes\M106Routes.js","M106Routes.js","956","39","5E73AE5B1CFA2627915F5BE5A16C12B54CDBCCD8F3E7A562D0B6330A4E397258","False"
"TOP_LEVEL_ROUTE","C:\Users\DIYA GOEL\Downloads\EBDESIGN\backend\src\routes\M107Routes.js","routes\M107Routes.js","M107Routes.js","956","39","038BE48C4866B2E6D7AD3207BD69419E597573F4C251E9AC2E8C5BD74E0F4A73","False"
"TOP_LEVEL_ROUTE","C:\Users\DIYA GOEL\Downloads\EBDESIGN\backend\src\routes\M108Routes.js","routes\M108Routes.js","M108Routes.js","956","39","C39F8073825FB2527FB7946FF8EDE4EE07BF58C9E38F388C88D7AFE93F7288CF","False"
"TOP_LEVEL_ROUTE","C:\Users\DIYA GOEL\Downloads\EBDESIGN\backend\src\routes\M109Routes.js","routes\M109Routes.js","M109Routes.js","956","39","DD332316A809EB285A5830008D7261CD2E5655F924AF683A9C16656ABDB54174","False"
"TOP_LEVEL_ROUTE","C:\Users\DIYA GOEL\Downloads\EBDESIGN\backend\src\routes\M110Routes.js","routes\M110Routes.js","M110Routes.js","956","39","D4C8FF55DC7478CC3EA2572CCCFDC00CFD45901D432CB01221342CADD89948F6","False"
"TOP_LEVEL_ROUTE","C:\Users\DIYA GOEL\Downloads\EBDESIGN\backend\src\routes\M111Routes.js","routes\M111Routes.js","M111Routes.js","956","39","5E19B919FE501762C5EC61728B6A0FA3061A8706169A8F05A13C72BD01986214","False"
"TOP_LEVEL_ROUTE","C:\Users\DIYA GOEL\Downloads\EBDESIGN\backend\src\routes\M112Routes.js","routes\M112Routes.js","M112Routes.js","956","39","FA59CD1333750DEF3EBF1FD7EA5C09110540D221329515661B686DC8EB0A0114","False"
"TOP_LEVEL_ROUTE","C:\Users\DIYA GOEL\Downloads\EBDESIGN\backend\src\routes\M113Routes.js","routes\M113Routes.js","M113Routes.js","956","39","6415F342BB6F71168E6E35B0B1A83B6C1AC080368564E2397C7654AAE9980A62","False"
"TOP_LEVEL_ROUTE","C:\Users\DIYA GOEL\Downloads\EBDESIGN\backend\src\routes\M114Routes.js","routes\M114Routes.js","M114Routes.js","956","39","87D2780BB274E718BEC76B781F8B2D10D08442EADEDA69D4A5EE2FAB48B55727","False"
"TOP_LEVEL_ROUTE","C:\Users\DIYA GOEL\Downloads\EBDESIGN\backend\src\routes\M115Routes.js","routes\M115Routes.js","M115Routes.js","956","39","2676E844A2614748724464DD061AF4B2F523ACCE7C28567CCCA33BAB2EF3FBA9","False"
"TOP_LEVEL_ROUTE","C:\Users\DIYA GOEL\Downloads\EBDESIGN\backend\src\routes\M116Routes.js","routes\M116Routes.js","M116Routes.js","956","39","A256B3B8E44FCA24EA0C2B1A6DD0A8A7DE693C93890C7D1F13829AFAE946A52F","False"
"TOP_LEVEL_ROUTE","C:\Users\DIYA GOEL\Downloads\EBDESIGN\backend\src\routes\M117Routes.js","routes\M117Routes.js","M117Routes.js","956","39","78A845C7DC81650C72A5510DCD6169113C99FF72813A19722F81BF9F7DE4D87C","False"
"TOP_LEVEL_ROUTE","C:\Users\DIYA GOEL\Downloads\EBDESIGN\backend\src\routes\M118Routes.js","routes\M118Routes.js","M118Routes.js","956","39","DD5F748EF015F5922F17543AE315E6A7543DF38D9D2696821E3C8DD55DC2B950","False"
"TOP_LEVEL_ROUTE","C:\Users\DIYA GOEL\Downloads\EBDESIGN\backend\src\routes\M119Routes.js","routes\M119Routes.js","M119Routes.js","956","39","3C098915FDB763066B16934ED62CB3A1DC2389E99BACBEC59CEB38F284DE61CB","False"
"TOP_LEVEL_ROUTE","C:\Users\DIYA GOEL\Downloads\EBDESIGN\backend\src\routes\M120Routes.js","routes\M120Routes.js","M120Routes.js","956","39","51FC28E7A3AC035E797C9115DDDB3DC653E111FF49070CA2F1C5EF4224F3F624","False"
"TOP_LEVEL_ROUTE","C:\Users\DIYA GOEL\Downloads\EBDESIGN\backend\src\routes\M121Routes.js","routes\M121Routes.js","M121Routes.js","956","39","8BA9C14851695F2EAC9472CF1495F20CD8049DE949AEE35432C81EF6840B5D49","False"
"TOP_LEVEL_ROUTE","C:\Users\DIYA GOEL\Downloads\EBDESIGN\backend\src\routes\M122Routes.js","routes\M122Routes.js","M122Routes.js","956","39","BB3109E10829FB83FD816087E6E8EDB4701854A9216EDCC98EB4CCCE72926AD1","False"
"TOP_LEVEL_ROUTE","C:\Users\DIYA GOEL\Downloads\EBDESIGN\backend\src\routes\M123Routes.js","routes\M123Routes.js","M123Routes.js","956","39","4FD424411A8951537199E7930B500C13143265E4543E22DD58A9FEA732B02255","False"
"TOP_LEVEL_ROUTE","C:\Users\DIYA GOEL\Downloads\EBDESIGN\backend\src\routes\M124Routes.js","routes\M124Routes.js","M124Routes.js","956","39","B60B12BADF9017D301F32F91B57B069523A4C89EA939EBEF0B05D769E50A7026","False"
"TOP_LEVEL_ROUTE","C:\Users\DIYA GOEL\Downloads\EBDESIGN\backend\src\routes\M125Routes.js","routes\M125Routes.js","M125Routes.js","956","39","ACC40AAB7ABCA85A35363496EFADAF7A54F853472CD1F64E5BE8C5ADCFBD6905","False"
"TOP_LEVEL_ROUTE","C:\Users\DIYA GOEL\Downloads\EBDESIGN\backend\src\routes\M126Routes.js","routes\M126Routes.js","M126Routes.js","956","39","6AA39C065BC4071E525747D6518F63C2109F0EA925BB34B4E39ACDCFA6DC8D1B","False"
"TOP_LEVEL_ROUTE","C:\Users\DIYA GOEL\Downloads\EBDESIGN\backend\src\routes\M127Routes.js","routes\M127Routes.js","M127Routes.js","956","39","58AECEC76405E87870E6FF6D76F23E573F80889D9AFB8E0AE3A815943216BFCF","False"
"TOP_LEVEL_ROUTE","C:\Users\DIYA GOEL\Downloads\EBDESIGN\backend\src\routes\M128Routes.js","routes\M128Routes.js","M128Routes.js","956","39","2AD3E1DAE1A840A797B091DAF1F29248EA170BFB75B585EEF53EADBCBEA92595","False"
"TOP_LEVEL_ROUTE","C:\Users\DIYA GOEL\Downloads\EBDESIGN\backend\src\routes\M129Routes.js","routes\M129Routes.js","M129Routes.js","956","39","D64CA2F6E3C63C162B4641E6EE5F5628A6997CB30254AA09DCAA8EC1D033F961","False"
"TOP_LEVEL_ROUTE","C:\Users\DIYA GOEL\Downloads\EBDESIGN\backend\src\routes\M130Routes.js","routes\M130Routes.js","M130Routes.js","956","39","7F21FA08A1FDD30D2D218334CB787B6ECFF5C0B3B75BBACC859A92A314DCE866","False"
"TOP_LEVEL_ROUTE","C:\Users\DIYA GOEL\Downloads\EBDESIGN\backend\src\routes\M131Routes.js","routes\M131Routes.js","M131Routes.js","956","39","1512330634FCB1A5CF0B8F900DF418D46D9BF44B0E53495A30778FA42BCADF62","False"
"TOP_LEVEL_ROUTE","C:\Users\DIYA GOEL\Downloads\EBDESIGN\backend\src\routes\M132Routes.js","routes\M132Routes.js","M132Routes.js","956","39","E8E63F7AA42DE6D78E9F3DC300E5D39B55CBD7D37F2E6E4D527112879375C0BE","False"
"TOP_LEVEL_ROUTE","C:\Users\DIYA GOEL\Downloads\EBDESIGN\backend\src\routes\M133Routes.js","routes\M133Routes.js","M133Routes.js","956","39","5A295EA807C515CAF41AE78A4DE9115DFBA615B0277967C6CCE3E13165D6D5A1","False"
"TOP_LEVEL_ROUTE","C:\Users\DIYA GOEL\Downloads\EBDESIGN\backend\src\routes\M134Routes.js","routes\M134Routes.js","M134Routes.js","956","39","E1640ADE3D038D351F42FCCC6988A1A1FEA19DC1ABFC944E8FBD1570F058A7D4","False"
"TOP_LEVEL_ROUTE","C:\Users\DIYA GOEL\Downloads\EBDESIGN\backend\src\routes\M135Routes.js","routes\M135Routes.js","M135Routes.js","956","39","CBBC0B902DF7F5E20849B301F68D4C9276564BEBEBD0A673920A185997EB7A5A","False"
"TOP_LEVEL_ROUTE","C:\Users\DIYA GOEL\Downloads\EBDESIGN\backend\src\routes\M136Routes.js","routes\M136Routes.js","M136Routes.js","956","39","C00A96E0410ED524A6C1A70B4EDD7EFA37B08F2CBBCE372F8957FC6DEF1C721B","False"
"TOP_LEVEL_ROUTE","C:\Users\DIYA GOEL\Downloads\EBDESIGN\backend\src\routes\M137Routes.js","routes\M137Routes.js","M137Routes.js","956","39","8A3EAD104D6F7367C215DF121F2D7AD74D4E7C52CC3F600D7EFF487409F53880","False"
"TOP_LEVEL_ROUTE","C:\Users\DIYA GOEL\Downloads\EBDESIGN\backend\src\routes\M138Routes.js","routes\M138Routes.js","M138Routes.js","956","39","CF7B32CC42F4DD5B4BC76246496FB13EDE42C3AB669327959C1E54D3062B25D3","False"
"TOP_LEVEL_ROUTE","C:\Users\DIYA GOEL\Downloads\EBDESIGN\backend\src\routes\M139Routes.js","routes\M139Routes.js","M139Routes.js","956","39","0613334775208F8F55E0020298BCA2B34B34164B455396A6492D5A35B1CD9214","False"
"TOP_LEVEL_ROUTE","C:\Users\DIYA GOEL\Downloads\EBDESIGN\backend\src\routes\M140Routes.js","routes\M140Routes.js","M140Routes.js","956","39","2AD73529E76AEE66B96BF6402B259817D9138ED5D60085712A63164DE678808F","False"
"TOP_LEVEL_ROUTE","C:\Users\DIYA GOEL\Downloads\EBDESIGN\backend\src\routes\M141Routes.js","routes\M141Routes.js","M141Routes.js","956","39","F4F7A377145AA276B3BA767992EA94FD23ADC005B61AD9FFA76AD9ED0179FA1E","False"
"TOP_LEVEL_ROUTE","C:\Users\DIYA GOEL\Downloads\EBDESIGN\backend\src\routes\M142Routes.js","routes\M142Routes.js","M142Routes.js","956","39","0590A747EA1D639BC58E2B93EE3C235B670C3F59D0B224CAD719B1F750D00D6E","False"
"TOP_LEVEL_ROUTE","C:\Users\DIYA GOEL\Downloads\EBDESIGN\backend\src\routes\M143Routes.js","routes\M143Routes.js","M143Routes.js","956","39","02726A4E62854270D2560DF5CCFD7C246469A3865FD4CF806EEC6F0D57032E4F","False"
"TOP_LEVEL_ROUTE","C:\Users\DIYA GOEL\Downloads\EBDESIGN\backend\src\routes\M144Routes.js","routes\M144Routes.js","M144Routes.js","956","39","10479BD5C8C7CE194C17FFFDE595B90F2B32AD3BA6129296A91534314D75BF93","False"
"TOP_LEVEL_ROUTE","C:\Users\DIYA GOEL\Downloads\EBDESIGN\backend\src\routes\M145Routes.js","routes\M145Routes.js","M145Routes.js","956","39","4FA4A847333A2D25466ED8DE3F3DE0B25C8F99034BD34983A2DA03C6E2C72051","False"
"TOP_LEVEL_ROUTE","C:\Users\DIYA GOEL\Downloads\EBDESIGN\backend\src\routes\M146Routes.js","routes\M146Routes.js","M146Routes.js","956","39","CA7AADDB8CE0EFF52F5455A3075B8F8025C38FF5E9117B080DFF82025DD856E5","False"
"TOP_LEVEL_ROUTE","C:\Users\DIYA GOEL\Downloads\EBDESIGN\backend\src\routes\M147Routes.js","routes\M147Routes.js","M147Routes.js","956","39","E36F00707238504ABB63F27E5C4376B7779CCC0414C8C4A184FCCEFE99F12BC3","False"
"TOP_LEVEL_ROUTE","C:\Users\DIYA GOEL\Downloads\EBDESIGN\backend\src\routes\M148Routes.js","routes\M148Routes.js","M148Routes.js","956","39","3D6D9C201F97A4B66FAF6CF39054F2C7723C3D8A961BC67E645313F83D549C1C","False"
"TOP_LEVEL_ROUTE","C:\Users\DIYA GOEL\Downloads\EBDESIGN\backend\src\routes\M149Routes.js","routes\M149Routes.js","M149Routes.js","956","39","B92A92CD8BD7D950DE6FB6D5A987A4C5606B20273234FB5F7D6FFBEFBB22C6F5","False"
"TOP_LEVEL_ROUTE","C:\Users\DIYA GOEL\Downloads\EBDESIGN\backend\src\routes\M150Routes.js","routes\M150Routes.js","M150Routes.js","956","39","E19D4A8CB1D20724F651B46474C4C28F19DA11FF9D76145787EBC04F3DDA0F40","False"
"TOP_LEVEL_ROUTE","C:\Users\DIYA GOEL\Downloads\EBDESIGN\backend\src\routes\M151Routes.js","routes\M151Routes.js","M151Routes.js","956","39","986E0CA178B26037633F5DE477FB3C1B8B4B6A6A2BF616612F6AA59D1F537900","False"
"TOP_LEVEL_ROUTE","C:\Users\DIYA GOEL\Downloads\EBDESIGN\backend\src\routes\M152Routes.js","routes\M152Routes.js","M152Routes.js","956","39","1CEA90E4B04901C51AB2178E3A60E61682095B631EA95F4A0352D8D0FB9A9772","False"
"TOP_LEVEL_ROUTE","C:\Users\DIYA GOEL\Downloads\EBDESIGN\backend\src\routes\M153Routes.js","routes\M153Routes.js","M153Routes.js","956","39","48F8D598D4AE29CABAD5D5849B312A4EAB50150BBCB47DD011B0C83EA592CE4F","False"
"TOP_LEVEL_ROUTE","C:\Users\DIYA GOEL\Downloads\EBDESIGN\backend\src\routes\M154Routes.js","routes\M154Routes.js","M154Routes.js","956","39","33C84D59D427C2389AD8837282D579938B7BC18EE68D24D691B3C6B9EE13EE5A","False"
"TOP_LEVEL_ROUTE","C:\Users\DIYA GOEL\Downloads\EBDESIGN\backend\src\routes\M155Routes.js","routes\M155Routes.js","M155Routes.js","956","39","EC12CCD72755F9A45D81A14134316481557D5CF51160453915368E14B8B9CFBE","False"
"TOP_LEVEL_ROUTE","C:\Users\DIYA GOEL\Downloads\EBDESIGN\backend\src\routes\M156Routes.js","routes\M156Routes.js","M156Routes.js","956","39","EE0011789B6D7E469F550E516C9B777CC77AA894001B07D3604010129C82AD0B","False"
"TOP_LEVEL_ROUTE","C:\Users\DIYA GOEL\Downloads\EBDESIGN\backend\src\routes\M157Routes.js","routes\M157Routes.js","M157Routes.js","956","39","466F38FD67C21278F46E32A614A045FF7F98377B3E426F47B78D33F05C16E8FF","False"
"TOP_LEVEL_ROUTE","C:\Users\DIYA GOEL\Downloads\EBDESIGN\backend\src\routes\M158Routes.js","routes\M158Routes.js","M158Routes.js","956","39","378F1770943E4BCE5EFA17996FDDE6F65BE939AECA5475BC251F5258861E9FB0","False"
"TOP_LEVEL_ROUTE","C:\Users\DIYA GOEL\Downloads\EBDESIGN\backend\src\routes\M159Routes.js","routes\M159Routes.js","M159Routes.js","956","39","6F9A95C0B36CB9392A94EFC3F8402E1B4483F8511C5E160D4431D40A985AFC75","False"
"TOP_LEVEL_ROUTE","C:\Users\DIYA GOEL\Downloads\EBDESIGN\backend\src\routes\M160Routes.js","routes\M160Routes.js","M160Routes.js","956","39","7D59598AB6E8384B93C2E1808F35462587D2A5AB8F621E13EC095E20DE527ECA","False"
"TOP_LEVEL_ROUTE","C:\Users\DIYA GOEL\Downloads\EBDESIGN\backend\src\routes\M161Routes.js","routes\M161Routes.js","M161Routes.js","956","39","F71D98A4689984977111B7E42617B3E4FDA51C3D2C0CDD30EC82FEC2238E38A0","False"
"TOP_LEVEL_ROUTE","C:\Users\DIYA GOEL\Downloads\EBDESIGN\backend\src\routes\M162Routes.js","routes\M162Routes.js","M162Routes.js","956","39","FC96D7107D8D653DCF8712779BAA11263809DAAF739E005CE4FA9CF370F36755","False"
"TOP_LEVEL_ROUTE","C:\Users\DIYA GOEL\Downloads\EBDESIGN\backend\src\routes\M163Routes.js","routes\M163Routes.js","M163Routes.js","956","39","C1421D62B810B363DD862A86AF9B873601319652BEFFB64E5CE34A17246E6D3C","False"
"TOP_LEVEL_ROUTE","C:\Users\DIYA GOEL\Downloads\EBDESIGN\backend\src\routes\M164Routes.js","routes\M164Routes.js","M164Routes.js","956","39","D4D2B3DB5984EDEA936E12A284AD10CA5AB6F3B9156E35F828EC59A451EA15D5","False"
"TOP_LEVEL_ROUTE","C:\Users\DIYA GOEL\Downloads\EBDESIGN\backend\src\routes\M165Routes.js","routes\M165Routes.js","M165Routes.js","956","39","8097E66B71D48D0DD226FA65E8A7BE7EB88FCA16B830A57CEEE11CA612A26BA3","False"
"TOP_LEVEL_ROUTE","C:\Users\DIYA GOEL\Downloads\EBDESIGN\backend\src\routes\M166Routes.js","routes\M166Routes.js","M166Routes.js","956","39","B07F55CD3C1B2E571B753DBBD8C07D2B4365D195758BF9D4B68EAACBD3B9B052","False"
"TOP_LEVEL_ROUTE","C:\Users\DIYA GOEL\Downloads\EBDESIGN\backend\src\routes\M167Routes.js","routes\M167Routes.js","M167Routes.js","956","39","9A8B9A0629D8307FD3BD27EEA06A19A1EA18D56FDDCC6309CE13762BBD951553","False"
"TOP_LEVEL_ROUTE","C:\Users\DIYA GOEL\Downloads\EBDESIGN\backend\src\routes\M168Routes.js","routes\M168Routes.js","M168Routes.js","956","39","F2208A8D38772F4D03B4588400005F945AFEB37170CE067920D98DF72E2D9964","False"
"TOP_LEVEL_ROUTE","C:\Users\DIYA GOEL\Downloads\EBDESIGN\backend\src\routes\M169Routes.js","routes\M169Routes.js","M169Routes.js","956","39","3A3908EA883F8F18335367A397020DAE20FFDF4FACECA937743F0EFE224D3782","False"
"TOP_LEVEL_ROUTE","C:\Users\DIYA GOEL\Downloads\EBDESIGN\backend\src\routes\M170Routes.js","routes\M170Routes.js","M170Routes.js","956","39","44E10BA60AE9A3851902B2C4E3CE66DBF504AD7D900E42EE488419E61047F86F","False"
"TOP_LEVEL_ROUTE","C:\Users\DIYA GOEL\Downloads\EBDESIGN\backend\src\routes\M171Routes.js","routes\M171Routes.js","M171Routes.js","956","39","07BB0C21FFEBFF2127D136C5C12EDE3FFDEC80CB3F11E815A8818D931D9FA5D4","False"
"TOP_LEVEL_ROUTE","C:\Users\DIYA GOEL\Downloads\EBDESIGN\backend\src\routes\M172Routes.js","routes\M172Routes.js","M172Routes.js","956","39","30A3B9F349D36DF7AEC7F6C3486403F20B3AAB0D37E77DE1E7A48D9D482F2928","False"
"TOP_LEVEL_ROUTE","C:\Users\DIYA GOEL\Downloads\EBDESIGN\backend\src\routes\M173Routes.js","routes\M173Routes.js","M173Routes.js","956","39","E3EE7297A5271E98E1F3C07DD507F60D646252A39B69853EA6FBA8C342212BC8","False"
"TOP_LEVEL_ROUTE","C:\Users\DIYA GOEL\Downloads\EBDESIGN\backend\src\routes\M174Routes.js","routes\M174Routes.js","M174Routes.js","956","39","8E156714DCD019AB224EC373892482FF160761C4AD7DE0ADCE18D32E262F29F9","False"
"TOP_LEVEL_ROUTE","C:\Users\DIYA GOEL\Downloads\EBDESIGN\backend\src\routes\M175Routes.js","routes\M175Routes.js","M175Routes.js","956","39","65BD6D64D18FFE857AAEE896D7F344B5051B9BD37911DCE5B004D7BE1432B10F","False"
"TOP_LEVEL_ROUTE","C:\Users\DIYA GOEL\Downloads\EBDESIGN\backend\src\routes\M176Routes.js","routes\M176Routes.js","M176Routes.js","956","39","DFB9F9BE32DE3E6EBC9662A49338B25A6445C13A21F407CA695F1A17E23A8513","False"
"TOP_LEVEL_ROUTE","C:\Users\DIYA GOEL\Downloads\EBDESIGN\backend\src\routes\M177Routes.js","routes\M177Routes.js","M177Routes.js","956","39","872E0D550DB22F44E85BAAB0EBC22A32DBD25C3FA1B6CFD1C4AD6DEAA1A19463","False"
"TOP_LEVEL_ROUTE","C:\Users\DIYA GOEL\Downloads\EBDESIGN\backend\src\routes\M178Routes.js","routes\M178Routes.js","M178Routes.js","956","39","1B1B9A08F6BA4E98921339ADC97C4328567059B6ABBC58FF8EE0EDF550373D5C","False"
"TOP_LEVEL_ROUTE","C:\Users\DIYA GOEL\Downloads\EBDESIGN\backend\src\routes\M179Routes.js","routes\M179Routes.js","M179Routes.js","956","39","63C64880EB92A0932DB63932946DB602DBE26120D4A3C2825E62406E175C8367","False"
"TOP_LEVEL_ROUTE","C:\Users\DIYA GOEL\Downloads\EBDESIGN\backend\src\routes\M180Routes.js","routes\M180Routes.js","M180Routes.js","956","39","5351ADBD3A0BD00E85EA53132E613F29831CEEE6AE83CDC3C106B93101FA6A50","False"
"TOP_LEVEL_ROUTE","C:\Users\DIYA GOEL\Downloads\EBDESIGN\backend\src\routes\M181Routes.js","routes\M181Routes.js","M181Routes.js","956","39","D0871FB69E2F7C9021B0DC3B6E90C948825A1FC489C4E31376878E45C884AD38","False"
"TOP_LEVEL_ROUTE","C:\Users\DIYA GOEL\Downloads\EBDESIGN\backend\src\routes\M182Routes.js","routes\M182Routes.js","M182Routes.js","956","39","2DDE607E0DF03EB96C0542B5ACF3FF5FF4EC547A6A0D96EC6581E0459DFC9C80","False"
"TOP_LEVEL_ROUTE","C:\Users\DIYA GOEL\Downloads\EBDESIGN\backend\src\routes\M183Routes.js","routes\M183Routes.js","M183Routes.js","956","39","7C2F536E6D942E67D891B1C68CF031DCC9F15EE667EA02A5A951753827F0DCCE","False"
"TOP_LEVEL_ROUTE","C:\Users\DIYA GOEL\Downloads\EBDESIGN\backend\src\routes\M184Routes.js","routes\M184Routes.js","M184Routes.js","956","39","52F98EC350DAB094C6C45BC17D9C84794B126B93566B5F2B0CEE376CDA71E195","False"
"TOP_LEVEL_ROUTE","C:\Users\DIYA GOEL\Downloads\EBDESIGN\backend\src\routes\M185Routes.js","routes\M185Routes.js","M185Routes.js","956","39","CD4F624050F3609F47236D4DFF18374432BCD3DCEAAD2C18B6779EE1F1122FA6","False"
"TOP_LEVEL_ROUTE","C:\Users\DIYA GOEL\Downloads\EBDESIGN\backend\src\routes\M186Routes.js","routes\M186Routes.js","M186Routes.js","956","39","CC94BEB34E309CF278650F8E0207BD8C7F7691064BC922DDCCEE1BB22A8FB6D4","False"
"TOP_LEVEL_ROUTE","C:\Users\DIYA GOEL\Downloads\EBDESIGN\backend\src\routes\M187Routes.js","routes\M187Routes.js","M187Routes.js","956","39","B6E66F53E4174888894CDEBE56EE166A74C7FC8EE25008AC11D01A9ED9F4298B","False"
"TOP_LEVEL_ROUTE","C:\Users\DIYA GOEL\Downloads\EBDESIGN\backend\src\routes\M188Routes.js","routes\M188Routes.js","M188Routes.js","956","39","6F9CE44B78D4175689F080DFD4B8A7E4C609F0E4BC1D416D7DAC542368E696D3","False"
"TOP_LEVEL_ROUTE","C:\Users\DIYA GOEL\Downloads\EBDESIGN\backend\src\routes\M189Routes.js","routes\M189Routes.js","M189Routes.js","956","39","28A988D962351D26D2671361E669728E5FC0162390D7013CD3DF55A7892735FC","False"
"TOP_LEVEL_ROUTE","C:\Users\DIYA GOEL\Downloads\EBDESIGN\backend\src\routes\M190Routes.js","routes\M190Routes.js","M190Routes.js","956","39","5C300CF3571BAAFC763BCCC0B9095D4F9DF248B827CC28DF609E8CCD33832588","False"
"TOP_LEVEL_ROUTE","C:\Users\DIYA GOEL\Downloads\EBDESIGN\backend\src\routes\M191Routes.js","routes\M191Routes.js","M191Routes.js","956","39","60F89CA595AF34400D78ED579D7812D0DA4FAB541684D4CB4DDA08FCE49CE8D9","False"
"TOP_LEVEL_ROUTE","C:\Users\DIYA GOEL\Downloads\EBDESIGN\backend\src\routes\M192Routes.js","routes\M192Routes.js","M192Routes.js","956","39","317434332B1F6F74A42A10AC06E6DEE9E41AC21263487C656030A637DB723241","False"
"TOP_LEVEL_ROUTE","C:\Users\DIYA GOEL\Downloads\EBDESIGN\backend\src\routes\M193Routes.js","routes\M193Routes.js","M193Routes.js","956","39","5E9572C14C84120E78B5E9D875792411F2E85C96C5E73213ED8637092935C1F9","False"
"TOP_LEVEL_ROUTE","C:\Users\DIYA GOEL\Downloads\EBDESIGN\backend\src\routes\M194Routes.js","routes\M194Routes.js","M194Routes.js","956","39","3D04A2B72E2BA28925053F65C68788BE18664AD63F5710523F4A41F5946CFB9A","False"
"TOP_LEVEL_ROUTE","C:\Users\DIYA GOEL\Downloads\EBDESIGN\backend\src\routes\M195Routes.js","routes\M195Routes.js","M195Routes.js","956","39","2A6604197E425C7CA691DF3AC9C3FBD36138F2C033D73D00CBCACA05E200795D","False"
"TOP_LEVEL_ROUTE","C:\Users\DIYA GOEL\Downloads\EBDESIGN\backend\src\routes\M196Routes.js","routes\M196Routes.js","M196Routes.js","956","39","8AACD6DC65E30BBD2B61D00AD92D57BD7205608A7C853756FEF03D8F6D8FDE09","False"
"TOP_LEVEL_ROUTE","C:\Users\DIYA GOEL\Downloads\EBDESIGN\backend\src\routes\M197Routes.js","routes\M197Routes.js","M197Routes.js","956","39","FF113F7E4D4491F7409B163139C397ECD66D054D138B9E7CA2C440F98D1D178F","False"
"TOP_LEVEL_ROUTE","C:\Users\DIYA GOEL\Downloads\EBDESIGN\backend\src\routes\M198Routes.js","routes\M198Routes.js","M198Routes.js","956","39","AFBC52F30B91725A8EB340DD4EE36E715759BAFDA419B83947CDC31B29B526DF","False"
"TOP_LEVEL_ROUTE","C:\Users\DIYA GOEL\Downloads\EBDESIGN\backend\src\routes\M199Routes.js","routes\M199Routes.js","M199Routes.js","956","39","245A4BE48EF6F8B773BD3CB9FE6E82060151C40A9740B8D76299838AF344C2D9","False"
"TOP_LEVEL_ROUTE","C:\Users\DIYA GOEL\Downloads\EBDESIGN\backend\src\routes\M200Routes.js","routes\M200Routes.js","M200Routes.js","956","39","FC3B5641BEF736F28063D91D74A15E6FF06BE79A615266C2BB1499C3CFCF8405","False"
"TOP_LEVEL_ROUTE","C:\Users\DIYA GOEL\Downloads\EBDESIGN\backend\src\routes\M201Routes.js","routes\M201Routes.js","M201Routes.js","956","39","0E60035F929DE98F2C017037843DA583D91955654022F1DCFF7513A023588AA9","False"
"TOP_LEVEL_ROUTE","C:\Users\DIYA GOEL\Downloads\EBDESIGN\backend\src\routes\M202Routes.js","routes\M202Routes.js","M202Routes.js","956","39","4864143582305E4C0CD4A7E2041F08D384CA7F85865284433472EAC3548AAA93","False"
"TOP_LEVEL_ROUTE","C:\Users\DIYA GOEL\Downloads\EBDESIGN\backend\src\routes\M203Routes.js","routes\M203Routes.js","M203Routes.js","956","39","30C52DA51C7AE25114D89024A3AB9BC06B1222F2ADDF0F3D204553FD3D8920E9","False"
"TOP_LEVEL_ROUTE","C:\Users\DIYA GOEL\Downloads\EBDESIGN\backend\src\routes\M204Routes.js","routes\M204Routes.js","M204Routes.js","956","39","590CDF7D22B8DB35F205EC594222DC7DA6E8E9560DB57C8C0B5E375C5826D7E9","False"
"TOP_LEVEL_ROUTE","C:\Users\DIYA GOEL\Downloads\EBDESIGN\backend\src\routes\M205Routes.js","routes\M205Routes.js","M205Routes.js","956","39","329396CF4E28034A9555C9315A0E82EAD83B4D3844825AEB3D71B20151104FCE","False"
"TOP_LEVEL_ROUTE","C:\Users\DIYA GOEL\Downloads\EBDESIGN\backend\src\routes\M206Routes.js","routes\M206Routes.js","M206Routes.js","956","39","48557707BA486AAC764F85484EBDB7B07CB9DC076C85C90764711AC2E071D72C","False"
"TOP_LEVEL_ROUTE","C:\Users\DIYA GOEL\Downloads\EBDESIGN\backend\src\routes\M207Routes.js","routes\M207Routes.js","M207Routes.js","956","39","B27CC534D4558B0EDC380501286A6E72B2980B94097C1EBA36F394B113208F65","False"
"TOP_LEVEL_ROUTE","C:\Users\DIYA GOEL\Downloads\EBDESIGN\backend\src\routes\M208Routes.js","routes\M208Routes.js","M208Routes.js","956","39","7FF6126EA885542E9C14DF04F7EAA8935D5ACAAC74673B49E206C9AB3018AAE8","False"
"TOP_LEVEL_ROUTE","C:\Users\DIYA GOEL\Downloads\EBDESIGN\backend\src\routes\M209Routes.js","routes\M209Routes.js","M209Routes.js","956","39","0AE26F13AE99C09C7F2E0CA7DD358BB45DD95CDEB33804DD651822C79E2FF7C2","False"
"TOP_LEVEL_ROUTE","C:\Users\DIYA GOEL\Downloads\EBDESIGN\backend\src\routes\M210Routes.js","routes\M210Routes.js","M210Routes.js","956","39","88E3BB12B35F74407C5203721A91DF919812130FE5A46E7E2E8BA384B7719CEC","False"
"TOP_LEVEL_ROUTE","C:\Users\DIYA GOEL\Downloads\EBDESIGN\backend\src\routes\M211Routes.js","routes\M211Routes.js","M211Routes.js","956","39","3EB4A2A2A16194A38DC79B32181545C8ECFBC5EB802E6B3A4E542FEC4910675D","False"
"TOP_LEVEL_ROUTE","C:\Users\DIYA GOEL\Downloads\EBDESIGN\backend\src\routes\M212Routes.js","routes\M212Routes.js","M212Routes.js","956","39","E20BB713FA66BBDD2C718DC0FF81B8CC80799E59411D0605FC33703A1ACF99B8","False"
"TOP_LEVEL_ROUTE","C:\Users\DIYA GOEL\Downloads\EBDESIGN\backend\src\routes\M213Routes.js","routes\M213Routes.js","M213Routes.js","956","39","30B7B1D45194510BCEC93861F98681166682DD0F57BC6E6FDC22263981158661","False"
"TOP_LEVEL_ROUTE","C:\Users\DIYA GOEL\Downloads\EBDESIGN\backend\src\routes\M214Routes.js","routes\M214Routes.js","M214Routes.js","956","39","A5D015AC148F7637488D99EEE3EE630876854FD8F7211DAA741F27751B31F122","False"
"TOP_LEVEL_ROUTE","C:\Users\DIYA GOEL\Downloads\EBDESIGN\backend\src\routes\M215Routes.js","routes\M215Routes.js","M215Routes.js","956","39","4B0519DEB359B3A0CD3AAA3177B51C8BE1DEDC31DA81B554A3C84BF0922A5081","False"
"TOP_LEVEL_ROUTE","C:\Users\DIYA GOEL\Downloads\EBDESIGN\backend\src\routes\M216Routes.js","routes\M216Routes.js","M216Routes.js","956","39","4B3C3B57A6DD342C4E73199584C1C0A4563FD576D0BEE1DB0BCCD83CFCC79ECD","False"
"TOP_LEVEL_ROUTE","C:\Users\DIYA GOEL\Downloads\EBDESIGN\backend\src\routes\M217Routes.js","routes\M217Routes.js","M217Routes.js","956","39","300629052D7A93B99CC27665AC85439E15FB46434FF959C712DF858FF47191DD","False"
"TOP_LEVEL_ROUTE","C:\Users\DIYA GOEL\Downloads\EBDESIGN\backend\src\routes\M218Routes.js","routes\M218Routes.js","M218Routes.js","956","39","CCB8E19659522E10F5D8FBCA15CA36FCE496F2808085EC4A765F2524F6C4BB7A","False"
"TOP_LEVEL_ROUTE","C:\Users\DIYA GOEL\Downloads\EBDESIGN\backend\src\routes\M219Routes.js","routes\M219Routes.js","M219Routes.js","956","39","C25F6273C364EAFC1DB64FD8ECAAD2338D4B3264F6A4EEB8208D676471945931","False"
"TOP_LEVEL_ROUTE","C:\Users\DIYA GOEL\Downloads\EBDESIGN\backend\src\routes\M220Routes.js","routes\M220Routes.js","M220Routes.js","956","39","169B0B25106CA8FCB396BFE9907B70A44DF620A3DE7247F3042155D850F6998D","False"
"TOP_LEVEL_ROUTE","C:\Users\DIYA GOEL\Downloads\EBDESIGN\backend\src\routes\M221Routes.js","routes\M221Routes.js","M221Routes.js","956","39","41FD4C6A0800DF6C0A9D13ABADF049DAF46EA66D6191054EB9FDFFC7F4E5AA52","False"
"TOP_LEVEL_ROUTE","C:\Users\DIYA GOEL\Downloads\EBDESIGN\backend\src\routes\M222Routes.js","routes\M222Routes.js","M222Routes.js","956","39","E0B936F5D9DD84A3B6181334EA7DB3F36F825556A07D6004B96C75F2E75464B4","False"
"TOP_LEVEL_ROUTE","C:\Users\DIYA GOEL\Downloads\EBDESIGN\backend\src\routes\M223Routes.js","routes\M223Routes.js","M223Routes.js","956","39","43EF6311D2EF6F668DFDBD5D3B11C9767F5DEA4B1A60E7F58E68022EA8BEA46A","False"
"TOP_LEVEL_ROUTE","C:\Users\DIYA GOEL\Downloads\EBDESIGN\backend\src\routes\M224Routes.js","routes\M224Routes.js","M224Routes.js","956","39","7CC8D048FE3C892A3644CA389E37B23079B14D905E7B23D12C137462BBF49793","False"
"TOP_LEVEL_ROUTE","C:\Users\DIYA GOEL\Downloads\EBDESIGN\backend\src\routes\M225Routes.js","routes\M225Routes.js","M225Routes.js","956","39","76C4854510D131A3E6C4B8572629C49338AA563147E521C6FF157337FE13FBE2","False"
"TOP_LEVEL_ROUTE","C:\Users\DIYA GOEL\Downloads\EBDESIGN\backend\src\routes\M226Routes.js","routes\M226Routes.js","M226Routes.js","956","39","2D0A54A640830E8498E08C9B395BEC19B094F83E81CF08B51C585973A7D5A1D1","False"
"TOP_LEVEL_ROUTE","C:\Users\DIYA GOEL\Downloads\EBDESIGN\backend\src\routes\M227Routes.js","routes\M227Routes.js","M227Routes.js","956","39","30957A161D6639D60970A6B0C265EFA16DB47AFA9A07B3855C409C551BEE43AF","False"
"TOP_LEVEL_ROUTE","C:\Users\DIYA GOEL\Downloads\EBDESIGN\backend\src\routes\M228Routes.js","routes\M228Routes.js","M228Routes.js","956","39","C9726C39ED7A7B16C2A2770DEF77D9C5F18AF18423D33A3E209D487B286BBA09","False"
"TOP_LEVEL_ROUTE","C:\Users\DIYA GOEL\Downloads\EBDESIGN\backend\src\routes\M229Routes.js","routes\M229Routes.js","M229Routes.js","956","39","E41E8EDCC92F52C30833481E7665E80FE1525107E1AFF83520DE9DEEE97C2FF1","False"
"TOP_LEVEL_ROUTE","C:\Users\DIYA GOEL\Downloads\EBDESIGN\backend\src\routes\M230Routes.js","routes\M230Routes.js","M230Routes.js","956","39","6659C373EC609036B8BB3275DB1405E5870BBE94CFB01173EF3D874F39435F2C","False"
"TOP_LEVEL_ROUTE","C:\Users\DIYA GOEL\Downloads\EBDESIGN\backend\src\routes\M231Routes.js","routes\M231Routes.js","M231Routes.js","956","39","5CA5964B23B22C27ECFB4B22D8DBF2A2431200411EC4F81901B5080BBA62A48F","False"
"TOP_LEVEL_ROUTE","C:\Users\DIYA GOEL\Downloads\EBDESIGN\backend\src\routes\M232Routes.js","routes\M232Routes.js","M232Routes.js","956","39","9EDA458EE89AD656FF813D1AC86164CECBF6484C49B10D24B8B3AB1D47D6D316","False"
"TOP_LEVEL_ROUTE","C:\Users\DIYA GOEL\Downloads\EBDESIGN\backend\src\routes\M233Routes.js","routes\M233Routes.js","M233Routes.js","956","39","A47E3DED414C66464523DA570D88E3F0281AB7E8359782CA777197E23CF28D8B","False"
"TOP_LEVEL_ROUTE","C:\Users\DIYA GOEL\Downloads\EBDESIGN\backend\src\routes\M234Routes.js","routes\M234Routes.js","M234Routes.js","956","39","9CB22D8150F5930B0EEE4348E00E23E13520F10BAC4F1260381FE6A9BA17D4B6","False"
"TOP_LEVEL_ROUTE","C:\Users\DIYA GOEL\Downloads\EBDESIGN\backend\src\routes\M235Routes.js","routes\M235Routes.js","M235Routes.js","956","39","D2952B20397411267737616DE40DE1C6E0F2A95E4F4F2B02D9DAE25DDFEE23B3","False"
"TOP_LEVEL_ROUTE","C:\Users\DIYA GOEL\Downloads\EBDESIGN\backend\src\routes\M236Routes.js","routes\M236Routes.js","M236Routes.js","956","39","ACBA5B79B2D1ACB78E3FE0A84C16DC429205CE5F4870E7EA2E87C01B7888B628","False"
"TOP_LEVEL_ROUTE","C:\Users\DIYA GOEL\Downloads\EBDESIGN\backend\src\routes\M237Routes.js","routes\M237Routes.js","M237Routes.js","956","39","354D11AF4B5DC702882A69A16BDDA44A0E93B8F1EA12300F0A22C36BF1F02D9E","False"
"TOP_LEVEL_ROUTE","C:\Users\DIYA GOEL\Downloads\EBDESIGN\backend\src\routes\M238Routes.js","routes\M238Routes.js","M238Routes.js","956","39","A40C974E2FB86C1BC6E9DFFFCE8B7D4C8A6B7EDC845315C9067683372E4CAE0D","False"
"TOP_LEVEL_ROUTE","C:\Users\DIYA GOEL\Downloads\EBDESIGN\backend\src\routes\M239Routes.js","routes\M239Routes.js","M239Routes.js","956","39","501A11BF659D1EAC520EC8B82B15F2267ECEB3AF650FC93B042A4275371E706F","False"
"TOP_LEVEL_ROUTE","C:\Users\DIYA GOEL\Downloads\EBDESIGN\backend\src\routes\M240Routes.js","routes\M240Routes.js","M240Routes.js","956","39","FAF820610EB12C129D160A6F044091EA72C5D695DD6978BBF25541D45E3FF07C","False"
"TOP_LEVEL_ROUTE","C:\Users\DIYA GOEL\Downloads\EBDESIGN\backend\src\routes\M241Routes.js","routes\M241Routes.js","M241Routes.js","956","39","EFDC7675EB5EA93AF905DC52C3385EE9C25048654E77A323EA04E1A0D668DE87","False"
"TOP_LEVEL_ROUTE","C:\Users\DIYA GOEL\Downloads\EBDESIGN\backend\src\routes\M242Routes.js","routes\M242Routes.js","M242Routes.js","956","39","F90CBAD4406CBC4E81ABB23F900D312BF6417D0F232880E9422C4AD0C49B9766","False"
"TOP_LEVEL_ROUTE","C:\Users\DIYA GOEL\Downloads\EBDESIGN\backend\src\routes\M243Routes.js","routes\M243Routes.js","M243Routes.js","956","39","0140C1B45BB597FAD7A10E33443E3E01B3A97F52734A64D0BB88A7ED4AA296AD","False"
"TOP_LEVEL_ROUTE","C:\Users\DIYA GOEL\Downloads\EBDESIGN\backend\src\routes\M244Routes.js","routes\M244Routes.js","M244Routes.js","956","39","CFCE05DB2301AAE055CE48212B444ADFF80BDBFEC4AFB9F42301E638AA779231","False"
"TOP_LEVEL_ROUTE","C:\Users\DIYA GOEL\Downloads\EBDESIGN\backend\src\routes\M245Routes.js","routes\M245Routes.js","M245Routes.js","956","39","5304A0902F662B48D37654F4E6E22CD85F25AEF61C09564018B94C8FDE28917E","False"
"TOP_LEVEL_ROUTE","C:\Users\DIYA GOEL\Downloads\EBDESIGN\backend\src\routes\M246Routes.js","routes\M246Routes.js","M246Routes.js","956","39","7DDEAE1DC0FE3CDC81D94FFE83D073DB055761A5C34B2F34FF14CA2CAF979820","False"
"TOP_LEVEL_ROUTE","C:\Users\DIYA GOEL\Downloads\EBDESIGN\backend\src\routes\M247Routes.js","routes\M247Routes.js","M247Routes.js","956","39","ACE998034B5A6B3336F03FF85381AF9424E2B18D7910749CA3DACADEA710A9F2","False"
"TOP_LEVEL_ROUTE","C:\Users\DIYA GOEL\Downloads\EBDESIGN\backend\src\routes\M248Routes.js","routes\M248Routes.js","M248Routes.js","956","39","01047A50CFABC29C36147EF5DAC7CC32FCBC65F6077B80FAEB7FD5C1CE8D9855","False"
"TOP_LEVEL_ROUTE","C:\Users\DIYA GOEL\Downloads\EBDESIGN\backend\src\routes\M249Routes.js","routes\M249Routes.js","M249Routes.js","956","39","3111CAC8635A16B422181EFA8E008672CC0A7899662DC591777E89C7F75920CE","False"
"TOP_LEVEL_ROUTE","C:\Users\DIYA GOEL\Downloads\EBDESIGN\backend\src\routes\M250Routes.js","routes\M250Routes.js","M250Routes.js","956","39","12994B1C7E9B745B8FBB5B3BB30BE20F2BB42A42F00C2732CCBF4C046FB2A529","False"
"TOP_LEVEL_ROUTE","C:\Users\DIYA GOEL\Downloads\EBDESIGN\backend\src\routes\M251Routes.js","routes\M251Routes.js","M251Routes.js","956","39","D7454DF0D1CCF9889AD5762EF0C35BBC210A1599156E740A6CB6AD19C552F82C","False"
"TOP_LEVEL_ROUTE","C:\Users\DIYA GOEL\Downloads\EBDESIGN\backend\src\routes\M252Routes.js","routes\M252Routes.js","M252Routes.js","956","39","34D0889AF0D9862CE2D01A9B34178A39A6E2F46C87B9B05C35C7AB476B0A4030","False"
"TOP_LEVEL_ROUTE","C:\Users\DIYA GOEL\Downloads\EBDESIGN\backend\src\routes\M253Routes.js","routes\M253Routes.js","M253Routes.js","956","39","39E7A3348AD4028BBC80E526BD7412021ADF9316A1119CF78B0317D24E646E40","False"
"TOP_LEVEL_ROUTE","C:\Users\DIYA GOEL\Downloads\EBDESIGN\backend\src\routes\M254Routes.js","routes\M254Routes.js","M254Routes.js","956","39","D4038EFB11F5048A0FE694B6DAE0C2243E681946BB42DB0F6AB28448F7E45061","False"
"TOP_LEVEL_ROUTE","C:\Users\DIYA GOEL\Downloads\EBDESIGN\backend\src\routes\M255Routes.js","routes\M255Routes.js","M255Routes.js","956","39","1149C86E37FA162CAA5B679FDB17A1C33339B54B4959D151B443FE49ABC07310","False"
"TOP_LEVEL_ROUTE","C:\Users\DIYA GOEL\Downloads\EBDESIGN\backend\src\routes\M256Routes.js","routes\M256Routes.js","M256Routes.js","956","39","D9E9E9076FB9BE99146B410B3984E05438A3D95D9717652C2436605FD1349786","False"
"TOP_LEVEL_ROUTE","C:\Users\DIYA GOEL\Downloads\EBDESIGN\backend\src\routes\M257Routes.js","routes\M257Routes.js","M257Routes.js","956","39","70FB4A9B1A6F828EA2EC0368A3B0E5723B7A0D45D6C132C09802B878101558E9","False"
"TOP_LEVEL_ROUTE","C:\Users\DIYA GOEL\Downloads\EBDESIGN\backend\src\routes\M258Routes.js","routes\M258Routes.js","M258Routes.js","956","39","200265DD574A10FB77A5EF1969C6D9C84E3DC6AC4C96FFE43B0AF92F52A75A63","False"
"TOP_LEVEL_ROUTE","C:\Users\DIYA GOEL\Downloads\EBDESIGN\backend\src\routes\M259Routes.js","routes\M259Routes.js","M259Routes.js","956","39","1CF5D2A0C4C5ECE0DF3F2CE843BD3614C0D4864B979C8D28569468BB355F2B29","False"
"TOP_LEVEL_ROUTE","C:\Users\DIYA GOEL\Downloads\EBDESIGN\backend\src\routes\M260Routes.js","routes\M260Routes.js","M260Routes.js","956","39","17562CE847E258D97C03C3FF1FCC9D601AF837FB923DFB677DC605B8EDABD731","False"
"TOP_LEVEL_ROUTE","C:\Users\DIYA GOEL\Downloads\EBDESIGN\backend\src\routes\M261Routes.js","routes\M261Routes.js","M261Routes.js","956","39","7AB2EE51B5FDA14171FBA5BE9C9A274ADA04E9DFC3A9E7A01F19BA7694C170BD","False"
"TOP_LEVEL_ROUTE","C:\Users\DIYA GOEL\Downloads\EBDESIGN\backend\src\routes\M262Routes.js","routes\M262Routes.js","M262Routes.js","956","39","5CFA9256611699AF48AFF7096627814E1EEB2042EC35C63852F7D58542CBF95C","False"
"TOP_LEVEL_ROUTE","C:\Users\DIYA GOEL\Downloads\EBDESIGN\backend\src\routes\M263Routes.js","routes\M263Routes.js","M263Routes.js","956","39","640B45ACDCD3DCABBF9C58E51621F2C8DAB129B697114009E78D6E9EEC740150","False"
"TOP_LEVEL_ROUTE","C:\Users\DIYA GOEL\Downloads\EBDESIGN\backend\src\routes\M264Routes.js","routes\M264Routes.js","M264Routes.js","956","39","82DEDC4CF75A8F1F5AFFD7FD90F2513F058F2E2C1A537D7B33C031A76FAAFA53","False"
"TOP_LEVEL_ROUTE","C:\Users\DIYA GOEL\Downloads\EBDESIGN\backend\src\routes\M265Routes.js","routes\M265Routes.js","M265Routes.js","956","39","0B28B0DB726D54F054C75F6E5E7013F1CA5EFFA7589C678E0F21E76A350DDCE2","False"
"TOP_LEVEL_ROUTE","C:\Users\DIYA GOEL\Downloads\EBDESIGN\backend\src\routes\M266Routes.js","routes\M266Routes.js","M266Routes.js","956","39","E06CFAB882BF0E0CA51D9C7192C397732BAF0754E04617B9ECA3EC96A8BA7A3B","False"
"TOP_LEVEL_ROUTE","C:\Users\DIYA GOEL\Downloads\EBDESIGN\backend\src\routes\M267Routes.js","routes\M267Routes.js","M267Routes.js","956","39","6422A3CCFDA0F85E5534DD6A08C3807F574D1C6654E7732AD78506502E3BF76F","False"
"TOP_LEVEL_ROUTE","C:\Users\DIYA GOEL\Downloads\EBDESIGN\backend\src\routes\M268Routes.js","routes\M268Routes.js","M268Routes.js","956","39","407CF4C2E0C5A83848DE24E7DC1A4832A35727370ED9F90AC00B4671D96ADBBA","False"
"TOP_LEVEL_ROUTE","C:\Users\DIYA GOEL\Downloads\EBDESIGN\backend\src\routes\M269Routes.js","routes\M269Routes.js","M269Routes.js","956","39","A5C6EDC2FB302293E2BDB2B91A139CFC0E171DE28727D9A1325B3B035C92B8A6","False"
"TOP_LEVEL_ROUTE","C:\Users\DIYA GOEL\Downloads\EBDESIGN\backend\src\routes\M270Routes.js","routes\M270Routes.js","M270Routes.js","956","39","003946FD95770D7E87C806A6F1A082CF8062E7FAAA2BD60D16E37189BEFF4EE1","False"
"TOP_LEVEL_ROUTE","C:\Users\DIYA GOEL\Downloads\EBDESIGN\backend\src\routes\M271Routes.js","routes\M271Routes.js","M271Routes.js","956","39","C2E2D18739C957552C6B10BEB9B31284BAAD598FDC2102CC528111C64931D954","False"
"TOP_LEVEL_ROUTE","C:\Users\DIYA GOEL\Downloads\EBDESIGN\backend\src\routes\M272Routes.js","routes\M272Routes.js","M272Routes.js","956","39","AE8F8595504B0FA94EE8BE7941DBC1D36B10DFA4D87F597121A550CA311DFA57","False"
"TOP_LEVEL_ROUTE","C:\Users\DIYA GOEL\Downloads\EBDESIGN\backend\src\routes\M273Routes.js","routes\M273Routes.js","M273Routes.js","956","39","7C8BE86D421833EAF9189A32126925163A761D091E392DDC8AC2D1B0B8092A23","False"
"TOP_LEVEL_ROUTE","C:\Users\DIYA GOEL\Downloads\EBDESIGN\backend\src\routes\M274Routes.js","routes\M274Routes.js","M274Routes.js","956","39","768A0C6BDAF8F586B75276AF8CD6BF1C1F7C8FFC863E16A3BA317084FA5BD41C","False"
"TOP_LEVEL_ROUTE","C:\Users\DIYA GOEL\Downloads\EBDESIGN\backend\src\routes\M275Routes.js","routes\M275Routes.js","M275Routes.js","956","39","FBFC2737BA7F7DED7477532B6D2B3188A394AE16014633DF9249D22C67B791C5","False"
"TOP_LEVEL_ROUTE","C:\Users\DIYA GOEL\Downloads\EBDESIGN\backend\src\routes\M276Routes.js","routes\M276Routes.js","M276Routes.js","956","39","48EE2424B58D762B2238CEB0B5630E1ECF3AD764D8A4B114F7B4378EBBDDE212","False"
"TOP_LEVEL_ROUTE","C:\Users\DIYA GOEL\Downloads\EBDESIGN\backend\src\routes\M277Routes.js","routes\M277Routes.js","M277Routes.js","956","39","F5C1AF8F81A3128EB044B6AAB9C8FED8847E5D487B8EE900D742025D48F457A8","False"
"TOP_LEVEL_ROUTE","C:\Users\DIYA GOEL\Downloads\EBDESIGN\backend\src\routes\M278Routes.js","routes\M278Routes.js","M278Routes.js","956","39","0BC01E5D1A9BDB8A9D4C8D40F60CB82EC6A374B1DD6CD907E3C837881422BB56","False"
"TOP_LEVEL_ROUTE","C:\Users\DIYA GOEL\Downloads\EBDESIGN\backend\src\routes\M279Routes.js","routes\M279Routes.js","M279Routes.js","956","39","3A8B7C0414AC89946B203494CC43D76F8FEA134BD7E1B9513A61D5624FC3637B","False"
"TOP_LEVEL_ROUTE","C:\Users\DIYA GOEL\Downloads\EBDESIGN\backend\src\routes\M280Routes.js","routes\M280Routes.js","M280Routes.js","956","39","59FC2A0ADCDEA6A8505A07840894E0D8DF1663A665C1E2B8E95C572949722790","False"
"TOP_LEVEL_ROUTE","C:\Users\DIYA GOEL\Downloads\EBDESIGN\backend\src\routes\M281Routes.js","routes\M281Routes.js","M281Routes.js","956","39","6994D05ADF70A634515CA4DD40143934EBAA38721AF3B357E913A5283E576ACC","False"
"TOP_LEVEL_ROUTE","C:\Users\DIYA GOEL\Downloads\EBDESIGN\backend\src\routes\M282Routes.js","routes\M282Routes.js","M282Routes.js","956","39","46C8895430A8FE7D7D49F73FAA467D0C75082DD564C3C4F4813E01E2575B70BD","False"
"TOP_LEVEL_ROUTE","C:\Users\DIYA GOEL\Downloads\EBDESIGN\backend\src\routes\M283Routes.js","routes\M283Routes.js","M283Routes.js","956","39","FE013764F743B990E0BF8539F949ADE1BE972078422136E8D39D692999DC9975","False"
"TOP_LEVEL_ROUTE","C:\Users\DIYA GOEL\Downloads\EBDESIGN\backend\src\routes\M284Routes.js","routes\M284Routes.js","M284Routes.js","956","39","958956B6D0A5DB5210FF3330D74668044AB62FA246B7B8F175231EB81F384F4C","False"
"TOP_LEVEL_ROUTE","C:\Users\DIYA GOEL\Downloads\EBDESIGN\backend\src\routes\M285Routes.js","routes\M285Routes.js","M285Routes.js","956","39","CF3D6AB70F1542B9233971BCC0033FB717BBAAAFE9BE2F943E6DA01501A3B671","False"
"TOP_LEVEL_ROUTE","C:\Users\DIYA GOEL\Downloads\EBDESIGN\backend\src\routes\M286Routes.js","routes\M286Routes.js","M286Routes.js","956","39","89E5F9704F5DCE09225DCE5566A5BEC58C87F1F83216B4F3A7082B12AFDB3231","False"
"TOP_LEVEL_ROUTE","C:\Users\DIYA GOEL\Downloads\EBDESIGN\backend\src\routes\M287Routes.js","routes\M287Routes.js","M287Routes.js","956","39","06AB040011D9D2B1BE7DFFC00677E8528592FE0C2538501F1B8A6D9A39CAFCCE","False"
"TOP_LEVEL_ROUTE","C:\Users\DIYA GOEL\Downloads\EBDESIGN\backend\src\routes\M288Routes.js","routes\M288Routes.js","M288Routes.js","956","39","CAEBF454695FD9CF86534A10F80789C61775EA8927395D16C5B9B57FC90713F6","False"
"TOP_LEVEL_ROUTE","C:\Users\DIYA GOEL\Downloads\EBDESIGN\backend\src\routes\M289Routes.js","routes\M289Routes.js","M289Routes.js","956","39","7982AE6663617BE331E5E85C96C0D59CB2306F861BB70DCF7F4BFB21538DDE2D","False"
"TOP_LEVEL_ROUTE","C:\Users\DIYA GOEL\Downloads\EBDESIGN\backend\src\routes\M290Routes.js","routes\M290Routes.js","M290Routes.js","956","39","00B7DC4780896F45299D7FAFF6563ECD18C5D63EAEE331424CE800D62FD51BE5","False"
"TOP_LEVEL_ROUTE","C:\Users\DIYA GOEL\Downloads\EBDESIGN\backend\src\routes\M291Routes.js","routes\M291Routes.js","M291Routes.js","956","39","18901B6C4C01C5D165DB308DAF9B584EDEE6306E6E9E74BBDAFF5DDD668CABAB","False"
"TOP_LEVEL_ROUTE","C:\Users\DIYA GOEL\Downloads\EBDESIGN\backend\src\routes\M292Routes.js","routes\M292Routes.js","M292Routes.js","956","39","7225C4F8B2A732564EE2D18DC97FF83F83AF7DDB80B53BBBD665C310097918EA","False"
"TOP_LEVEL_ROUTE","C:\Users\DIYA GOEL\Downloads\EBDESIGN\backend\src\routes\M293Routes.js","routes\M293Routes.js","M293Routes.js","956","39","435EACC580A089CE0C0DE0A1326C1647E97A596FB9282C74F9EBEB9BEE33909C","False"
"TOP_LEVEL_ROUTE","C:\Users\DIYA GOEL\Downloads\EBDESIGN\backend\src\routes\M294Routes.js","routes\M294Routes.js","M294Routes.js","956","39","29BECC0A357D65DAB7D0FE1C209DCB7333D5A591788B34AF1359A5E73B749398","False"
"TOP_LEVEL_ROUTE","C:\Users\DIYA GOEL\Downloads\EBDESIGN\backend\src\routes\M295Routes.js","routes\M295Routes.js","M295Routes.js","956","39","C78B746B9702385D22F76B392BECFAEB66CE91299A40DDF9B7D5E2F05F40D362","False"
"TOP_LEVEL_ROUTE","C:\Users\DIYA GOEL\Downloads\EBDESIGN\backend\src\routes\M296Routes.js","routes\M296Routes.js","M296Routes.js","956","39","68AF939C107DB6C23F168606A6A6C690F508E5B7D8283CA99FFDE7FA92BE319E","False"
"TOP_LEVEL_ROUTE","C:\Users\DIYA GOEL\Downloads\EBDESIGN\backend\src\routes\M297Routes.js","routes\M297Routes.js","M297Routes.js","956","39","11A94958619163AE453896DD4B1152EA377E670A02DE83C5583934E7B71ED183","False"
"TOP_LEVEL_ROUTE","C:\Users\DIYA GOEL\Downloads\EBDESIGN\backend\src\routes\M298Routes.js","routes\M298Routes.js","M298Routes.js","956","39","24C09BB91B226845E7027D6FFB17D31050362C75909412AC535221D3B74BBE9A","False"
"TOP_LEVEL_ROUTE","C:\Users\DIYA GOEL\Downloads\EBDESIGN\backend\src\routes\M299Routes.js","routes\M299Routes.js","M299Routes.js","956","39","D0F603A7068361AF7FB285523A9044321D8625ADE862541845D524EBE2DEC942","False"
"TOP_LEVEL_ROUTE","C:\Users\DIYA GOEL\Downloads\EBDESIGN\backend\src\routes\M300Routes.js","routes\M300Routes.js","M300Routes.js","956","39","96E12F22C625C724754F858A4C2DF0DF4014033C4C8E624FC1CC00BEA5EA0467","False"
"TOP_LEVEL_ROUTE","C:\Users\DIYA GOEL\Downloads\EBDESIGN\backend\src\routes\M301Routes.js","routes\M301Routes.js","M301Routes.js","956","39","9EBF26A3A64D7B1C8EEBDEFE3BF6DCDD0EE90DD2AAF499B2E33167E22FA2B21D","False"
"TOP_LEVEL_ROUTE","C:\Users\DIYA GOEL\Downloads\EBDESIGN\backend\src\routes\M302Routes.js","routes\M302Routes.js","M302Routes.js","956","39","48154BF429ED09A582DB07A2A905D75A0A1C41728E618CB9C4F80E364DBCE9DE","False"
"TOP_LEVEL_ROUTE","C:\Users\DIYA GOEL\Downloads\EBDESIGN\backend\src\routes\M303Routes.js","routes\M303Routes.js","M303Routes.js","956","39","1C5075B31C4AE01CDBECF3EDE49DABA3367598BDCED4DBE0E0C836767A42BF2C","False"
"TOP_LEVEL_ROUTE","C:\Users\DIYA GOEL\Downloads\EBDESIGN\backend\src\routes\M304Routes.js","routes\M304Routes.js","M304Routes.js","956","39","DDE98BD318C226C541C09DA57377C2C6D0E99C4622155589F90AF1D164D42F28","False"
"TOP_LEVEL_ROUTE","C:\Users\DIYA GOEL\Downloads\EBDESIGN\backend\src\routes\M305Routes.js","routes\M305Routes.js","M305Routes.js","956","39","D3F83E44EFF5EB0D9B26FDA75580F76A13F5784E0FB96875811B255151BAAA8E","False"
"TOP_LEVEL_ROUTE","C:\Users\DIYA GOEL\Downloads\EBDESIGN\backend\src\routes\M306Routes.js","routes\M306Routes.js","M306Routes.js","956","39","FD65CC19B0B88521567BCA581CFD36F6342AF56658F3D34A9EE3556B8A514DF4","False"
"TOP_LEVEL_ROUTE","C:\Users\DIYA GOEL\Downloads\EBDESIGN\backend\src\routes\M307Routes.js","routes\M307Routes.js","M307Routes.js","956","39","106522C410CA26B5BB7440747FF3118FC007F33AAEEED63CF1BF44DF730FC48B","False"
"TOP_LEVEL_ROUTE","C:\Users\DIYA GOEL\Downloads\EBDESIGN\backend\src\routes\M308Routes.js","routes\M308Routes.js","M308Routes.js","956","39","0D5CA6415DE7BECB7BE24B9517215C74A350E561BD57DDA2E06F8A98E0D99B07","False"
"TOP_LEVEL_ROUTE","C:\Users\DIYA GOEL\Downloads\EBDESIGN\backend\src\routes\M309Routes.js","routes\M309Routes.js","M309Routes.js","956","39","3B96E587D163182A303AB63884DAD1EC6290D06AB4CFF90ED5202D9CBE1E18D5","False"
"TOP_LEVEL_ROUTE","C:\Users\DIYA GOEL\Downloads\EBDESIGN\backend\src\routes\M310Routes.js","routes\M310Routes.js","M310Routes.js","956","39","B693CF57B766600BA9EDF173C4B0C2AF3873CDBFBDED57143C2696F2C93F4695","False"
"TOP_LEVEL_ROUTE","C:\Users\DIYA GOEL\Downloads\EBDESIGN\backend\src\routes\M311Routes.js","routes\M311Routes.js","M311Routes.js","956","39","2596007A919A49936EDA05BAFE51DFEA8FA49C1A7DB221C20BB15F22DE016D8D","False"
"TOP_LEVEL_ROUTE","C:\Users\DIYA GOEL\Downloads\EBDESIGN\backend\src\routes\M312Routes.js","routes\M312Routes.js","M312Routes.js","956","39","5FEAD7F63A409F462B255E646EB444080076B30BE1F59DAAF6235AFE6B73806B","False"
"TOP_LEVEL_ROUTE","C:\Users\DIYA GOEL\Downloads\EBDESIGN\backend\src\routes\M313Routes.js","routes\M313Routes.js","M313Routes.js","956","39","79FE609FEAFE6571273499F7F19D64D2249CD2D0438313CCA67C5353331FC841","False"
"TOP_LEVEL_ROUTE","C:\Users\DIYA GOEL\Downloads\EBDESIGN\backend\src\routes\M314Routes.js","routes\M314Routes.js","M314Routes.js","956","39","238D9CB2B5ED73EF55613E827B6927579545697A347E157BC97C47B645E7C971","False"
"TOP_LEVEL_ROUTE","C:\Users\DIYA GOEL\Downloads\EBDESIGN\backend\src\routes\M315Routes.js","routes\M315Routes.js","M315Routes.js","956","39","C10AA025CA559A9745E65594213E9FBCE61C77278D33F8F9CFC987F38C37DBDB","False"
"TOP_LEVEL_ROUTE","C:\Users\DIYA GOEL\Downloads\EBDESIGN\backend\src\routes\M316Routes.js","routes\M316Routes.js","M316Routes.js","956","39","078F1B086FC469BE79A88F588873A3A2EEA20BE152A946BF59C0F0AADB79FD6E","False"
"TOP_LEVEL_ROUTE","C:\Users\DIYA GOEL\Downloads\EBDESIGN\backend\src\routes\M317Routes.js","routes\M317Routes.js","M317Routes.js","956","39","D18F81444F5AA556F745F6758B7BED546FFDD8B3EDF436FFFB07DBDB125915DD","False"
"TOP_LEVEL_ROUTE","C:\Users\DIYA GOEL\Downloads\EBDESIGN\backend\src\routes\M318Routes.js","routes\M318Routes.js","M318Routes.js","956","39","0239190E5552EF59EB0A95C263656C77B1525E8B8DE338825786896031774DC5","False"
"TOP_LEVEL_ROUTE","C:\Users\DIYA GOEL\Downloads\EBDESIGN\backend\src\routes\M319Routes.js","routes\M319Routes.js","M319Routes.js","956","39","F1EA99A21146E29E9907E59950C44445FCF11573375CE06C6DC8F052A8B9583E","False"
"TOP_LEVEL_ROUTE","C:\Users\DIYA GOEL\Downloads\EBDESIGN\backend\src\routes\M31Routes.js","routes\M31Routes.js","M31Routes.js","949","39","4B230083479A2D683BDB39A91524B117FC10FA2806EED2706F244C0D054624A2","False"
"TOP_LEVEL_ROUTE","C:\Users\DIYA GOEL\Downloads\EBDESIGN\backend\src\routes\M320Routes.js","routes\M320Routes.js","M320Routes.js","956","39","9C74BE9F4F705F73585FEC05925296D1B0BD813022134AE212ADE61F5A6BC65A","False"
"TOP_LEVEL_ROUTE","C:\Users\DIYA GOEL\Downloads\EBDESIGN\backend\src\routes\M321Routes.js","routes\M321Routes.js","M321Routes.js","956","39","36D1E4799A924BBE68B6040BB80E22774660C77E1A4877D9C91A11050A35118B","False"
"TOP_LEVEL_ROUTE","C:\Users\DIYA GOEL\Downloads\EBDESIGN\backend\src\routes\M322Routes.js","routes\M322Routes.js","M322Routes.js","956","39","5BAA14C2729ABE58D8175D487892B3EDB40DC358C5D16E63C1EAA7EF8C9A4A7E","False"
"TOP_LEVEL_ROUTE","C:\Users\DIYA GOEL\Downloads\EBDESIGN\backend\src\routes\M323Routes.js","routes\M323Routes.js","M323Routes.js","956","39","C4DC01889D48175356AA2E92D4CDFCB6D8F612C124BE775B4CAAE24762CFC3BF","False"
"TOP_LEVEL_ROUTE","C:\Users\DIYA GOEL\Downloads\EBDESIGN\backend\src\routes\M324Routes.js","routes\M324Routes.js","M324Routes.js","956","39","A83F7C2FAA947296A457DE710708C45C91351C77D0CD2CF7A2CB931F66761626","False"
"TOP_LEVEL_ROUTE","C:\Users\DIYA GOEL\Downloads\EBDESIGN\backend\src\routes\M325Routes.js","routes\M325Routes.js","M325Routes.js","956","39","AB880151F8485FF04F1A8EA0007C46B050A8CC6567FB2DFF35151B878303A254","False"
"TOP_LEVEL_ROUTE","C:\Users\DIYA GOEL\Downloads\EBDESIGN\backend\src\routes\M326Routes.js","routes\M326Routes.js","M326Routes.js","956","39","9053EDDADF9F0293E62F05A770014789B1E6EAE8DB3B89A1092F8703E0B8891D","False"
"TOP_LEVEL_ROUTE","C:\Users\DIYA GOEL\Downloads\EBDESIGN\backend\src\routes\M327Routes.js","routes\M327Routes.js","M327Routes.js","956","39","4E4DFA6DD2C1F1B9C8842B6070CE0FD8A6C83D7491E5A9A87D072338367C370F","False"
"TOP_LEVEL_ROUTE","C:\Users\DIYA GOEL\Downloads\EBDESIGN\backend\src\routes\M328Routes.js","routes\M328Routes.js","M328Routes.js","956","39","A991CC88197AC9386F9C96810A4CB9018ECF9229E2012A8F85D7C540D95C6D17","False"
"TOP_LEVEL_ROUTE","C:\Users\DIYA GOEL\Downloads\EBDESIGN\backend\src\routes\M329Routes.js","routes\M329Routes.js","M329Routes.js","956","39","BFA96E6ED38411ECE1D0A6B0BBD83547D0A9AA6B1DDA80E445606209DBAD0B29","False"
"TOP_LEVEL_ROUTE","C:\Users\DIYA GOEL\Downloads\EBDESIGN\backend\src\routes\M32Routes.js","routes\M32Routes.js","M32Routes.js","949","39","74904B884F2D55C5F2CEC1DC6BE4A51763530C1170CB6B6CFDE1816ABD84FF90","False"
"TOP_LEVEL_ROUTE","C:\Users\DIYA GOEL\Downloads\EBDESIGN\backend\src\routes\M330Routes.js","routes\M330Routes.js","M330Routes.js","956","39","5211A705168B4656B51C4094911498F119B308DB0F557A2B03224149E5C9708C","False"
"TOP_LEVEL_ROUTE","C:\Users\DIYA GOEL\Downloads\EBDESIGN\backend\src\routes\M331Routes.js","routes\M331Routes.js","M331Routes.js","956","39","28F50A5201A04BD3C3E8AC650795942886B33F401864CEC0D7455E99E1094F01","False"
"TOP_LEVEL_ROUTE","C:\Users\DIYA GOEL\Downloads\EBDESIGN\backend\src\routes\M332Routes.js","routes\M332Routes.js","M332Routes.js","956","39","AEAB28E64087124098360890E39306E4D83D0BD73C1FD278BBA63B68E1CCDAD0","False"
"TOP_LEVEL_ROUTE","C:\Users\DIYA GOEL\Downloads\EBDESIGN\backend\src\routes\M333Routes.js","routes\M333Routes.js","M333Routes.js","956","39","79A42D0BF3108151A923D25A96C36C155677E9C71DBC96E7A1733753020BD345","False"
"TOP_LEVEL_ROUTE","C:\Users\DIYA GOEL\Downloads\EBDESIGN\backend\src\routes\M334Routes.js","routes\M334Routes.js","M334Routes.js","956","39","C38B5172A07EB3F3CD0CFB187F41BBE2534DEC21B202553B02301D1FBF321951","False"
"TOP_LEVEL_ROUTE","C:\Users\DIYA GOEL\Downloads\EBDESIGN\backend\src\routes\M335Routes.js","routes\M335Routes.js","M335Routes.js","956","39","D7BA41C795D7797FD0B95A1B4F183E8CA4212E4211C14806DC5E88FE79810D3D","False"
"TOP_LEVEL_ROUTE","C:\Users\DIYA GOEL\Downloads\EBDESIGN\backend\src\routes\M336Routes.js","routes\M336Routes.js","M336Routes.js","956","39","C6AE7628ACDE48D0462ABE2CB9BEFD73761C7E5FF5548C680ACFA1D39A646825","False"
"TOP_LEVEL_ROUTE","C:\Users\DIYA GOEL\Downloads\EBDESIGN\backend\src\routes\M337Routes.js","routes\M337Routes.js","M337Routes.js","956","39","B74856E036A9A67D48F13DAF4FF0617692EB4BEC80FA92D284033CC1CD3733BC","False"
"TOP_LEVEL_ROUTE","C:\Users\DIYA GOEL\Downloads\EBDESIGN\backend\src\routes\M338Routes.js","routes\M338Routes.js","M338Routes.js","956","39","CD7FC8F5EEBEBEFADD1C455C78408043E52EF1B6544E63A056E4389B8DBA2D27","False"
"TOP_LEVEL_ROUTE","C:\Users\DIYA GOEL\Downloads\EBDESIGN\backend\src\routes\M339Routes.js","routes\M339Routes.js","M339Routes.js","956","39","C00AF43D96A1EF15F9F72C2CE510D0048B3585BFD7A2025F59618BB2E8A19E8F","False"
"TOP_LEVEL_ROUTE","C:\Users\DIYA GOEL\Downloads\EBDESIGN\backend\src\routes\M33Routes.js","routes\M33Routes.js","M33Routes.js","949","39","FA995BDF867145F6DC3305B2F32DC7EF07E72636567E671CD248457FE8F54DDD","False"
"TOP_LEVEL_ROUTE","C:\Users\DIYA GOEL\Downloads\EBDESIGN\backend\src\routes\M340Routes.js","routes\M340Routes.js","M340Routes.js","956","39","D61778D2EB45DEF8BC5E42BECAD23E7E068E4ABF73B69B69D28755646B0A96BC","False"
"TOP_LEVEL_ROUTE","C:\Users\DIYA GOEL\Downloads\EBDESIGN\backend\src\routes\M341Routes.js","routes\M341Routes.js","M341Routes.js","956","39","84B82A645A04A13DD0796BCA6067CECB1D7D681E86F16FA90DCD075F6E480E67","False"
"TOP_LEVEL_ROUTE","C:\Users\DIYA GOEL\Downloads\EBDESIGN\backend\src\routes\M342Routes.js","routes\M342Routes.js","M342Routes.js","956","39","127587C002361CEC172DBB86B2716CCC60A6F75F3311835081B7595F1986179F","False"
"TOP_LEVEL_ROUTE","C:\Users\DIYA GOEL\Downloads\EBDESIGN\backend\src\routes\M343Routes.js","routes\M343Routes.js","M343Routes.js","956","39","6C415D66E8B3E84B790E9630C016DE28ED229F609DD67A0026E2C0D9E30DA7DF","False"
"TOP_LEVEL_ROUTE","C:\Users\DIYA GOEL\Downloads\EBDESIGN\backend\src\routes\M344Routes.js","routes\M344Routes.js","M344Routes.js","956","39","57C3427D1FFCDA2C43CBA40C97620F4138189386D3E9E3BB62627B7B9ED88B2C","False"
"TOP_LEVEL_ROUTE","C:\Users\DIYA GOEL\Downloads\EBDESIGN\backend\src\routes\M34Routes.js","routes\M34Routes.js","M34Routes.js","949","39","30897D304AAA119B26CAD656C52F0A6839BB5A59015ECFBD6BA6E21E02203F00","False"
"TOP_LEVEL_ROUTE","C:\Users\DIYA GOEL\Downloads\EBDESIGN\backend\src\routes\M35Routes.js","routes\M35Routes.js","M35Routes.js","949","39","A05F4B021BE731BC66819370671B71E7C2A950D90DE2D583CA9480A8BA588907","False"
"TOP_LEVEL_ROUTE","C:\Users\DIYA GOEL\Downloads\EBDESIGN\backend\src\routes\M36Routes.js","routes\M36Routes.js","M36Routes.js","949","39","85E31D01AEB5E5389A54B23275014EE9D038DDCB57B3473624CBDF9B44B4BF3F","False"
"TOP_LEVEL_ROUTE","C:\Users\DIYA GOEL\Downloads\EBDESIGN\backend\src\routes\M37Routes.js","routes\M37Routes.js","M37Routes.js","949","39","4BEE93A0E5770FFD73B163EDA9D07A5794CA751F2D32C1F7197FAA530D137BA3","False"
"TOP_LEVEL_ROUTE","C:\Users\DIYA GOEL\Downloads\EBDESIGN\backend\src\routes\M38Routes.js","routes\M38Routes.js","M38Routes.js","949","39","C7302C1745647862AF10AE8BD09C66564A4AAF88EB951B8682252B52B3C2117B","False"
"TOP_LEVEL_ROUTE","C:\Users\DIYA GOEL\Downloads\EBDESIGN\backend\src\routes\M39Routes.js","routes\M39Routes.js","M39Routes.js","949","39","B4059FEFD742A0720AC515E6552E7F872F106EA789D93E9340204BE9A85F130B","False"
"TOP_LEVEL_ROUTE","C:\Users\DIYA GOEL\Downloads\EBDESIGN\backend\src\routes\M40Routes.js","routes\M40Routes.js","M40Routes.js","949","39","6558041167F4222BFA1CCEC319DB605E07E74BF208B60E2FAB3B124D987A9D72","False"
"TOP_LEVEL_ROUTE","C:\Users\DIYA GOEL\Downloads\EBDESIGN\backend\src\routes\M41Routes.js","routes\M41Routes.js","M41Routes.js","949","39","3346201E96CF0396B5398E0921F38C100441559F5F9D059271B548FB69E2F6DA","False"
"TOP_LEVEL_ROUTE","C:\Users\DIYA GOEL\Downloads\EBDESIGN\backend\src\routes\M42Routes.js","routes\M42Routes.js","M42Routes.js","949","39","5FD68FFCC395E653D3248864F5DDE2D4F072391BB1AB02B9D5037D4A44BB82E2","False"
"TOP_LEVEL_ROUTE","C:\Users\DIYA GOEL\Downloads\EBDESIGN\backend\src\routes\M43Routes.js","routes\M43Routes.js","M43Routes.js","949","39","052E7F693BD8AFB76763F6C8736DD94404839344BA01322479D6D97A6DE82B9F","False"
"TOP_LEVEL_ROUTE","C:\Users\DIYA GOEL\Downloads\EBDESIGN\backend\src\routes\M44Routes.js","routes\M44Routes.js","M44Routes.js","949","39","9169CA753A8FDB5C3E16CB9016EAA3CF1CF767D74FAB086D12CFE22521D4631C","False"
"TOP_LEVEL_ROUTE","C:\Users\DIYA GOEL\Downloads\EBDESIGN\backend\src\routes\M45Routes.js","routes\M45Routes.js","M45Routes.js","949","39","6E7CACB9A96F693C968451DA249BA294E2CBC39B29ED32B6FD69212CA5FD968C","False"
"TOP_LEVEL_ROUTE","C:\Users\DIYA GOEL\Downloads\EBDESIGN\backend\src\routes\M46Routes.js","routes\M46Routes.js","M46Routes.js","949","39","3553E38B8D0B17FB0F996213FC2884B4EFA95C0DFF31468DB90BEFEEEC465722","False"
"TOP_LEVEL_ROUTE","C:\Users\DIYA GOEL\Downloads\EBDESIGN\backend\src\routes\M47Routes.js","routes\M47Routes.js","M47Routes.js","949","39","0B570CCF65B259C515C633EBD1AB868E9B5D10933DDE6209B150CD9E10AF1530","False"
"TOP_LEVEL_ROUTE","C:\Users\DIYA GOEL\Downloads\EBDESIGN\backend\src\routes\M48Routes.js","routes\M48Routes.js","M48Routes.js","949","39","CF0EEFB0AE95A216641B0527275B78D9D4D17A7C31BEB91324EBB0B084A04EB8","False"
"TOP_LEVEL_ROUTE","C:\Users\DIYA GOEL\Downloads\EBDESIGN\backend\src\routes\M49Routes.js","routes\M49Routes.js","M49Routes.js","949","39","6AC8A630505948415C4109DDE39C60A53D50A9A4FC8362A28DE01647B5B2B353","False"
"TOP_LEVEL_ROUTE","C:\Users\DIYA GOEL\Downloads\EBDESIGN\backend\src\routes\M50Routes.js","routes\M50Routes.js","M50Routes.js","949","39","CFAB746ABC3B227D656CE4575303D6BED61D32AD229F471E3200188F32E4329A","False"
"TOP_LEVEL_ROUTE","C:\Users\DIYA GOEL\Downloads\EBDESIGN\backend\src\routes\M51Routes.js","routes\M51Routes.js","M51Routes.js","949","39","B1DF537BD8E99EDB11414556498C9615E691834FC4F55C852836270965EEC485","False"
"TOP_LEVEL_ROUTE","C:\Users\DIYA GOEL\Downloads\EBDESIGN\backend\src\routes\M52Routes.js","routes\M52Routes.js","M52Routes.js","949","39","1F7D349A299A216829B98D9F88AC0C79BFFCDD8558AFCEB64F8E4A59EFC815DA","False"
"TOP_LEVEL_ROUTE","C:\Users\DIYA GOEL\Downloads\EBDESIGN\backend\src\routes\M53Routes.js","routes\M53Routes.js","M53Routes.js","949","39","1B414BACF2F36C920E0B711532665619B1F9A609DB355D916BA1CE8FD2B15DC0","False"
"TOP_LEVEL_ROUTE","C:\Users\DIYA GOEL\Downloads\EBDESIGN\backend\src\routes\M54Routes.js","routes\M54Routes.js","M54Routes.js","949","39","C8573EB76ECF44F2CA29A764C3A286B5E3DCFDDB134BB5C61C5C500FC95FCD2B","False"
"TOP_LEVEL_ROUTE","C:\Users\DIYA GOEL\Downloads\EBDESIGN\backend\src\routes\M55Routes.js","routes\M55Routes.js","M55Routes.js","949","39","357686E2CEB836F0CEAB167091E08170B0CC205A1CBDC65070CFB8A5C0700C48","False"
"TOP_LEVEL_ROUTE","C:\Users\DIYA GOEL\Downloads\EBDESIGN\backend\src\routes\M56Routes.js","routes\M56Routes.js","M56Routes.js","949","39","90FDDD4516351990089D5539B44B5BF33E8A96C2C73B549350B5717E14C20FE9","False"
"TOP_LEVEL_ROUTE","C:\Users\DIYA GOEL\Downloads\EBDESIGN\backend\src\routes\M57Routes.js","routes\M57Routes.js","M57Routes.js","949","39","6BA2FB9B6AF4BDAACA4DCBAFA0E08146A14B829BD917F3AD53182165FD7BADF5","False"
"TOP_LEVEL_ROUTE","C:\Users\DIYA GOEL\Downloads\EBDESIGN\backend\src\routes\M58Routes.js","routes\M58Routes.js","M58Routes.js","949","39","42BD16B11766E529074AADC8C24B3343B7E6EC7C2EF647A3081C4E231151AE90","False"
"TOP_LEVEL_ROUTE","C:\Users\DIYA GOEL\Downloads\EBDESIGN\backend\src\routes\M59Routes.js","routes\M59Routes.js","M59Routes.js","949","39","7DA0C15A41DA280540C1F2868E4F2402E6926B9BE8F0E58B09288E7679E2D884","False"
"TOP_LEVEL_ROUTE","C:\Users\DIYA GOEL\Downloads\EBDESIGN\backend\src\routes\M60Routes.js","routes\M60Routes.js","M60Routes.js","949","39","C43F2E646A179B0DF65643F2433AA48F03E78E8FC77DF2EE9FBC485E4DFD1984","False"
"TOP_LEVEL_ROUTE","C:\Users\DIYA GOEL\Downloads\EBDESIGN\backend\src\routes\M61Routes.js","routes\M61Routes.js","M61Routes.js","949","39","42CE896475E04F129963E708C7B5298020694739302EF15E0B7174F2158AAAD5","False"
"TOP_LEVEL_ROUTE","C:\Users\DIYA GOEL\Downloads\EBDESIGN\backend\src\routes\M62Routes.js","routes\M62Routes.js","M62Routes.js","949","39","B3E422512C469976AA172537165194416DB9A12354DBF3971E85BD4D50FB0AAF","False"
"TOP_LEVEL_ROUTE","C:\Users\DIYA GOEL\Downloads\EBDESIGN\backend\src\routes\M63Routes.js","routes\M63Routes.js","M63Routes.js","949","39","76C817D4715A9D63D9CA3A2670A90715391FCF3C441DDC4C067A36CB84283C54","False"
"TOP_LEVEL_ROUTE","C:\Users\DIYA GOEL\Downloads\EBDESIGN\backend\src\routes\M64Routes.js","routes\M64Routes.js","M64Routes.js","949","39","4EA1F3555DD688787151EFCD384567939A4436B8FA5E0A5334EE2746A0F86B07","False"
"TOP_LEVEL_ROUTE","C:\Users\DIYA GOEL\Downloads\EBDESIGN\backend\src\routes\M65Routes.js","routes\M65Routes.js","M65Routes.js","949","39","29B6ACA4B1418602526F853F918D8989F3DC0E1D3DB5B0563270B3D559D21122","False"
"TOP_LEVEL_ROUTE","C:\Users\DIYA GOEL\Downloads\EBDESIGN\backend\src\routes\M66Routes.js","routes\M66Routes.js","M66Routes.js","949","39","7D1AB5AD3C4FC00F6F54BAC0F4E4667EA0A47F99BEBDE44491267ADB76E3D637","False"
"TOP_LEVEL_ROUTE","C:\Users\DIYA GOEL\Downloads\EBDESIGN\backend\src\routes\M67Routes.js","routes\M67Routes.js","M67Routes.js","949","39","FB6AC0452075ECC24841F5E3E716FDFE540F5A446CE5F998AB919710CC08D4A4","False"
"TOP_LEVEL_ROUTE","C:\Users\DIYA GOEL\Downloads\EBDESIGN\backend\src\routes\M68Routes.js","routes\M68Routes.js","M68Routes.js","949","39","3605A5BC12051A5764647E8311AEB53159FF0307CF35ABE010FA7E5B4246A5E1","False"
"TOP_LEVEL_ROUTE","C:\Users\DIYA GOEL\Downloads\EBDESIGN\backend\src\routes\M69Routes.js","routes\M69Routes.js","M69Routes.js","949","39","FBE821ABFC5AA1A3A436BD59B81A6F1E75D95EE6DA4C0875E4BDDE3D1C312B93","False"
"TOP_LEVEL_ROUTE","C:\Users\DIYA GOEL\Downloads\EBDESIGN\backend\src\routes\M70Routes.js","routes\M70Routes.js","M70Routes.js","949","39","4D45604C470C2DDD461EF89F333577A8C4B6ABF49D5C4B30809DEFAA6D8504BF","False"
"TOP_LEVEL_ROUTE","C:\Users\DIYA GOEL\Downloads\EBDESIGN\backend\src\routes\M71Routes.js","routes\M71Routes.js","M71Routes.js","949","39","1BD6F0C2C1D56A612CB08510ED71ED7B893B881D3AA33A4D97693A8BEF0CEADA","False"
"TOP_LEVEL_ROUTE","C:\Users\DIYA GOEL\Downloads\EBDESIGN\backend\src\routes\M72Routes.js","routes\M72Routes.js","M72Routes.js","949","39","06A24854EFFF107E4B7CA5674BECD0B9B25185D2CB0F3E768E366B1D0C80068F","False"
"TOP_LEVEL_ROUTE","C:\Users\DIYA GOEL\Downloads\EBDESIGN\backend\src\routes\M73Routes.js","routes\M73Routes.js","M73Routes.js","949","39","FF42B95D6F579C28763D5499FF04B08C694BA521DE01643DB541B50DAD8CD7D3","False"
"TOP_LEVEL_ROUTE","C:\Users\DIYA GOEL\Downloads\EBDESIGN\backend\src\routes\M74Routes.js","routes\M74Routes.js","M74Routes.js","949","39","6EC3D66B053A0059B1A02B992ECE8451AA4EDCA21ADB8D104E920A244F406875","False"
"TOP_LEVEL_ROUTE","C:\Users\DIYA GOEL\Downloads\EBDESIGN\backend\src\routes\M75Routes.js","routes\M75Routes.js","M75Routes.js","949","39","D95768832FCE7F8D07B4BDDFC2D7CC1CE3B154E1DCF6761C92EF9D3E2C2ADD78","False"
"TOP_LEVEL_ROUTE","C:\Users\DIYA GOEL\Downloads\EBDESIGN\backend\src\routes\M76Routes.js","routes\M76Routes.js","M76Routes.js","949","39","49E8DB2837D85C402C33BBBD522A4F70EB71FE6377116A5B392A21D16B5714BD","False"
"TOP_LEVEL_ROUTE","C:\Users\DIYA GOEL\Downloads\EBDESIGN\backend\src\routes\M77Routes.js","routes\M77Routes.js","M77Routes.js","949","39","202B16ED9DE8082FE48E234720C8B571B9C34388DBD51B68CD6308F3EEC4AC5D","False"
"TOP_LEVEL_ROUTE","C:\Users\DIYA GOEL\Downloads\EBDESIGN\backend\src\routes\M78Routes.js","routes\M78Routes.js","M78Routes.js","949","39","FBB2BEC52EF226A213375524E1EC5F447C92DE5FEEE6F72AA46F76C18830DBDF","False"
"TOP_LEVEL_ROUTE","C:\Users\DIYA GOEL\Downloads\EBDESIGN\backend\src\routes\M79Routes.js","routes\M79Routes.js","M79Routes.js","949","39","390161F0596BC0E7C44CB612031CC464EB1780EBFB8399915ECF202CD09E5CD1","False"
"TOP_LEVEL_ROUTE","C:\Users\DIYA GOEL\Downloads\EBDESIGN\backend\src\routes\M80Routes.js","routes\M80Routes.js","M80Routes.js","949","39","B7A5064D8347E270200C3EFA6826AC575F19F40CA7C9555D8E23AE3F7A07EE3C","False"
"TOP_LEVEL_ROUTE","C:\Users\DIYA GOEL\Downloads\EBDESIGN\backend\src\routes\M81Routes.js","routes\M81Routes.js","M81Routes.js","949","39","B3AD5E7B4880C68A1F2F91F5C20429B8548093F5E7B14056C0B74414B0AC3F0D","False"
"TOP_LEVEL_ROUTE","C:\Users\DIYA GOEL\Downloads\EBDESIGN\backend\src\routes\M82Routes.js","routes\M82Routes.js","M82Routes.js","949","39","1A0C2A309BCC8BD25A19FC35E1E2F34FAB39E912B5450BA77A3C8620B8E24446","False"
"TOP_LEVEL_ROUTE","C:\Users\DIYA GOEL\Downloads\EBDESIGN\backend\src\routes\M83Routes.js","routes\M83Routes.js","M83Routes.js","949","39","BE6F51A709B564CACBE31DF84FFBEA0148C92A81177A23EDB150554CACCD6FF1","False"
"TOP_LEVEL_ROUTE","C:\Users\DIYA GOEL\Downloads\EBDESIGN\backend\src\routes\M84Routes.js","routes\M84Routes.js","M84Routes.js","949","39","8BD4F59AC99EFB0A777DD934115E8F43BDCED16B8A593D96D92E4B27122269BC","False"
"TOP_LEVEL_ROUTE","C:\Users\DIYA GOEL\Downloads\EBDESIGN\backend\src\routes\M85Routes.js","routes\M85Routes.js","M85Routes.js","949","39","8E3A616483B383F266AA356F5AA6DA6A7A8601D3F454DDADB136FB972590A4E9","False"
"TOP_LEVEL_ROUTE","C:\Users\DIYA GOEL\Downloads\EBDESIGN\backend\src\routes\M86Routes.js","routes\M86Routes.js","M86Routes.js","949","39","32B33745995DD07AE91DBC2C59A1EAA711F95BFC16B64E371F6A598A37544637","False"
"TOP_LEVEL_ROUTE","C:\Users\DIYA GOEL\Downloads\EBDESIGN\backend\src\routes\M87Routes.js","routes\M87Routes.js","M87Routes.js","949","39","60017A267910F3E4586F4FD7377F879CBBAF956B2E3C8DC04B4A60CF3D0CFED4","False"
"TOP_LEVEL_ROUTE","C:\Users\DIYA GOEL\Downloads\EBDESIGN\backend\src\routes\M88Routes.js","routes\M88Routes.js","M88Routes.js","949","39","7C2E6A5D47DCEAD41C38617C410F2C0AAD5BA21670555E63BAE2FE75CCA606EC","False"
"TOP_LEVEL_ROUTE","C:\Users\DIYA GOEL\Downloads\EBDESIGN\backend\src\routes\M89Routes.js","routes\M89Routes.js","M89Routes.js","949","39","672CA66EED850D7868A5CA8EC89CF76816E2B07931AB4AEA3D99243BDFB0C495","False"
"TOP_LEVEL_ROUTE","C:\Users\DIYA GOEL\Downloads\EBDESIGN\backend\src\routes\M90Routes.js","routes\M90Routes.js","M90Routes.js","949","39","1DFF6A959521A1CF4FBE50B14A289E9F44AD8917953DBE323437BA5B00A32F88","False"
"TOP_LEVEL_ROUTE","C:\Users\DIYA GOEL\Downloads\EBDESIGN\backend\src\routes\M91Routes.js","routes\M91Routes.js","M91Routes.js","949","39","5A8DBAE704D4A472AB7E32704669E428D0C9E4A3EAD6821CA331345F5C12BA31","False"
"TOP_LEVEL_ROUTE","C:\Users\DIYA GOEL\Downloads\EBDESIGN\backend\src\routes\M92Routes.js","routes\M92Routes.js","M92Routes.js","949","39","9C86065B0DE30A20E2B0159A9C60B69D4FC8374085009979D5B5806F5E1997DB","False"
"TOP_LEVEL_ROUTE","C:\Users\DIYA GOEL\Downloads\EBDESIGN\backend\src\routes\M93Routes.js","routes\M93Routes.js","M93Routes.js","949","39","D68ABFD476B56B3EDD8C8FF1DF0B236BCADB72ED5380D59647609EC037E61CF7","False"
"TOP_LEVEL_ROUTE","C:\Users\DIYA GOEL\Downloads\EBDESIGN\backend\src\routes\M94Routes.js","routes\M94Routes.js","M94Routes.js","949","39","D588ABBA0CF0E7BEDB2AD4B53E1CD3A3DAB4943F5CFF7086B9797AA0874143F9","False"
"TOP_LEVEL_ROUTE","C:\Users\DIYA GOEL\Downloads\EBDESIGN\backend\src\routes\M95Routes.js","routes\M95Routes.js","M95Routes.js","949","39","28AC0E66C91E19FDE37D9DC5BCC76623281AFA349BF50FEC227E3848EFF504F9","False"
"TOP_LEVEL_ROUTE","C:\Users\DIYA GOEL\Downloads\EBDESIGN\backend\src\routes\M96Routes.js","routes\M96Routes.js","M96Routes.js","949","39","47F94735D49769F025D6A769F81A4272D771F20396FC6E051CE15C90B213C6E1","False"
"TOP_LEVEL_ROUTE","C:\Users\DIYA GOEL\Downloads\EBDESIGN\backend\src\routes\M97Routes.js","routes\M97Routes.js","M97Routes.js","949","39","4F80A84FF8E77A284F47CFD235B7652DCE144192F8CBF5EB4B04BDAC1BA4A214","False"
"TOP_LEVEL_ROUTE","C:\Users\DIYA GOEL\Downloads\EBDESIGN\backend\src\routes\M98Routes.js","routes\M98Routes.js","M98Routes.js","949","39","D77B6B2520BB87DFF46A885525255F62848804EC5D173C5AF48DEC477403A6D0","False"
"TOP_LEVEL_ROUTE","C:\Users\DIYA GOEL\Downloads\EBDESIGN\backend\src\routes\M99Routes.js","routes\M99Routes.js","M99Routes.js","949","39","112C87393B9901E57825C063DD249D04D4932DEDC3B8BC7B443D3EE5E344444B","False"
"TOP_LEVEL_ROUTE","C:\Users\DIYA GOEL\Downloads\EBDESIGN\backend\src\routes\machineryVillageOpsRoutes.js","routes\machineryVillageOpsRoutes.js","machineryVillageOpsRoutes.js","5755","200","21DC12FC9C40DCCB5DA089BF2AD2F9D21FCE653CB39A191501AB29E749FF2881","False"
"TOP_LEVEL_ROUTE","C:\Users\DIYA GOEL\Downloads\EBDESIGN\backend\src\routes\migrationRoutes.js","routes\migrationRoutes.js","migrationRoutes.js","492","23","BE44EE6109CACCEAA2EB8E8BA175039839E685D3C57C5DA171B532CCB6AA0533","False"
"TOP_LEVEL_ROUTE","C:\Users\DIYA GOEL\Downloads\EBDESIGN\backend\src\routes\moduleSupportInfrastructureRoutes.js","routes\moduleSupportInfrastructureRoutes.js","moduleSupportInfrastructureRoutes.js","10707","460","B53E6C762F03A90BC1745586F9D53406EE063BB2A51818E704CE36B3BCD56F0D","False"
"TOP_LEVEL_ROUTE","C:\Users\DIYA GOEL\Downloads\EBDESIGN\backend\src\routes\moduleSystemsRoutes.js","routes\moduleSystemsRoutes.js","moduleSystemsRoutes.js","1077","27","FA021AA6174D2C20B42622DC98662E8864919E16D5D5BCE46CB2FBF95955F893","False"
"TOP_LEVEL_ROUTE","C:\Users\DIYA GOEL\Downloads\EBDESIGN\backend\src\routes\notificationRoutes.js","routes\notificationRoutes.js","notificationRoutes.js","501","23","C090D05DCD0FA4999E7E2EF95972DDEB3C4D525DA5F3BF3E7697A4B3D14243CD","False"
"TOP_LEVEL_ROUTE","C:\Users\DIYA GOEL\Downloads\EBDESIGN\backend\src\routes\performanceRoutes.js","routes\performanceRoutes.js","performanceRoutes.js","498","23","BBD35BBD6045D9103317BA0E01F0569DC4233BAB6ABEC1B3F1E5C24AE6DB7C60","False"
"TOP_LEVEL_ROUTE","C:\Users\DIYA GOEL\Downloads\EBDESIGN\backend\src\routes\permissionRoutes.js","routes\permissionRoutes.js","permissionRoutes.js","495","23","C0B66FFA8A78BADE6AA3C70F6E4BD9FA5534E331919D7C31153B4F3026BCBD2D","False"
"TOP_LEVEL_ROUTE","C:\Users\DIYA GOEL\Downloads\EBDESIGN\backend\src\routes\platformFoundationRoutes.js","routes\platformFoundationRoutes.js","platformFoundationRoutes.js","654","38","0470A53A669C131E49DBE3632F2BF34692055B93BD92FAA959B4DDB0B617542A","False"
"TOP_LEVEL_ROUTE","C:\Users\DIYA GOEL\Downloads\EBDESIGN\backend\src\routes\publicDomainDataExtractionRoutes_merged.js","routes\publicDomainDataExtractionRoutes_merged.js","publicDomainDataExtractionRoutes_merged.js","365","20","DC3153F216E15292B21050788DF4E9856B3B3DCA18502BFCDECC960A94929A09","False"
"TOP_LEVEL_ROUTE","C:\Users\DIYA GOEL\Downloads\EBDESIGN\backend\src\routes\reportingRoutes.js","routes\reportingRoutes.js","reportingRoutes.js","492","23","821D0ADE6C34BE0FFB6ABBCA888BA81A2A301B5D12B7E9593881AB4A3A917986","False"
"TOP_LEVEL_ROUTE","C:\Users\DIYA GOEL\Downloads\EBDESIGN\backend\src\routes\resourceRouteFactory.js","routes\resourceRouteFactory.js","resourceRouteFactory.js","332","20","5BAF7A3A9042BA3E7BDE7B28E20239F0ED385E25EF26D10E06AB911FC8C0B261","False"
"TOP_LEVEL_ROUTE","C:\Users\DIYA GOEL\Downloads\EBDESIGN\backend\src\routes\roleRoutes.js","routes\roleRoutes.js","roleRoutes.js","477","23","6E2BA86B1C7233E6E1F353E30CA7A9E5B805A6183A6029797FB47DCD27212961","False"
"TOP_LEVEL_ROUTE","C:\Users\DIYA GOEL\Downloads\EBDESIGN\backend\src\routes\searchRoutes.js","routes\searchRoutes.js","searchRoutes.js","483","23","2A8FD0C928FDC9CBB316C093CF6D695E709A115B3BEEB21D0DDC264D76C48DA8","False"
"TOP_LEVEL_ROUTE","C:\Users\DIYA GOEL\Downloads\EBDESIGN\backend\src\routes\securityRoutes.js","routes\securityRoutes.js","securityRoutes.js","489","23","C469339C3A62594FBAFFC76E765551C10C21735884FA6E738214EECEFBBBD800","False"
"TOP_LEVEL_ROUTE","C:\Users\DIYA GOEL\Downloads\EBDESIGN\backend\src\routes\serverManagementRoutes.js","routes\serverManagementRoutes.js","serverManagementRoutes.js","13299","578","6C4F1C60412E0D1C2ECF551BE4E66DB40B56B5E28E22CE5563626A4F10EAC7AD","False"
"TOP_LEVEL_ROUTE","C:\Users\DIYA GOEL\Downloads\EBDESIGN\backend\src\routes\settingsRoutes.js","routes\settingsRoutes.js","settingsRoutes.js","489","23","1E27A05BD0B86836EBFA0AC34D4D814FAFA5A9F2B20C55BFB463CD6838C046E8","False"
"TOP_LEVEL_ROUTE","C:\Users\DIYA GOEL\Downloads\EBDESIGN\backend\src\routes\soilNutrientLandRoutes.js","routes\soilNutrientLandRoutes.js","soilNutrientLandRoutes.js","5522","200","C3E3BB64447E85B0A240E65C1BC140273589A575DF2953B1CBB1C4F07E1EB407","False"
"TOP_LEVEL_ROUTE","C:\Users\DIYA GOEL\Downloads\EBDESIGN\backend\src\routes\startupEnvironmentRoutes.js","routes\startupEnvironmentRoutes.js","startupEnvironmentRoutes.js","11424","477","973475FFC40C9EC307904B6612DEA84F1800D75814AD7E1A4627A3B927DCD88B","False"
"TOP_LEVEL_ROUTE","C:\Users\DIYA GOEL\Downloads\EBDESIGN\backend\src\routes\systemConfigRoutes.js","routes\systemConfigRoutes.js","systemConfigRoutes.js","501","23","9EE31603644AAFB8AF7D78FC48A4BAF102C04B53675B958302A1F2267C6B74C9","False"
"TOP_LEVEL_ROUTE","C:\Users\DIYA GOEL\Downloads\EBDESIGN\backend\src\routes\unifiedLedgerRoutes_merged.js","routes\unifiedLedgerRoutes_merged.js","unifiedLedgerRoutes_merged.js","337","20","2F2458C4420723404ED53140AF43FAB1FE3AD4E9DB49ECE9E6CFE52216268B03","False"
"TOP_LEVEL_ROUTE","C:\Users\DIYA GOEL\Downloads\EBDESIGN\backend\src\routes\vendorProcurementRoutes.js","routes\vendorProcurementRoutes.js","vendorProcurementRoutes.js","7753","280","61DDDF42F913FB8F3C1056119A9437C8F85720ED75308881182FD66A49BD1044","False"
"TOP_LEVEL_ROUTE","C:\Users\DIYA GOEL\Downloads\EBDESIGN\backend\src\routes\versionRoutes.js","routes\versionRoutes.js","versionRoutes.js","486","23","4508E996693424DC90F47E24D3AC5C2AB2BEE4F83770A6D11F812E18B5D885B5","False"
"TOP_LEVEL_ROUTE","C:\Users\DIYA GOEL\Downloads\EBDESIGN\backend\src\routes\waterIrrigationRoutes.js","routes\waterIrrigationRoutes.js","waterIrrigationRoutes.js","6697","244","CF6073FF1826621C8406232693C5F5709A014983F807CB4995D642DE972C94FC","False"
"TOP_LEVEL_ROUTE","C:\Users\DIYA GOEL\Downloads\EBDESIGN\backend\src\routes\webhookRoutes.js","routes\webhookRoutes.js","webhookRoutes.js","486","23","EEF7A8ED3B8D1E42E669C2FD3274469395CABFD4B7B7D6A1D5D5473BBFE37066","False"
"TOP_LEVEL_ROUTE","C:\Users\DIYA GOEL\Downloads\EBDESIGN\backend\src\routes\claude\backendModuleBridge.js","routes\claude\backendModuleBridge.js","backendModuleBridge.js","330","20","6D7C676F32B880CAB75E938F6AE8CA962C186EB1B2B1E7983F02003428B9E8AE","False"
"TOP_LEVEL_ROUTE","C:\Users\DIYA GOEL\Downloads\EBDESIGN\backend\src\routes\finance\unifiedLedgerRoutes.js","routes\finance\unifiedLedgerRoutes.js","unifiedLedgerRoutes.js","1461","39","21B57DA02C521985FD546741170915EF845BB955C937C1397C28B7FD4778BC54","False"
"TOP_LEVEL_ROUTE","C:\Users\DIYA GOEL\Downloads\EBDESIGN\backend\src\routes\generated\all_routes.js","routes\generated\all_routes.js","all_routes.js","26050","1076","BABBA4A42C83A786BA0324F794FD0FC9611E204DE761B3C8D36C7AFFC00D6728","False"
"TOP_LEVEL_ROUTE","C:\Users\DIYA GOEL\Downloads\EBDESIGN\backend\src\routes\livestock\dairyRoutes_merged.js","routes\livestock\dairyRoutes_merged.js","dairyRoutes_merged.js","1453","39","9AE8F3A40F0DD705919865E425E1FB7E239ACB82A2A6394657E0ACAC9281D23D","False"
"TOP_LEVEL_ROUTE","C:\Users\DIYA GOEL\Downloads\EBDESIGN\backend\src\routes\logistics\geofencingRoutes_merged.js","routes\logistics\geofencingRoutes_merged.js","geofencingRoutes_merged.js","330","20","DAB418F712E0FA5154571FDA2C12E55287DBBAFCC2FE63BB19224A0445783FBD","False"
"TOP_LEVEL_ROUTE","C:\Users\DIYA GOEL\Downloads\EBDESIGN\backend\src\routes\platform\completeERPIntegrationRoutes_merged.js","routes\platform\completeERPIntegrationRoutes_merged.js","completeERPIntegrationRoutes_merged.js","1470","39","B198B06396E80F1DDF389B8EB69390F9BF42F4579BB0ACFEEA1A8EFD2C8CC4A1","False"
"TOP_LEVEL_ROUTE","C:\Users\DIYA GOEL\Downloads\EBDESIGN\backend\src\routes\platform\comprehensiveERPRoutes_merged.js","routes\platform\comprehensiveERPRoutes_merged.js","comprehensiveERPRoutes_merged.js","1464","39","D5539D728E551FD3E99B0AA4B6F157F6A2D093A29AA461BE513A0ACA3995FDCA","False"
"TOP_LEVEL_ROUTE","C:\Users\DIYA GOEL\Downloads\EBDESIGN\backend\src\routes\platform\informationSharingRoutes_merged.js","routes\platform\informationSharingRoutes_merged.js","informationSharingRoutes_merged.js","1466","39","8B0C73F99C9E3C9ABCF7594EA1CBBCB39F0A41073B0F54B06EE01D3AE8F01F70","False"
"TOP_LEVEL_ROUTE","C:\Users\DIYA GOEL\Downloads\EBDESIGN\backend\src\routes\platform\knowledgeRoutes_merged.js","routes\platform\knowledgeRoutes_merged.js","knowledgeRoutes_merged.js","1457","39","7DB45CCD79D142EE07668D66582D072D67E7F8A5F313E00751732ADB83D5DA7B","False"
"TOP_LEVEL_ROUTE","C:\Users\DIYA GOEL\Downloads\EBDESIGN\backend\src\routes\platform\organizationManagementRoutes_merged.js","routes\platform\organizationManagementRoutes_merged.js","organizationManagementRoutes_merged.js","1470","39","7AC538464DD16FE22B173F0F1CA008625A4636D22EB7E9B35A46CDE8CB08DA7B","False"
"TOP_LEVEL_ROUTE","C:\Users\DIYA GOEL\Downloads\EBDESIGN\backend\src\routes\platform\publicDomainDataExtractionRoutes.js","routes\platform\publicDomainDataExtractionRoutes.js","publicDomainDataExtractionRoutes.js","1474","39","6501962A35F2F1E40096C286C29BDD5808DF7DFC04867B71781C108E08D14583","False"
"TOP_LEVEL_ROUTE","C:\Users\DIYA GOEL\Downloads\EBDESIGN\backend\src\routes\__tests__\climateRoutes.test.js","routes\__tests__\climateRoutes.test.js","climateRoutes.test.js","231","12","4CD236C71382F0953D21C10CC05F34A05DFFFBD3E147D9DF421F5462BEE31D6F","False"
"TOP_LEVEL_ROUTE","C:\Users\DIYA GOEL\Downloads\EBDESIGN\backend\src\routes\__tests__\enterpriseCommerceSafety.test.js","routes\__tests__\enterpriseCommerceSafety.test.js","enterpriseCommerceSafety.test.js","261","12","18151167DCA56677DF46E5FFE44DF9EEE9B2A460E4FEE5A9AA87026FED81613B","False"
"TOP_LEVEL_ROUTE","C:\Users\DIYA GOEL\Downloads\EBDESIGN\backend\src\routes\__tests__\livestockFisheriesRoutes.test.js","routes\__tests__\livestockFisheriesRoutes.test.js","livestockFisheriesRoutes.test.js","254","12","C7045C5C1E424C026DFBBC9571EB188FF7F921422EE2A836A3F00A0F17DE0E07","False"
"TOP_LEVEL_ROUTE","C:\Users\DIYA GOEL\Downloads\EBDESIGN\backend\src\routes\__tests__\operationsMachineryRoutes.test.js","routes\__tests__\operationsMachineryRoutes.test.js","operationsMachineryRoutes.test.js","256","12","A7F2149D0226C09B1E7B3948E414EB9AC19C852EA9FB69572C2E0E130DF9C3AF","False"
"TOP_LEVEL_ROUTE","C:\Users\DIYA GOEL\Downloads\EBDESIGN\backend\src\routes\__tests__\platformFoundationRoutes.test.js","routes\__tests__\platformFoundationRoutes.test.js","platformFoundationRoutes.test.js","254","12","C161E7AD322247E484436A3DD717E9350386535C01379502D4B5DA45C33C73CE","False"
"TOP_LEVEL_ROUTE","C:\Users\DIYA GOEL\Downloads\EBDESIGN\backend\src\routes\__tests__\roboticsRoutes.test.js","routes\__tests__\roboticsRoutes.test.js","roboticsRoutes.test.js","2410","44","D315CE71758E1A2B205C27AA8224C4CFF05F15DAD1E8DE91BB7632141AC305CF","False"
"TOP_LEVEL_ROUTE","C:\Users\DIYA GOEL\Downloads\EBDESIGN\backend\src\routes\__tests__\waterSoilManagementRoutes.test.js","routes\__tests__\waterSoilManagementRoutes.test.js","waterSoilManagementRoutes.test.js","257","12","EA4561DCD81B91E3DDAA5D32F187907B7162956029195346C160C60902506807","False"
"MODULE_ROUTE","C:\Users\DIYA GOEL\Downloads\EBDESIGN\backend\src\modules\M645100_LIBRARYKNOWLEDGE\api\routes.js","modules\M645100_LIBRARYKNOWLEDGE\api\routes.js","routes.js","2401","64","8ED5382C23CCAD84D039CDC170928BC5166BB341F008773E8278C5CE29CB578E","False"
"MODULE_ROUTE","C:\Users\DIYA GOEL\Downloads\EBDESIGN\backend\src\modules\TEMPLATES\MODULE_TEMPLATE\backend\routes.js","modules\TEMPLATES\MODULE_TEMPLATE\backend\routes.js","routes.js","4724","224","74516987424080CB46167B96EB51FCF8A01B1584B4FEFE32B7D88828CC50C264","False"
