"File","Family","Lines","SizeBytes","ImportCount","ControllerImportCount","ServiceImportCount","MiddlewareImportCount","ControllerImports","ServiceImports","MiddlewareImports","AllImports"
"C:\Users\DIYA GOEL\Downloads\EBDESIGN\backend\src\routes\adminRoutes.js","TOP_LEVEL_ROUTE","23","480","2","0","0","1","","","../middleware/auth","../middleware/auth | express"
"C:\Users\DIYA GOEL\Downloads\EBDESIGN\backend\src\routes\analyticsRoutes.js","TOP_LEVEL_ROUTE","23","492","2","0","0","1","","","../middleware/auth","../middleware/auth | express"
"C:\Users\DIYA GOEL\Downloads\EBDESIGN\backend\src\routes\apiDocumentationRoutes.js","TOP_LEVEL_ROUTE","23","513","2","0","0","1","","","../middleware/auth","../middleware/auth | express"
"C:\Users\DIYA GOEL\Downloads\EBDESIGN\backend\src\routes\auditLogRoutes.js","TOP_LEVEL_ROUTE","23","489","2","0","0","1","","","../middleware/auth","../middleware/auth | express"
"C:\Users\DIYA GOEL\Downloads\EBDESIGN\backend\src\routes\backupRoutes.js","TOP_LEVEL_ROUTE","23","483","2","0","0","1","","","../middleware/auth","../middleware/auth | express"
"C:\Users\DIYA GOEL\Downloads\EBDESIGN\backend\src\routes\bulkOperationRoutes.js","TOP_LEVEL_ROUTE","23","504","2","0","0","1","","","../middleware/auth","../middleware/auth | express"
"C:\Users\DIYA GOEL\Downloads\EBDESIGN\backend\src\routes\cacheRoutes.js","TOP_LEVEL_ROUTE","23","480","2","0","0","1","","","../middleware/auth","../middleware/auth | express"
"C:\Users\DIYA GOEL\Downloads\EBDESIGN\backend\src\routes\cloudManagementRoutes.js","TOP_LEVEL_ROUTE","547","13356","4","0","1","2","","../services/cloudManagementService","../middleware/admin | ../middleware/auth","../middleware/admin | ../middleware/auth | ../services/cloudManagementService | express"
"C:\Users\DIYA GOEL\Downloads\EBDESIGN\backend\src\routes\communityRoutes.js","TOP_LEVEL_ROUTE","580","12325","3","0","1","1","","../services/communityService","../middleware/auth","../middleware/auth | ../services/communityService | express"
"C:\Users\DIYA GOEL\Downloads\EBDESIGN\backend\src\routes\dataExportRoutes.js","TOP_LEVEL_ROUTE","23","495","2","0","0","1","","","../middleware/auth","../middleware/auth | express"
"C:\Users\DIYA GOEL\Downloads\EBDESIGN\backend\src\routes\ENDPOINT_MISMATCH_FIXER_COMPLETE.js","TOP_LEVEL_ROUTE","20","382","1","0","0","0","","","","express"
"C:\Users\DIYA GOEL\Downloads\EBDESIGN\backend\src\routes\enterpriseControlRoutes.js","TOP_LEVEL_ROUTE","501","14786","6","0","1","3","","../services/enterpriseControlService","../middleware/admin | ../middleware/auth | ../middleware/rateLimiter","../middleware/admin | ../middleware/auth | ../middleware/rateLimiter | ../services/enterpriseControlService | ../utils/logger | express"
"C:\Users\DIYA GOEL\Downloads\EBDESIGN\backend\src\routes\erpRoutes.js","TOP_LEVEL_ROUTE","280","7591","4","0","1","2","","../services/erp/CostControlModule","../middleware/admin | ../middleware/auth","../middleware/admin | ../middleware/auth | ../services/erp/CostControlModule | express"
"C:\Users\DIYA GOEL\Downloads\EBDESIGN\backend\src\routes\errorLogRoutes.js","TOP_LEVEL_ROUTE","23","489","2","0","0","1","","","../middleware/auth","../middleware/auth | express"
"C:\Users\DIYA GOEL\Downloads\EBDESIGN\backend\src\routes\exportRoutes.js","TOP_LEVEL_ROUTE","23","483","2","0","0","1","","","../middleware/auth","../middleware/auth | express"
"C:\Users\DIYA GOEL\Downloads\EBDESIGN\backend\src\routes\farmerKycRoutes.js","TOP_LEVEL_ROUTE","38","1645","3","0","1","1","","../services/farmerKycService","../middleware/auth","../middleware/auth | ../services/farmerKycService | express"
"C:\Users\DIYA GOEL\Downloads\EBDESIGN\backend\src\routes\farmerVerificationRoutes.js","TOP_LEVEL_ROUTE","34","1369","3","0","1","1","","../services/farmerVerificationService","../middleware/auth","../middleware/auth | ../services/farmerVerificationService | express"
"C:\Users\DIYA GOEL\Downloads\EBDESIGN\backend\src\routes\gdprRoutes_merged.js","TOP_LEVEL_ROUTE","34","1121","3","0","1","1","","../services/gdprService","../middleware/auth","../middleware/auth | ../services/gdprService | express"
"C:\Users\DIYA GOEL\Downloads\EBDESIGN\backend\src\routes\healthCheckRoutes.js","TOP_LEVEL_ROUTE","23","498","2","0","0","1","","","../middleware/auth","../middleware/auth | express"
"C:\Users\DIYA GOEL\Downloads\EBDESIGN\backend\src\routes\integrationRoutes.js","TOP_LEVEL_ROUTE","23","498","2","0","0","1","","","../middleware/auth","../middleware/auth | express"
"C:\Users\DIYA GOEL\Downloads\EBDESIGN\backend\src\routes\labourRoutes.js","TOP_LEVEL_ROUTE","27","1024","3","0","1","1","","../services/labourService","../middleware/auth","../middleware/auth | ../services/labourService | express"
"C:\Users\DIYA GOEL\Downloads\EBDESIGN\backend\src\routes\libraryRoutes_merged.js","TOP_LEVEL_ROUTE","80","1636","2","0","0","0","","","","../utils/logger | express"
"C:\Users\DIYA GOEL\Downloads\EBDESIGN\backend\src\routes\M041VillageERP.js","TOP_LEVEL_ROUTE","421","12595","2","0","1","0","","../modules/M041/M041Service","","../modules/M041/M041Service | express"
"C:\Users\DIYA GOEL\Downloads\EBDESIGN\backend\src\routes\M100Routes.js","TOP_LEVEL_ROUTE","39","956","2","0","0","1","","","../middleware/auth","../middleware/auth | express"
"C:\Users\DIYA GOEL\Downloads\EBDESIGN\backend\src\routes\M101Routes.js","TOP_LEVEL_ROUTE","39","956","2","0","0","1","","","../middleware/auth","../middleware/auth | express"
"C:\Users\DIYA GOEL\Downloads\EBDESIGN\backend\src\routes\M102Routes.js","TOP_LEVEL_ROUTE","39","956","2","0","0","1","","","../middleware/auth","../middleware/auth | express"
"C:\Users\DIYA GOEL\Downloads\EBDESIGN\backend\src\routes\M103Routes.js","TOP_LEVEL_ROUTE","39","956","2","0","0","1","","","../middleware/auth","../middleware/auth | express"
"C:\Users\DIYA GOEL\Downloads\EBDESIGN\backend\src\routes\M104Routes.js","TOP_LEVEL_ROUTE","39","956","2","0","0","1","","","../middleware/auth","../middleware/auth | express"
"C:\Users\DIYA GOEL\Downloads\EBDESIGN\backend\src\routes\M105Routes.js","TOP_LEVEL_ROUTE","39","956","2","0","0","1","","","../middleware/auth","../middleware/auth | express"
"C:\Users\DIYA GOEL\Downloads\EBDESIGN\backend\src\routes\M106Routes.js","TOP_LEVEL_ROUTE","39","956","2","0","0","1","","","../middleware/auth","../middleware/auth | express"
"C:\Users\DIYA GOEL\Downloads\EBDESIGN\backend\src\routes\M107Routes.js","TOP_LEVEL_ROUTE","39","956","2","0","0","1","","","../middleware/auth","../middleware/auth | express"
"C:\Users\DIYA GOEL\Downloads\EBDESIGN\backend\src\routes\M108Routes.js","TOP_LEVEL_ROUTE","39","956","2","0","0","1","","","../middleware/auth","../middleware/auth | express"
"C:\Users\DIYA GOEL\Downloads\EBDESIGN\backend\src\routes\M109Routes.js","TOP_LEVEL_ROUTE","39","956","2","0","0","1","","","../middleware/auth","../middleware/auth | express"
"C:\Users\DIYA GOEL\Downloads\EBDESIGN\backend\src\routes\M110Routes.js","TOP_LEVEL_ROUTE","39","956","2","0","0","1","","","../middleware/auth","../middleware/auth | express"
"C:\Users\DIYA GOEL\Downloads\EBDESIGN\backend\src\routes\M111Routes.js","TOP_LEVEL_ROUTE","39","956","2","0","0","1","","","../middleware/auth","../middleware/auth | express"
"C:\Users\DIYA GOEL\Downloads\EBDESIGN\backend\src\routes\M112Routes.js","TOP_LEVEL_ROUTE","39","956","2","0","0","1","","","../middleware/auth","../middleware/auth | express"
"C:\Users\DIYA GOEL\Downloads\EBDESIGN\backend\src\routes\M113Routes.js","TOP_LEVEL_ROUTE","39","956","2","0","0","1","","","../middleware/auth","../middleware/auth | express"
"C:\Users\DIYA GOEL\Downloads\EBDESIGN\backend\src\routes\M114Routes.js","TOP_LEVEL_ROUTE","39","956","2","0","0","1","","","../middleware/auth","../middleware/auth | express"
"C:\Users\DIYA GOEL\Downloads\EBDESIGN\backend\src\routes\M115Routes.js","TOP_LEVEL_ROUTE","39","956","2","0","0","1","","","../middleware/auth","../middleware/auth | express"
"C:\Users\DIYA GOEL\Downloads\EBDESIGN\backend\src\routes\M116Routes.js","TOP_LEVEL_ROUTE","39","956","2","0","0","1","","","../middleware/auth","../middleware/auth | express"
"C:\Users\DIYA GOEL\Downloads\EBDESIGN\backend\src\routes\M117Routes.js","TOP_LEVEL_ROUTE","39","956","2","0","0","1","","","../middleware/auth","../middleware/auth | express"
"C:\Users\DIYA GOEL\Downloads\EBDESIGN\backend\src\routes\M118Routes.js","TOP_LEVEL_ROUTE","39","956","2","0","0","1","","","../middleware/auth","../middleware/auth | express"
"C:\Users\DIYA GOEL\Downloads\EBDESIGN\backend\src\routes\M119Routes.js","TOP_LEVEL_ROUTE","39","956","2","0","0","1","","","../middleware/auth","../middleware/auth | express"
"C:\Users\DIYA GOEL\Downloads\EBDESIGN\backend\src\routes\M120Routes.js","TOP_LEVEL_ROUTE","39","956","2","0","0","1","","","../middleware/auth","../middleware/auth | express"
"C:\Users\DIYA GOEL\Downloads\EBDESIGN\backend\src\routes\M121Routes.js","TOP_LEVEL_ROUTE","39","956","2","0","0","1","","","../middleware/auth","../middleware/auth | express"
"C:\Users\DIYA GOEL\Downloads\EBDESIGN\backend\src\routes\M122Routes.js","TOP_LEVEL_ROUTE","39","956","2","0","0","1","","","../middleware/auth","../middleware/auth | express"
"C:\Users\DIYA GOEL\Downloads\EBDESIGN\backend\src\routes\M123Routes.js","TOP_LEVEL_ROUTE","39","956","2","0","0","1","","","../middleware/auth","../middleware/auth | express"
"C:\Users\DIYA GOEL\Downloads\EBDESIGN\backend\src\routes\M124Routes.js","TOP_LEVEL_ROUTE","39","956","2","0","0","1","","","../middleware/auth","../middleware/auth | express"
"C:\Users\DIYA GOEL\Downloads\EBDESIGN\backend\src\routes\M125Routes.js","TOP_LEVEL_ROUTE","39","956","2","0","0","1","","","../middleware/auth","../middleware/auth | express"
"C:\Users\DIYA GOEL\Downloads\EBDESIGN\backend\src\routes\M126Routes.js","TOP_LEVEL_ROUTE","39","956","2","0","0","1","","","../middleware/auth","../middleware/auth | express"
"C:\Users\DIYA GOEL\Downloads\EBDESIGN\backend\src\routes\M127Routes.js","TOP_LEVEL_ROUTE","39","956","2","0","0","1","","","../middleware/auth","../middleware/auth | express"
"C:\Users\DIYA GOEL\Downloads\EBDESIGN\backend\src\routes\M128Routes.js","TOP_LEVEL_ROUTE","39","956","2","0","0","1","","","../middleware/auth","../middleware/auth | express"
"C:\Users\DIYA GOEL\Downloads\EBDESIGN\backend\src\routes\M129Routes.js","TOP_LEVEL_ROUTE","39","956","2","0","0","1","","","../middleware/auth","../middleware/auth | express"
"C:\Users\DIYA GOEL\Downloads\EBDESIGN\backend\src\routes\M130Routes.js","TOP_LEVEL_ROUTE","39","956","2","0","0","1","","","../middleware/auth","../middleware/auth | express"
"C:\Users\DIYA GOEL\Downloads\EBDESIGN\backend\src\routes\M131Routes.js","TOP_LEVEL_ROUTE","39","956","2","0","0","1","","","../middleware/auth","../middleware/auth | express"
"C:\Users\DIYA GOEL\Downloads\EBDESIGN\backend\src\routes\M132Routes.js","TOP_LEVEL_ROUTE","39","956","2","0","0","1","","","../middleware/auth","../middleware/auth | express"
"C:\Users\DIYA GOEL\Downloads\EBDESIGN\backend\src\routes\M133Routes.js","TOP_LEVEL_ROUTE","39","956","2","0","0","1","","","../middleware/auth","../middleware/auth | express"
"C:\Users\DIYA GOEL\Downloads\EBDESIGN\backend\src\routes\M134Routes.js","TOP_LEVEL_ROUTE","39","956","2","0","0","1","","","../middleware/auth","../middleware/auth | express"
"C:\Users\DIYA GOEL\Downloads\EBDESIGN\backend\src\routes\M135Routes.js","TOP_LEVEL_ROUTE","39","956","2","0","0","1","","","../middleware/auth","../middleware/auth | express"
"C:\Users\DIYA GOEL\Downloads\EBDESIGN\backend\src\routes\M136Routes.js","TOP_LEVEL_ROUTE","39","956","2","0","0","1","","","../middleware/auth","../middleware/auth | express"
"C:\Users\DIYA GOEL\Downloads\EBDESIGN\backend\src\routes\M137Routes.js","TOP_LEVEL_ROUTE","39","956","2","0","0","1","","","../middleware/auth","../middleware/auth | express"
"C:\Users\DIYA GOEL\Downloads\EBDESIGN\backend\src\routes\M138Routes.js","TOP_LEVEL_ROUTE","39","956","2","0","0","1","","","../middleware/auth","../middleware/auth | express"
"C:\Users\DIYA GOEL\Downloads\EBDESIGN\backend\src\routes\M139Routes.js","TOP_LEVEL_ROUTE","39","956","2","0","0","1","","","../middleware/auth","../middleware/auth | express"
"C:\Users\DIYA GOEL\Downloads\EBDESIGN\backend\src\routes\M140Routes.js","TOP_LEVEL_ROUTE","39","956","2","0","0","1","","","../middleware/auth","../middleware/auth | express"
"C:\Users\DIYA GOEL\Downloads\EBDESIGN\backend\src\routes\M141Routes.js","TOP_LEVEL_ROUTE","39","956","2","0","0","1","","","../middleware/auth","../middleware/auth | express"
"C:\Users\DIYA GOEL\Downloads\EBDESIGN\backend\src\routes\M142Routes.js","TOP_LEVEL_ROUTE","39","956","2","0","0","1","","","../middleware/auth","../middleware/auth | express"
"C:\Users\DIYA GOEL\Downloads\EBDESIGN\backend\src\routes\M143Routes.js","TOP_LEVEL_ROUTE","39","956","2","0","0","1","","","../middleware/auth","../middleware/auth | express"
"C:\Users\DIYA GOEL\Downloads\EBDESIGN\backend\src\routes\M144Routes.js","TOP_LEVEL_ROUTE","39","956","2","0","0","1","","","../middleware/auth","../middleware/auth | express"
"C:\Users\DIYA GOEL\Downloads\EBDESIGN\backend\src\routes\M145Routes.js","TOP_LEVEL_ROUTE","39","956","2","0","0","1","","","../middleware/auth","../middleware/auth | express"
"C:\Users\DIYA GOEL\Downloads\EBDESIGN\backend\src\routes\M146Routes.js","TOP_LEVEL_ROUTE","39","956","2","0","0","1","","","../middleware/auth","../middleware/auth | express"
"C:\Users\DIYA GOEL\Downloads\EBDESIGN\backend\src\routes\M147Routes.js","TOP_LEVEL_ROUTE","39","956","2","0","0","1","","","../middleware/auth","../middleware/auth | express"
"C:\Users\DIYA GOEL\Downloads\EBDESIGN\backend\src\routes\M148Routes.js","TOP_LEVEL_ROUTE","39","956","2","0","0","1","","","../middleware/auth","../middleware/auth | express"
"C:\Users\DIYA GOEL\Downloads\EBDESIGN\backend\src\routes\M149Routes.js","TOP_LEVEL_ROUTE","39","956","2","0","0","1","","","../middleware/auth","../middleware/auth | express"
"C:\Users\DIYA GOEL\Downloads\EBDESIGN\backend\src\routes\M150Routes.js","TOP_LEVEL_ROUTE","39","956","2","0","0","1","","","../middleware/auth","../middleware/auth | express"
"C:\Users\DIYA GOEL\Downloads\EBDESIGN\backend\src\routes\M151Routes.js","TOP_LEVEL_ROUTE","39","956","2","0","0","1","","","../middleware/auth","../middleware/auth | express"
"C:\Users\DIYA GOEL\Downloads\EBDESIGN\backend\src\routes\M152Routes.js","TOP_LEVEL_ROUTE","39","956","2","0","0","1","","","../middleware/auth","../middleware/auth | express"
"C:\Users\DIYA GOEL\Downloads\EBDESIGN\backend\src\routes\M153Routes.js","TOP_LEVEL_ROUTE","39","956","2","0","0","1","","","../middleware/auth","../middleware/auth | express"
"C:\Users\DIYA GOEL\Downloads\EBDESIGN\backend\src\routes\M154Routes.js","TOP_LEVEL_ROUTE","39","956","2","0","0","1","","","../middleware/auth","../middleware/auth | express"
"C:\Users\DIYA GOEL\Downloads\EBDESIGN\backend\src\routes\M155Routes.js","TOP_LEVEL_ROUTE","39","956","2","0","0","1","","","../middleware/auth","../middleware/auth | express"
"C:\Users\DIYA GOEL\Downloads\EBDESIGN\backend\src\routes\M156Routes.js","TOP_LEVEL_ROUTE","39","956","2","0","0","1","","","../middleware/auth","../middleware/auth | express"
"C:\Users\DIYA GOEL\Downloads\EBDESIGN\backend\src\routes\M157Routes.js","TOP_LEVEL_ROUTE","39","956","2","0","0","1","","","../middleware/auth","../middleware/auth | express"
"C:\Users\DIYA GOEL\Downloads\EBDESIGN\backend\src\routes\M158Routes.js","TOP_LEVEL_ROUTE","39","956","2","0","0","1","","","../middleware/auth","../middleware/auth | express"
"C:\Users\DIYA GOEL\Downloads\EBDESIGN\backend\src\routes\M159Routes.js","TOP_LEVEL_ROUTE","39","956","2","0","0","1","","","../middleware/auth","../middleware/auth | express"
"C:\Users\DIYA GOEL\Downloads\EBDESIGN\backend\src\routes\M160Routes.js","TOP_LEVEL_ROUTE","39","956","2","0","0","1","","","../middleware/auth","../middleware/auth | express"
"C:\Users\DIYA GOEL\Downloads\EBDESIGN\backend\src\routes\M161Routes.js","TOP_LEVEL_ROUTE","39","956","2","0","0","1","","","../middleware/auth","../middleware/auth | express"
"C:\Users\DIYA GOEL\Downloads\EBDESIGN\backend\src\routes\M162Routes.js","TOP_LEVEL_ROUTE","39","956","2","0","0","1","","","../middleware/auth","../middleware/auth | express"
"C:\Users\DIYA GOEL\Downloads\EBDESIGN\backend\src\routes\M163Routes.js","TOP_LEVEL_ROUTE","39","956","2","0","0","1","","","../middleware/auth","../middleware/auth | express"
"C:\Users\DIYA GOEL\Downloads\EBDESIGN\backend\src\routes\M164Routes.js","TOP_LEVEL_ROUTE","39","956","2","0","0","1","","","../middleware/auth","../middleware/auth | express"
"C:\Users\DIYA GOEL\Downloads\EBDESIGN\backend\src\routes\M165Routes.js","TOP_LEVEL_ROUTE","39","956","2","0","0","1","","","../middleware/auth","../middleware/auth | express"
"C:\Users\DIYA GOEL\Downloads\EBDESIGN\backend\src\routes\M166Routes.js","TOP_LEVEL_ROUTE","39","956","2","0","0","1","","","../middleware/auth","../middleware/auth | express"
"C:\Users\DIYA GOEL\Downloads\EBDESIGN\backend\src\routes\M167Routes.js","TOP_LEVEL_ROUTE","39","956","2","0","0","1","","","../middleware/auth","../middleware/auth | express"
"C:\Users\DIYA GOEL\Downloads\EBDESIGN\backend\src\routes\M168Routes.js","TOP_LEVEL_ROUTE","39","956","2","0","0","1","","","../middleware/auth","../middleware/auth | express"
"C:\Users\DIYA GOEL\Downloads\EBDESIGN\backend\src\routes\M169Routes.js","TOP_LEVEL_ROUTE","39","956","2","0","0","1","","","../middleware/auth","../middleware/auth | express"
"C:\Users\DIYA GOEL\Downloads\EBDESIGN\backend\src\routes\M170Routes.js","TOP_LEVEL_ROUTE","39","956","2","0","0","1","","","../middleware/auth","../middleware/auth | express"
"C:\Users\DIYA GOEL\Downloads\EBDESIGN\backend\src\routes\M171Routes.js","TOP_LEVEL_ROUTE","39","956","2","0","0","1","","","../middleware/auth","../middleware/auth | express"
"C:\Users\DIYA GOEL\Downloads\EBDESIGN\backend\src\routes\M172Routes.js","TOP_LEVEL_ROUTE","39","956","2","0","0","1","","","../middleware/auth","../middleware/auth | express"
"C:\Users\DIYA GOEL\Downloads\EBDESIGN\backend\src\routes\M173Routes.js","TOP_LEVEL_ROUTE","39","956","2","0","0","1","","","../middleware/auth","../middleware/auth | express"
"C:\Users\DIYA GOEL\Downloads\EBDESIGN\backend\src\routes\M174Routes.js","TOP_LEVEL_ROUTE","39","956","2","0","0","1","","","../middleware/auth","../middleware/auth | express"
"C:\Users\DIYA GOEL\Downloads\EBDESIGN\backend\src\routes\M175Routes.js","TOP_LEVEL_ROUTE","39","956","2","0","0","1","","","../middleware/auth","../middleware/auth | express"
"C:\Users\DIYA GOEL\Downloads\EBDESIGN\backend\src\routes\M176Routes.js","TOP_LEVEL_ROUTE","39","956","2","0","0","1","","","../middleware/auth","../middleware/auth | express"
"C:\Users\DIYA GOEL\Downloads\EBDESIGN\backend\src\routes\M177Routes.js","TOP_LEVEL_ROUTE","39","956","2","0","0","1","","","../middleware/auth","../middleware/auth | express"
"C:\Users\DIYA GOEL\Downloads\EBDESIGN\backend\src\routes\M178Routes.js","TOP_LEVEL_ROUTE","39","956","2","0","0","1","","","../middleware/auth","../middleware/auth | express"
"C:\Users\DIYA GOEL\Downloads\EBDESIGN\backend\src\routes\M179Routes.js","TOP_LEVEL_ROUTE","39","956","2","0","0","1","","","../middleware/auth","../middleware/auth | express"
"C:\Users\DIYA GOEL\Downloads\EBDESIGN\backend\src\routes\M180Routes.js","TOP_LEVEL_ROUTE","39","956","2","0","0","1","","","../middleware/auth","../middleware/auth | express"
"C:\Users\DIYA GOEL\Downloads\EBDESIGN\backend\src\routes\M181Routes.js","TOP_LEVEL_ROUTE","39","956","2","0","0","1","","","../middleware/auth","../middleware/auth | express"
"C:\Users\DIYA GOEL\Downloads\EBDESIGN\backend\src\routes\M182Routes.js","TOP_LEVEL_ROUTE","39","956","2","0","0","1","","","../middleware/auth","../middleware/auth | express"
"C:\Users\DIYA GOEL\Downloads\EBDESIGN\backend\src\routes\M183Routes.js","TOP_LEVEL_ROUTE","39","956","2","0","0","1","","","../middleware/auth","../middleware/auth | express"
"C:\Users\DIYA GOEL\Downloads\EBDESIGN\backend\src\routes\M184Routes.js","TOP_LEVEL_ROUTE","39","956","2","0","0","1","","","../middleware/auth","../middleware/auth | express"
"C:\Users\DIYA GOEL\Downloads\EBDESIGN\backend\src\routes\M185Routes.js","TOP_LEVEL_ROUTE","39","956","2","0","0","1","","","../middleware/auth","../middleware/auth | express"
"C:\Users\DIYA GOEL\Downloads\EBDESIGN\backend\src\routes\M186Routes.js","TOP_LEVEL_ROUTE","39","956","2","0","0","1","","","../middleware/auth","../middleware/auth | express"
"C:\Users\DIYA GOEL\Downloads\EBDESIGN\backend\src\routes\M187Routes.js","TOP_LEVEL_ROUTE","39","956","2","0","0","1","","","../middleware/auth","../middleware/auth | express"
"C:\Users\DIYA GOEL\Downloads\EBDESIGN\backend\src\routes\M188Routes.js","TOP_LEVEL_ROUTE","39","956","2","0","0","1","","","../middleware/auth","../middleware/auth | express"
"C:\Users\DIYA GOEL\Downloads\EBDESIGN\backend\src\routes\M189Routes.js","TOP_LEVEL_ROUTE","39","956","2","0","0","1","","","../middleware/auth","../middleware/auth | express"
"C:\Users\DIYA GOEL\Downloads\EBDESIGN\backend\src\routes\M190Routes.js","TOP_LEVEL_ROUTE","39","956","2","0","0","1","","","../middleware/auth","../middleware/auth | express"
"C:\Users\DIYA GOEL\Downloads\EBDESIGN\backend\src\routes\M191Routes.js","TOP_LEVEL_ROUTE","39","956","2","0","0","1","","","../middleware/auth","../middleware/auth | express"
"C:\Users\DIYA GOEL\Downloads\EBDESIGN\backend\src\routes\M192Routes.js","TOP_LEVEL_ROUTE","39","956","2","0","0","1","","","../middleware/auth","../middleware/auth | express"
"C:\Users\DIYA GOEL\Downloads\EBDESIGN\backend\src\routes\M193Routes.js","TOP_LEVEL_ROUTE","39","956","2","0","0","1","","","../middleware/auth","../middleware/auth | express"
"C:\Users\DIYA GOEL\Downloads\EBDESIGN\backend\src\routes\M194Routes.js","TOP_LEVEL_ROUTE","39","956","2","0","0","1","","","../middleware/auth","../middleware/auth | express"
"C:\Users\DIYA GOEL\Downloads\EBDESIGN\backend\src\routes\M195Routes.js","TOP_LEVEL_ROUTE","39","956","2","0","0","1","","","../middleware/auth","../middleware/auth | express"
"C:\Users\DIYA GOEL\Downloads\EBDESIGN\backend\src\routes\M196Routes.js","TOP_LEVEL_ROUTE","39","956","2","0","0","1","","","../middleware/auth","../middleware/auth | express"
"C:\Users\DIYA GOEL\Downloads\EBDESIGN\backend\src\routes\M197Routes.js","TOP_LEVEL_ROUTE","39","956","2","0","0","1","","","../middleware/auth","../middleware/auth | express"
"C:\Users\DIYA GOEL\Downloads\EBDESIGN\backend\src\routes\M198Routes.js","TOP_LEVEL_ROUTE","39","956","2","0","0","1","","","../middleware/auth","../middleware/auth | express"
"C:\Users\DIYA GOEL\Downloads\EBDESIGN\backend\src\routes\M199Routes.js","TOP_LEVEL_ROUTE","39","956","2","0","0","1","","","../middleware/auth","../middleware/auth | express"
"C:\Users\DIYA GOEL\Downloads\EBDESIGN\backend\src\routes\M200Routes.js","TOP_LEVEL_ROUTE","39","956","2","0","0","1","","","../middleware/auth","../middleware/auth | express"
"C:\Users\DIYA GOEL\Downloads\EBDESIGN\backend\src\routes\M201Routes.js","TOP_LEVEL_ROUTE","39","956","2","0","0","1","","","../middleware/auth","../middleware/auth | express"
"C:\Users\DIYA GOEL\Downloads\EBDESIGN\backend\src\routes\M202Routes.js","TOP_LEVEL_ROUTE","39","956","2","0","0","1","","","../middleware/auth","../middleware/auth | express"
"C:\Users\DIYA GOEL\Downloads\EBDESIGN\backend\src\routes\M203Routes.js","TOP_LEVEL_ROUTE","39","956","2","0","0","1","","","../middleware/auth","../middleware/auth | express"
"C:\Users\DIYA GOEL\Downloads\EBDESIGN\backend\src\routes\M204Routes.js","TOP_LEVEL_ROUTE","39","956","2","0","0","1","","","../middleware/auth","../middleware/auth | express"
"C:\Users\DIYA GOEL\Downloads\EBDESIGN\backend\src\routes\M205Routes.js","TOP_LEVEL_ROUTE","39","956","2","0","0","1","","","../middleware/auth","../middleware/auth | express"
"C:\Users\DIYA GOEL\Downloads\EBDESIGN\backend\src\routes\M206Routes.js","TOP_LEVEL_ROUTE","39","956","2","0","0","1","","","../middleware/auth","../middleware/auth | express"
"C:\Users\DIYA GOEL\Downloads\EBDESIGN\backend\src\routes\M207Routes.js","TOP_LEVEL_ROUTE","39","956","2","0","0","1","","","../middleware/auth","../middleware/auth | express"
"C:\Users\DIYA GOEL\Downloads\EBDESIGN\backend\src\routes\M208Routes.js","TOP_LEVEL_ROUTE","39","956","2","0","0","1","","","../middleware/auth","../middleware/auth | express"
"C:\Users\DIYA GOEL\Downloads\EBDESIGN\backend\src\routes\M209Routes.js","TOP_LEVEL_ROUTE","39","956","2","0","0","1","","","../middleware/auth","../middleware/auth | express"
"C:\Users\DIYA GOEL\Downloads\EBDESIGN\backend\src\routes\M210Routes.js","TOP_LEVEL_ROUTE","39","956","2","0","0","1","","","../middleware/auth","../middleware/auth | express"
"C:\Users\DIYA GOEL\Downloads\EBDESIGN\backend\src\routes\M211Routes.js","TOP_LEVEL_ROUTE","39","956","2","0","0","1","","","../middleware/auth","../middleware/auth | express"
"C:\Users\DIYA GOEL\Downloads\EBDESIGN\backend\src\routes\M212Routes.js","TOP_LEVEL_ROUTE","39","956","2","0","0","1","","","../middleware/auth","../middleware/auth | express"
"C:\Users\DIYA GOEL\Downloads\EBDESIGN\backend\src\routes\M213Routes.js","TOP_LEVEL_ROUTE","39","956","2","0","0","1","","","../middleware/auth","../middleware/auth | express"
"C:\Users\DIYA GOEL\Downloads\EBDESIGN\backend\src\routes\M214Routes.js","TOP_LEVEL_ROUTE","39","956","2","0","0","1","","","../middleware/auth","../middleware/auth | express"
"C:\Users\DIYA GOEL\Downloads\EBDESIGN\backend\src\routes\M215Routes.js","TOP_LEVEL_ROUTE","39","956","2","0","0","1","","","../middleware/auth","../middleware/auth | express"
"C:\Users\DIYA GOEL\Downloads\EBDESIGN\backend\src\routes\M216Routes.js","TOP_LEVEL_ROUTE","39","956","2","0","0","1","","","../middleware/auth","../middleware/auth | express"
"C:\Users\DIYA GOEL\Downloads\EBDESIGN\backend\src\routes\M217Routes.js","TOP_LEVEL_ROUTE","39","956","2","0","0","1","","","../middleware/auth","../middleware/auth | express"
"C:\Users\DIYA GOEL\Downloads\EBDESIGN\backend\src\routes\M218Routes.js","TOP_LEVEL_ROUTE","39","956","2","0","0","1","","","../middleware/auth","../middleware/auth | express"
"C:\Users\DIYA GOEL\Downloads\EBDESIGN\backend\src\routes\M219Routes.js","TOP_LEVEL_ROUTE","39","956","2","0","0","1","","","../middleware/auth","../middleware/auth | express"
"C:\Users\DIYA GOEL\Downloads\EBDESIGN\backend\src\routes\M220Routes.js","TOP_LEVEL_ROUTE","39","956","2","0","0","1","","","../middleware/auth","../middleware/auth | express"
"C:\Users\DIYA GOEL\Downloads\EBDESIGN\backend\src\routes\M221Routes.js","TOP_LEVEL_ROUTE","39","956","2","0","0","1","","","../middleware/auth","../middleware/auth | express"
"C:\Users\DIYA GOEL\Downloads\EBDESIGN\backend\src\routes\M222Routes.js","TOP_LEVEL_ROUTE","39","956","2","0","0","1","","","../middleware/auth","../middleware/auth | express"
"C:\Users\DIYA GOEL\Downloads\EBDESIGN\backend\src\routes\M223Routes.js","TOP_LEVEL_ROUTE","39","956","2","0","0","1","","","../middleware/auth","../middleware/auth | express"
"C:\Users\DIYA GOEL\Downloads\EBDESIGN\backend\src\routes\M224Routes.js","TOP_LEVEL_ROUTE","39","956","2","0","0","1","","","../middleware/auth","../middleware/auth | express"
"C:\Users\DIYA GOEL\Downloads\EBDESIGN\backend\src\routes\M225Routes.js","TOP_LEVEL_ROUTE","39","956","2","0","0","1","","","../middleware/auth","../middleware/auth | express"
"C:\Users\DIYA GOEL\Downloads\EBDESIGN\backend\src\routes\M226Routes.js","TOP_LEVEL_ROUTE","39","956","2","0","0","1","","","../middleware/auth","../middleware/auth | express"
"C:\Users\DIYA GOEL\Downloads\EBDESIGN\backend\src\routes\M227Routes.js","TOP_LEVEL_ROUTE","39","956","2","0","0","1","","","../middleware/auth","../middleware/auth | express"
"C:\Users\DIYA GOEL\Downloads\EBDESIGN\backend\src\routes\M228Routes.js","TOP_LEVEL_ROUTE","39","956","2","0","0","1","","","../middleware/auth","../middleware/auth | express"
"C:\Users\DIYA GOEL\Downloads\EBDESIGN\backend\src\routes\M229Routes.js","TOP_LEVEL_ROUTE","39","956","2","0","0","1","","","../middleware/auth","../middleware/auth | express"
"C:\Users\DIYA GOEL\Downloads\EBDESIGN\backend\src\routes\M230Routes.js","TOP_LEVEL_ROUTE","39","956","2","0","0","1","","","../middleware/auth","../middleware/auth | express"
"C:\Users\DIYA GOEL\Downloads\EBDESIGN\backend\src\routes\M231Routes.js","TOP_LEVEL_ROUTE","39","956","2","0","0","1","","","../middleware/auth","../middleware/auth | express"
"C:\Users\DIYA GOEL\Downloads\EBDESIGN\backend\src\routes\M232Routes.js","TOP_LEVEL_ROUTE","39","956","2","0","0","1","","","../middleware/auth","../middleware/auth | express"
"C:\Users\DIYA GOEL\Downloads\EBDESIGN\backend\src\routes\M233Routes.js","TOP_LEVEL_ROUTE","39","956","2","0","0","1","","","../middleware/auth","../middleware/auth | express"
"C:\Users\DIYA GOEL\Downloads\EBDESIGN\backend\src\routes\M234Routes.js","TOP_LEVEL_ROUTE","39","956","2","0","0","1","","","../middleware/auth","../middleware/auth | express"
"C:\Users\DIYA GOEL\Downloads\EBDESIGN\backend\src\routes\M235Routes.js","TOP_LEVEL_ROUTE","39","956","2","0","0","1","","","../middleware/auth","../middleware/auth | express"
"C:\Users\DIYA GOEL\Downloads\EBDESIGN\backend\src\routes\M236Routes.js","TOP_LEVEL_ROUTE","39","956","2","0","0","1","","","../middleware/auth","../middleware/auth | express"
"C:\Users\DIYA GOEL\Downloads\EBDESIGN\backend\src\routes\M237Routes.js","TOP_LEVEL_ROUTE","39","956","2","0","0","1","","","../middleware/auth","../middleware/auth | express"
"C:\Users\DIYA GOEL\Downloads\EBDESIGN\backend\src\routes\M238Routes.js","TOP_LEVEL_ROUTE","39","956","2","0","0","1","","","../middleware/auth","../middleware/auth | express"
"C:\Users\DIYA GOEL\Downloads\EBDESIGN\backend\src\routes\M239Routes.js","TOP_LEVEL_ROUTE","39","956","2","0","0","1","","","../middleware/auth","../middleware/auth | express"
"C:\Users\DIYA GOEL\Downloads\EBDESIGN\backend\src\routes\M240Routes.js","TOP_LEVEL_ROUTE","39","956","2","0","0","1","","","../middleware/auth","../middleware/auth | express"
"C:\Users\DIYA GOEL\Downloads\EBDESIGN\backend\src\routes\M241Routes.js","TOP_LEVEL_ROUTE","39","956","2","0","0","1","","","../middleware/auth","../middleware/auth | express"
"C:\Users\DIYA GOEL\Downloads\EBDESIGN\backend\src\routes\M242Routes.js","TOP_LEVEL_ROUTE","39","956","2","0","0","1","","","../middleware/auth","../middleware/auth | express"
"C:\Users\DIYA GOEL\Downloads\EBDESIGN\backend\src\routes\M243Routes.js","TOP_LEVEL_ROUTE","39","956","2","0","0","1","","","../middleware/auth","../middleware/auth | express"
"C:\Users\DIYA GOEL\Downloads\EBDESIGN\backend\src\routes\M244Routes.js","TOP_LEVEL_ROUTE","39","956","2","0","0","1","","","../middleware/auth","../middleware/auth | express"
"C:\Users\DIYA GOEL\Downloads\EBDESIGN\backend\src\routes\M245Routes.js","TOP_LEVEL_ROUTE","39","956","2","0","0","1","","","../middleware/auth","../middleware/auth | express"
"C:\Users\DIYA GOEL\Downloads\EBDESIGN\backend\src\routes\M246Routes.js","TOP_LEVEL_ROUTE","39","956","2","0","0","1","","","../middleware/auth","../middleware/auth | express"
"C:\Users\DIYA GOEL\Downloads\EBDESIGN\backend\src\routes\M247Routes.js","TOP_LEVEL_ROUTE","39","956","2","0","0","1","","","../middleware/auth","../middleware/auth | express"
"C:\Users\DIYA GOEL\Downloads\EBDESIGN\backend\src\routes\M248Routes.js","TOP_LEVEL_ROUTE","39","956","2","0","0","1","","","../middleware/auth","../middleware/auth | express"
"C:\Users\DIYA GOEL\Downloads\EBDESIGN\backend\src\routes\M249Routes.js","TOP_LEVEL_ROUTE","39","956","2","0","0","1","","","../middleware/auth","../middleware/auth | express"
"C:\Users\DIYA GOEL\Downloads\EBDESIGN\backend\src\routes\M250Routes.js","TOP_LEVEL_ROUTE","39","956","2","0","0","1","","","../middleware/auth","../middleware/auth | express"
"C:\Users\DIYA GOEL\Downloads\EBDESIGN\backend\src\routes\M251Routes.js","TOP_LEVEL_ROUTE","39","956","2","0","0","1","","","../middleware/auth","../middleware/auth | express"
"C:\Users\DIYA GOEL\Downloads\EBDESIGN\backend\src\routes\M252Routes.js","TOP_LEVEL_ROUTE","39","956","2","0","0","1","","","../middleware/auth","../middleware/auth | express"
"C:\Users\DIYA GOEL\Downloads\EBDESIGN\backend\src\routes\M253Routes.js","TOP_LEVEL_ROUTE","39","956","2","0","0","1","","","../middleware/auth","../middleware/auth | express"
"C:\Users\DIYA GOEL\Downloads\EBDESIGN\backend\src\routes\M254Routes.js","TOP_LEVEL_ROUTE","39","956","2","0","0","1","","","../middleware/auth","../middleware/auth | express"
"C:\Users\DIYA GOEL\Downloads\EBDESIGN\backend\src\routes\M255Routes.js","TOP_LEVEL_ROUTE","39","956","2","0","0","1","","","../middleware/auth","../middleware/auth | express"
"C:\Users\DIYA GOEL\Downloads\EBDESIGN\backend\src\routes\M256Routes.js","TOP_LEVEL_ROUTE","39","956","2","0","0","1","","","../middleware/auth","../middleware/auth | express"
"C:\Users\DIYA GOEL\Downloads\EBDESIGN\backend\src\routes\M257Routes.js","TOP_LEVEL_ROUTE","39","956","2","0","0","1","","","../middleware/auth","../middleware/auth | express"
"C:\Users\DIYA GOEL\Downloads\EBDESIGN\backend\src\routes\M258Routes.js","TOP_LEVEL_ROUTE","39","956","2","0","0","1","","","../middleware/auth","../middleware/auth | express"
"C:\Users\DIYA GOEL\Downloads\EBDESIGN\backend\src\routes\M259Routes.js","TOP_LEVEL_ROUTE","39","956","2","0","0","1","","","../middleware/auth","../middleware/auth | express"
"C:\Users\DIYA GOEL\Downloads\EBDESIGN\backend\src\routes\M260Routes.js","TOP_LEVEL_ROUTE","39","956","2","0","0","1","","","../middleware/auth","../middleware/auth | express"
"C:\Users\DIYA GOEL\Downloads\EBDESIGN\backend\src\routes\M261Routes.js","TOP_LEVEL_ROUTE","39","956","2","0","0","1","","","../middleware/auth","../middleware/auth | express"
"C:\Users\DIYA GOEL\Downloads\EBDESIGN\backend\src\routes\M262Routes.js","TOP_LEVEL_ROUTE","39","956","2","0","0","1","","","../middleware/auth","../middleware/auth | express"
"C:\Users\DIYA GOEL\Downloads\EBDESIGN\backend\src\routes\M263Routes.js","TOP_LEVEL_ROUTE","39","956","2","0","0","1","","","../middleware/auth","../middleware/auth | express"
"C:\Users\DIYA GOEL\Downloads\EBDESIGN\backend\src\routes\M264Routes.js","TOP_LEVEL_ROUTE","39","956","2","0","0","1","","","../middleware/auth","../middleware/auth | express"
"C:\Users\DIYA GOEL\Downloads\EBDESIGN\backend\src\routes\M265Routes.js","TOP_LEVEL_ROUTE","39","956","2","0","0","1","","","../middleware/auth","../middleware/auth | express"
"C:\Users\DIYA GOEL\Downloads\EBDESIGN\backend\src\routes\M266Routes.js","TOP_LEVEL_ROUTE","39","956","2","0","0","1","","","../middleware/auth","../middleware/auth | express"
"C:\Users\DIYA GOEL\Downloads\EBDESIGN\backend\src\routes\M267Routes.js","TOP_LEVEL_ROUTE","39","956","2","0","0","1","","","../middleware/auth","../middleware/auth | express"
"C:\Users\DIYA GOEL\Downloads\EBDESIGN\backend\src\routes\M268Routes.js","TOP_LEVEL_ROUTE","39","956","2","0","0","1","","","../middleware/auth","../middleware/auth | express"
"C:\Users\DIYA GOEL\Downloads\EBDESIGN\backend\src\routes\M269Routes.js","TOP_LEVEL_ROUTE","39","956","2","0","0","1","","","../middleware/auth","../middleware/auth | express"
"C:\Users\DIYA GOEL\Downloads\EBDESIGN\backend\src\routes\M270Routes.js","TOP_LEVEL_ROUTE","39","956","2","0","0","1","","","../middleware/auth","../middleware/auth | express"
"C:\Users\DIYA GOEL\Downloads\EBDESIGN\backend\src\routes\M271Routes.js","TOP_LEVEL_ROUTE","39","956","2","0","0","1","","","../middleware/auth","../middleware/auth | express"
"C:\Users\DIYA GOEL\Downloads\EBDESIGN\backend\src\routes\M272Routes.js","TOP_LEVEL_ROUTE","39","956","2","0","0","1","","","../middleware/auth","../middleware/auth | express"
"C:\Users\DIYA GOEL\Downloads\EBDESIGN\backend\src\routes\M273Routes.js","TOP_LEVEL_ROUTE","39","956","2","0","0","1","","","../middleware/auth","../middleware/auth | express"
"C:\Users\DIYA GOEL\Downloads\EBDESIGN\backend\src\routes\M274Routes.js","TOP_LEVEL_ROUTE","39","956","2","0","0","1","","","../middleware/auth","../middleware/auth | express"
"C:\Users\DIYA GOEL\Downloads\EBDESIGN\backend\src\routes\M275Routes.js","TOP_LEVEL_ROUTE","39","956","2","0","0","1","","","../middleware/auth","../middleware/auth | express"
"C:\Users\DIYA GOEL\Downloads\EBDESIGN\backend\src\routes\M276Routes.js","TOP_LEVEL_ROUTE","39","956","2","0","0","1","","","../middleware/auth","../middleware/auth | express"
"C:\Users\DIYA GOEL\Downloads\EBDESIGN\backend\src\routes\M277Routes.js","TOP_LEVEL_ROUTE","39","956","2","0","0","1","","","../middleware/auth","../middleware/auth | express"
"C:\Users\DIYA GOEL\Downloads\EBDESIGN\backend\src\routes\M278Routes.js","TOP_LEVEL_ROUTE","39","956","2","0","0","1","","","../middleware/auth","../middleware/auth | express"
"C:\Users\DIYA GOEL\Downloads\EBDESIGN\backend\src\routes\M279Routes.js","TOP_LEVEL_ROUTE","39","956","2","0","0","1","","","../middleware/auth","../middleware/auth | express"
"C:\Users\DIYA GOEL\Downloads\EBDESIGN\backend\src\routes\M280Routes.js","TOP_LEVEL_ROUTE","39","956","2","0","0","1","","","../middleware/auth","../middleware/auth | express"
"C:\Users\DIYA GOEL\Downloads\EBDESIGN\backend\src\routes\M281Routes.js","TOP_LEVEL_ROUTE","39","956","2","0","0","1","","","../middleware/auth","../middleware/auth | express"
"C:\Users\DIYA GOEL\Downloads\EBDESIGN\backend\src\routes\M282Routes.js","TOP_LEVEL_ROUTE","39","956","2","0","0","1","","","../middleware/auth","../middleware/auth | express"
"C:\Users\DIYA GOEL\Downloads\EBDESIGN\backend\src\routes\M283Routes.js","TOP_LEVEL_ROUTE","39","956","2","0","0","1","","","../middleware/auth","../middleware/auth | express"
"C:\Users\DIYA GOEL\Downloads\EBDESIGN\backend\src\routes\M284Routes.js","TOP_LEVEL_ROUTE","39","956","2","0","0","1","","","../middleware/auth","../middleware/auth | express"
"C:\Users\DIYA GOEL\Downloads\EBDESIGN\backend\src\routes\M285Routes.js","TOP_LEVEL_ROUTE","39","956","2","0","0","1","","","../middleware/auth","../middleware/auth | express"
"C:\Users\DIYA GOEL\Downloads\EBDESIGN\backend\src\routes\M286Routes.js","TOP_LEVEL_ROUTE","39","956","2","0","0","1","","","../middleware/auth","../middleware/auth | express"
"C:\Users\DIYA GOEL\Downloads\EBDESIGN\backend\src\routes\M287Routes.js","TOP_LEVEL_ROUTE","39","956","2","0","0","1","","","../middleware/auth","../middleware/auth | express"
"C:\Users\DIYA GOEL\Downloads\EBDESIGN\backend\src\routes\M288Routes.js","TOP_LEVEL_ROUTE","39","956","2","0","0","1","","","../middleware/auth","../middleware/auth | express"
"C:\Users\DIYA GOEL\Downloads\EBDESIGN\backend\src\routes\M289Routes.js","TOP_LEVEL_ROUTE","39","956","2","0","0","1","","","../middleware/auth","../middleware/auth | express"
"C:\Users\DIYA GOEL\Downloads\EBDESIGN\backend\src\routes\M290Routes.js","TOP_LEVEL_ROUTE","39","956","2","0","0","1","","","../middleware/auth","../middleware/auth | express"
"C:\Users\DIYA GOEL\Downloads\EBDESIGN\backend\src\routes\M291Routes.js","TOP_LEVEL_ROUTE","39","956","2","0","0","1","","","../middleware/auth","../middleware/auth | express"
"C:\Users\DIYA GOEL\Downloads\EBDESIGN\backend\src\routes\M292Routes.js","TOP_LEVEL_ROUTE","39","956","2","0","0","1","","","../middleware/auth","../middleware/auth | express"
"C:\Users\DIYA GOEL\Downloads\EBDESIGN\backend\src\routes\M293Routes.js","TOP_LEVEL_ROUTE","39","956","2","0","0","1","","","../middleware/auth","../middleware/auth | express"
"C:\Users\DIYA GOEL\Downloads\EBDESIGN\backend\src\routes\M294Routes.js","TOP_LEVEL_ROUTE","39","956","2","0","0","1","","","../middleware/auth","../middleware/auth | express"
"C:\Users\DIYA GOEL\Downloads\EBDESIGN\backend\src\routes\M295Routes.js","TOP_LEVEL_ROUTE","39","956","2","0","0","1","","","../middleware/auth","../middleware/auth | express"
"C:\Users\DIYA GOEL\Downloads\EBDESIGN\backend\src\routes\M296Routes.js","TOP_LEVEL_ROUTE","39","956","2","0","0","1","","","../middleware/auth","../middleware/auth | express"
"C:\Users\DIYA GOEL\Downloads\EBDESIGN\backend\src\routes\M297Routes.js","TOP_LEVEL_ROUTE","39","956","2","0","0","1","","","../middleware/auth","../middleware/auth | express"
"C:\Users\DIYA GOEL\Downloads\EBDESIGN\backend\src\routes\M298Routes.js","TOP_LEVEL_ROUTE","39","956","2","0","0","1","","","../middleware/auth","../middleware/auth | express"
"C:\Users\DIYA GOEL\Downloads\EBDESIGN\backend\src\routes\M299Routes.js","TOP_LEVEL_ROUTE","39","956","2","0","0","1","","","../middleware/auth","../middleware/auth | express"
"C:\Users\DIYA GOEL\Downloads\EBDESIGN\backend\src\routes\M300Routes.js","TOP_LEVEL_ROUTE","39","956","2","0","0","1","","","../middleware/auth","../middleware/auth | express"
"C:\Users\DIYA GOEL\Downloads\EBDESIGN\backend\src\routes\M301Routes.js","TOP_LEVEL_ROUTE","39","956","2","0","0","1","","","../middleware/auth","../middleware/auth | express"
"C:\Users\DIYA GOEL\Downloads\EBDESIGN\backend\src\routes\M302Routes.js","TOP_LEVEL_ROUTE","39","956","2","0","0","1","","","../middleware/auth","../middleware/auth | express"
"C:\Users\DIYA GOEL\Downloads\EBDESIGN\backend\src\routes\M303Routes.js","TOP_LEVEL_ROUTE","39","956","2","0","0","1","","","../middleware/auth","../middleware/auth | express"
"C:\Users\DIYA GOEL\Downloads\EBDESIGN\backend\src\routes\M304Routes.js","TOP_LEVEL_ROUTE","39","956","2","0","0","1","","","../middleware/auth","../middleware/auth | express"
"C:\Users\DIYA GOEL\Downloads\EBDESIGN\backend\src\routes\M305Routes.js","TOP_LEVEL_ROUTE","39","956","2","0","0","1","","","../middleware/auth","../middleware/auth | express"
"C:\Users\DIYA GOEL\Downloads\EBDESIGN\backend\src\routes\M306Routes.js","TOP_LEVEL_ROUTE","39","956","2","0","0","1","","","../middleware/auth","../middleware/auth | express"
"C:\Users\DIYA GOEL\Downloads\EBDESIGN\backend\src\routes\M307Routes.js","TOP_LEVEL_ROUTE","39","956","2","0","0","1","","","../middleware/auth","../middleware/auth | express"
"C:\Users\DIYA GOEL\Downloads\EBDESIGN\backend\src\routes\M308Routes.js","TOP_LEVEL_ROUTE","39","956","2","0","0","1","","","../middleware/auth","../middleware/auth | express"
"C:\Users\DIYA GOEL\Downloads\EBDESIGN\backend\src\routes\M309Routes.js","TOP_LEVEL_ROUTE","39","956","2","0","0","1","","","../middleware/auth","../middleware/auth | express"
"C:\Users\DIYA GOEL\Downloads\EBDESIGN\backend\src\routes\M310Routes.js","TOP_LEVEL_ROUTE","39","956","2","0","0","1","","","../middleware/auth","../middleware/auth | express"
"C:\Users\DIYA GOEL\Downloads\EBDESIGN\backend\src\routes\M311Routes.js","TOP_LEVEL_ROUTE","39","956","2","0","0","1","","","../middleware/auth","../middleware/auth | express"
"C:\Users\DIYA GOEL\Downloads\EBDESIGN\backend\src\routes\M312Routes.js","TOP_LEVEL_ROUTE","39","956","2","0","0","1","","","../middleware/auth","../middleware/auth | express"
"C:\Users\DIYA GOEL\Downloads\EBDESIGN\backend\src\routes\M313Routes.js","TOP_LEVEL_ROUTE","39","956","2","0","0","1","","","../middleware/auth","../middleware/auth | express"
"C:\Users\DIYA GOEL\Downloads\EBDESIGN\backend\src\routes\M314Routes.js","TOP_LEVEL_ROUTE","39","956","2","0","0","1","","","../middleware/auth","../middleware/auth | express"
"C:\Users\DIYA GOEL\Downloads\EBDESIGN\backend\src\routes\M315Routes.js","TOP_LEVEL_ROUTE","39","956","2","0","0","1","","","../middleware/auth","../middleware/auth | express"
"C:\Users\DIYA GOEL\Downloads\EBDESIGN\backend\src\routes\M316Routes.js","TOP_LEVEL_ROUTE","39","956","2","0","0","1","","","../middleware/auth","../middleware/auth | express"
"C:\Users\DIYA GOEL\Downloads\EBDESIGN\backend\src\routes\M317Routes.js","TOP_LEVEL_ROUTE","39","956","2","0","0","1","","","../middleware/auth","../middleware/auth | express"
"C:\Users\DIYA GOEL\Downloads\EBDESIGN\backend\src\routes\M318Routes.js","TOP_LEVEL_ROUTE","39","956","2","0","0","1","","","../middleware/auth","../middleware/auth | express"
"C:\Users\DIYA GOEL\Downloads\EBDESIGN\backend\src\routes\M319Routes.js","TOP_LEVEL_ROUTE","39","956","2","0","0","1","","","../middleware/auth","../middleware/auth | express"
"C:\Users\DIYA GOEL\Downloads\EBDESIGN\backend\src\routes\M31Routes.js","TOP_LEVEL_ROUTE","39","949","2","0","0","1","","","../middleware/auth","../middleware/auth | express"
"C:\Users\DIYA GOEL\Downloads\EBDESIGN\backend\src\routes\M320Routes.js","TOP_LEVEL_ROUTE","39","956","2","0","0","1","","","../middleware/auth","../middleware/auth | express"
"C:\Users\DIYA GOEL\Downloads\EBDESIGN\backend\src\routes\M321Routes.js","TOP_LEVEL_ROUTE","39","956","2","0","0","1","","","../middleware/auth","../middleware/auth | express"
"C:\Users\DIYA GOEL\Downloads\EBDESIGN\backend\src\routes\M322Routes.js","TOP_LEVEL_ROUTE","39","956","2","0","0","1","","","../middleware/auth","../middleware/auth | express"
"C:\Users\DIYA GOEL\Downloads\EBDESIGN\backend\src\routes\M323Routes.js","TOP_LEVEL_ROUTE","39","956","2","0","0","1","","","../middleware/auth","../middleware/auth | express"
"C:\Users\DIYA GOEL\Downloads\EBDESIGN\backend\src\routes\M324Routes.js","TOP_LEVEL_ROUTE","39","956","2","0","0","1","","","../middleware/auth","../middleware/auth | express"
"C:\Users\DIYA GOEL\Downloads\EBDESIGN\backend\src\routes\M325Routes.js","TOP_LEVEL_ROUTE","39","956","2","0","0","1","","","../middleware/auth","../middleware/auth | express"
"C:\Users\DIYA GOEL\Downloads\EBDESIGN\backend\src\routes\M326Routes.js","TOP_LEVEL_ROUTE","39","956","2","0","0","1","","","../middleware/auth","../middleware/auth | express"
"C:\Users\DIYA GOEL\Downloads\EBDESIGN\backend\src\routes\M327Routes.js","TOP_LEVEL_ROUTE","39","956","2","0","0","1","","","../middleware/auth","../middleware/auth | express"
"C:\Users\DIYA GOEL\Downloads\EBDESIGN\backend\src\routes\M328Routes.js","TOP_LEVEL_ROUTE","39","956","2","0","0","1","","","../middleware/auth","../middleware/auth | express"
"C:\Users\DIYA GOEL\Downloads\EBDESIGN\backend\src\routes\M329Routes.js","TOP_LEVEL_ROUTE","39","956","2","0","0","1","","","../middleware/auth","../middleware/auth | express"
"C:\Users\DIYA GOEL\Downloads\EBDESIGN\backend\src\routes\M32Routes.js","TOP_LEVEL_ROUTE","39","949","2","0","0","1","","","../middleware/auth","../middleware/auth | express"
"C:\Users\DIYA GOEL\Downloads\EBDESIGN\backend\src\routes\M330Routes.js","TOP_LEVEL_ROUTE","39","956","2","0","0","1","","","../middleware/auth","../middleware/auth | express"
"C:\Users\DIYA GOEL\Downloads\EBDESIGN\backend\src\routes\M331Routes.js","TOP_LEVEL_ROUTE","39","956","2","0","0","1","","","../middleware/auth","../middleware/auth | express"
"C:\Users\DIYA GOEL\Downloads\EBDESIGN\backend\src\routes\M332Routes.js","TOP_LEVEL_ROUTE","39","956","2","0","0","1","","","../middleware/auth","../middleware/auth | express"
"C:\Users\DIYA GOEL\Downloads\EBDESIGN\backend\src\routes\M333Routes.js","TOP_LEVEL_ROUTE","39","956","2","0","0","1","","","../middleware/auth","../middleware/auth | express"
"C:\Users\DIYA GOEL\Downloads\EBDESIGN\backend\src\routes\M334Routes.js","TOP_LEVEL_ROUTE","39","956","2","0","0","1","","","../middleware/auth","../middleware/auth | express"
"C:\Users\DIYA GOEL\Downloads\EBDESIGN\backend\src\routes\M335Routes.js","TOP_LEVEL_ROUTE","39","956","2","0","0","1","","","../middleware/auth","../middleware/auth | express"
"C:\Users\DIYA GOEL\Downloads\EBDESIGN\backend\src\routes\M336Routes.js","TOP_LEVEL_ROUTE","39","956","2","0","0","1","","","../middleware/auth","../middleware/auth | express"
"C:\Users\DIYA GOEL\Downloads\EBDESIGN\backend\src\routes\M337Routes.js","TOP_LEVEL_ROUTE","39","956","2","0","0","1","","","../middleware/auth","../middleware/auth | express"
"C:\Users\DIYA GOEL\Downloads\EBDESIGN\backend\src\routes\M338Routes.js","TOP_LEVEL_ROUTE","39","956","2","0","0","1","","","../middleware/auth","../middleware/auth | express"
"C:\Users\DIYA GOEL\Downloads\EBDESIGN\backend\src\routes\M339Routes.js","TOP_LEVEL_ROUTE","39","956","2","0","0","1","","","../middleware/auth","../middleware/auth | express"
"C:\Users\DIYA GOEL\Downloads\EBDESIGN\backend\src\routes\M33Routes.js","TOP_LEVEL_ROUTE","39","949","2","0","0","1","","","../middleware/auth","../middleware/auth | express"
"C:\Users\DIYA GOEL\Downloads\EBDESIGN\backend\src\routes\M340Routes.js","TOP_LEVEL_ROUTE","39","956","2","0","0","1","","","../middleware/auth","../middleware/auth | express"
"C:\Users\DIYA GOEL\Downloads\EBDESIGN\backend\src\routes\M341Routes.js","TOP_LEVEL_ROUTE","39","956","2","0","0","1","","","../middleware/auth","../middleware/auth | express"
"C:\Users\DIYA GOEL\Downloads\EBDESIGN\backend\src\routes\M342Routes.js","TOP_LEVEL_ROUTE","39","956","2","0","0","1","","","../middleware/auth","../middleware/auth | express"
"C:\Users\DIYA GOEL\Downloads\EBDESIGN\backend\src\routes\M343Routes.js","TOP_LEVEL_ROUTE","39","956","2","0","0","1","","","../middleware/auth","../middleware/auth | express"
"C:\Users\DIYA GOEL\Downloads\EBDESIGN\backend\src\routes\M344Routes.js","TOP_LEVEL_ROUTE","39","956","2","0","0","1","","","../middleware/auth","../middleware/auth | express"
"C:\Users\DIYA GOEL\Downloads\EBDESIGN\backend\src\routes\M34Routes.js","TOP_LEVEL_ROUTE","39","949","2","0","0","1","","","../middleware/auth","../middleware/auth | express"
"C:\Users\DIYA GOEL\Downloads\EBDESIGN\backend\src\routes\M35Routes.js","TOP_LEVEL_ROUTE","39","949","2","0","0","1","","","../middleware/auth","../middleware/auth | express"
"C:\Users\DIYA GOEL\Downloads\EBDESIGN\backend\src\routes\M36Routes.js","TOP_LEVEL_ROUTE","39","949","2","0","0","1","","","../middleware/auth","../middleware/auth | express"
"C:\Users\DIYA GOEL\Downloads\EBDESIGN\backend\src\routes\M37Routes.js","TOP_LEVEL_ROUTE","39","949","2","0","0","1","","","../middleware/auth","../middleware/auth | express"
"C:\Users\DIYA GOEL\Downloads\EBDESIGN\backend\src\routes\M38Routes.js","TOP_LEVEL_ROUTE","39","949","2","0","0","1","","","../middleware/auth","../middleware/auth | express"
"C:\Users\DIYA GOEL\Downloads\EBDESIGN\backend\src\routes\M39Routes.js","TOP_LEVEL_ROUTE","39","949","2","0","0","1","","","../middleware/auth","../middleware/auth | express"
"C:\Users\DIYA GOEL\Downloads\EBDESIGN\backend\src\routes\M40Routes.js","TOP_LEVEL_ROUTE","39","949","2","0","0","1","","","../middleware/auth","../middleware/auth | express"
"C:\Users\DIYA GOEL\Downloads\EBDESIGN\backend\src\routes\M41Routes.js","TOP_LEVEL_ROUTE","39","949","2","0","0","1","","","../middleware/auth","../middleware/auth | express"
"C:\Users\DIYA GOEL\Downloads\EBDESIGN\backend\src\routes\M42Routes.js","TOP_LEVEL_ROUTE","39","949","2","0","0","1","","","../middleware/auth","../middleware/auth | express"
"C:\Users\DIYA GOEL\Downloads\EBDESIGN\backend\src\routes\M43Routes.js","TOP_LEVEL_ROUTE","39","949","2","0","0","1","","","../middleware/auth","../middleware/auth | express"
"C:\Users\DIYA GOEL\Downloads\EBDESIGN\backend\src\routes\M44Routes.js","TOP_LEVEL_ROUTE","39","949","2","0","0","1","","","../middleware/auth","../middleware/auth | express"
"C:\Users\DIYA GOEL\Downloads\EBDESIGN\backend\src\routes\M45Routes.js","TOP_LEVEL_ROUTE","39","949","2","0","0","1","","","../middleware/auth","../middleware/auth | express"
"C:\Users\DIYA GOEL\Downloads\EBDESIGN\backend\src\routes\M46Routes.js","TOP_LEVEL_ROUTE","39","949","2","0","0","1","","","../middleware/auth","../middleware/auth | express"
"C:\Users\DIYA GOEL\Downloads\EBDESIGN\backend\src\routes\M47Routes.js","TOP_LEVEL_ROUTE","39","949","2","0","0","1","","","../middleware/auth","../middleware/auth | express"
"C:\Users\DIYA GOEL\Downloads\EBDESIGN\backend\src\routes\M48Routes.js","TOP_LEVEL_ROUTE","39","949","2","0","0","1","","","../middleware/auth","../middleware/auth | express"
"C:\Users\DIYA GOEL\Downloads\EBDESIGN\backend\src\routes\M49Routes.js","TOP_LEVEL_ROUTE","39","949","2","0","0","1","","","../middleware/auth","../middleware/auth | express"
"C:\Users\DIYA GOEL\Downloads\EBDESIGN\backend\src\routes\M50Routes.js","TOP_LEVEL_ROUTE","39","949","2","0","0","1","","","../middleware/auth","../middleware/auth | express"
"C:\Users\DIYA GOEL\Downloads\EBDESIGN\backend\src\routes\M51Routes.js","TOP_LEVEL_ROUTE","39","949","2","0","0","1","","","../middleware/auth","../middleware/auth | express"
"C:\Users\DIYA GOEL\Downloads\EBDESIGN\backend\src\routes\M52Routes.js","TOP_LEVEL_ROUTE","39","949","2","0","0","1","","","../middleware/auth","../middleware/auth | express"
"C:\Users\DIYA GOEL\Downloads\EBDESIGN\backend\src\routes\M53Routes.js","TOP_LEVEL_ROUTE","39","949","2","0","0","1","","","../middleware/auth","../middleware/auth | express"
"C:\Users\DIYA GOEL\Downloads\EBDESIGN\backend\src\routes\M54Routes.js","TOP_LEVEL_ROUTE","39","949","2","0","0","1","","","../middleware/auth","../middleware/auth | express"
"C:\Users\DIYA GOEL\Downloads\EBDESIGN\backend\src\routes\M55Routes.js","TOP_LEVEL_ROUTE","39","949","2","0","0","1","","","../middleware/auth","../middleware/auth | express"
"C:\Users\DIYA GOEL\Downloads\EBDESIGN\backend\src\routes\M56Routes.js","TOP_LEVEL_ROUTE","39","949","2","0","0","1","","","../middleware/auth","../middleware/auth | express"
"C:\Users\DIYA GOEL\Downloads\EBDESIGN\backend\src\routes\M57Routes.js","TOP_LEVEL_ROUTE","39","949","2","0","0","1","","","../middleware/auth","../middleware/auth | express"
"C:\Users\DIYA GOEL\Downloads\EBDESIGN\backend\src\routes\M58Routes.js","TOP_LEVEL_ROUTE","39","949","2","0","0","1","","","../middleware/auth","../middleware/auth | express"
"C:\Users\DIYA GOEL\Downloads\EBDESIGN\backend\src\routes\M59Routes.js","TOP_LEVEL_ROUTE","39","949","2","0","0","1","","","../middleware/auth","../middleware/auth | express"
"C:\Users\DIYA GOEL\Downloads\EBDESIGN\backend\src\routes\M60Routes.js","TOP_LEVEL_ROUTE","39","949","2","0","0","1","","","../middleware/auth","../middleware/auth | express"
"C:\Users\DIYA GOEL\Downloads\EBDESIGN\backend\src\routes\M61Routes.js","TOP_LEVEL_ROUTE","39","949","2","0","0","1","","","../middleware/auth","../middleware/auth | express"
"C:\Users\DIYA GOEL\Downloads\EBDESIGN\backend\src\routes\M62Routes.js","TOP_LEVEL_ROUTE","39","949","2","0","0","1","","","../middleware/auth","../middleware/auth | express"
"C:\Users\DIYA GOEL\Downloads\EBDESIGN\backend\src\routes\M63Routes.js","TOP_LEVEL_ROUTE","39","949","2","0","0","1","","","../middleware/auth","../middleware/auth | express"
"C:\Users\DIYA GOEL\Downloads\EBDESIGN\backend\src\routes\M64Routes.js","TOP_LEVEL_ROUTE","39","949","2","0","0","1","","","../middleware/auth","../middleware/auth | express"
"C:\Users\DIYA GOEL\Downloads\EBDESIGN\backend\src\routes\M65Routes.js","TOP_LEVEL_ROUTE","39","949","2","0","0","1","","","../middleware/auth","../middleware/auth | express"
"C:\Users\DIYA GOEL\Downloads\EBDESIGN\backend\src\routes\M66Routes.js","TOP_LEVEL_ROUTE","39","949","2","0","0","1","","","../middleware/auth","../middleware/auth | express"
"C:\Users\DIYA GOEL\Downloads\EBDESIGN\backend\src\routes\M67Routes.js","TOP_LEVEL_ROUTE","39","949","2","0","0","1","","","../middleware/auth","../middleware/auth | express"
"C:\Users\DIYA GOEL\Downloads\EBDESIGN\backend\src\routes\M68Routes.js","TOP_LEVEL_ROUTE","39","949","2","0","0","1","","","../middleware/auth","../middleware/auth | express"
"C:\Users\DIYA GOEL\Downloads\EBDESIGN\backend\src\routes\M69Routes.js","TOP_LEVEL_ROUTE","39","949","2","0","0","1","","","../middleware/auth","../middleware/auth | express"
"C:\Users\DIYA GOEL\Downloads\EBDESIGN\backend\src\routes\M70Routes.js","TOP_LEVEL_ROUTE","39","949","2","0","0","1","","","../middleware/auth","../middleware/auth | express"
"C:\Users\DIYA GOEL\Downloads\EBDESIGN\backend\src\routes\M71Routes.js","TOP_LEVEL_ROUTE","39","949","2","0","0","1","","","../middleware/auth","../middleware/auth | express"
"C:\Users\DIYA GOEL\Downloads\EBDESIGN\backend\src\routes\M72Routes.js","TOP_LEVEL_ROUTE","39","949","2","0","0","1","","","../middleware/auth","../middleware/auth | express"
"C:\Users\DIYA GOEL\Downloads\EBDESIGN\backend\src\routes\M73Routes.js","TOP_LEVEL_ROUTE","39","949","2","0","0","1","","","../middleware/auth","../middleware/auth | express"
"C:\Users\DIYA GOEL\Downloads\EBDESIGN\backend\src\routes\M74Routes.js","TOP_LEVEL_ROUTE","39","949","2","0","0","1","","","../middleware/auth","../middleware/auth | express"
"C:\Users\DIYA GOEL\Downloads\EBDESIGN\backend\src\routes\M75Routes.js","TOP_LEVEL_ROUTE","39","949","2","0","0","1","","","../middleware/auth","../middleware/auth | express"
"C:\Users\DIYA GOEL\Downloads\EBDESIGN\backend\src\routes\M76Routes.js","TOP_LEVEL_ROUTE","39","949","2","0","0","1","","","../middleware/auth","../middleware/auth | express"
"C:\Users\DIYA GOEL\Downloads\EBDESIGN\backend\src\routes\M77Routes.js","TOP_LEVEL_ROUTE","39","949","2","0","0","1","","","../middleware/auth","../middleware/auth | express"
"C:\Users\DIYA GOEL\Downloads\EBDESIGN\backend\src\routes\M78Routes.js","TOP_LEVEL_ROUTE","39","949","2","0","0","1","","","../middleware/auth","../middleware/auth | express"
"C:\Users\DIYA GOEL\Downloads\EBDESIGN\backend\src\routes\M79Routes.js","TOP_LEVEL_ROUTE","39","949","2","0","0","1","","","../middleware/auth","../middleware/auth | express"
"C:\Users\DIYA GOEL\Downloads\EBDESIGN\backend\src\routes\M80Routes.js","TOP_LEVEL_ROUTE","39","949","2","0","0","1","","","../middleware/auth","../middleware/auth | express"
"C:\Users\DIYA GOEL\Downloads\EBDESIGN\backend\src\routes\M81Routes.js","TOP_LEVEL_ROUTE","39","949","2","0","0","1","","","../middleware/auth","../middleware/auth | express"
"C:\Users\DIYA GOEL\Downloads\EBDESIGN\backend\src\routes\M82Routes.js","TOP_LEVEL_ROUTE","39","949","2","0","0","1","","","../middleware/auth","../middleware/auth | express"
"C:\Users\DIYA GOEL\Downloads\EBDESIGN\backend\src\routes\M83Routes.js","TOP_LEVEL_ROUTE","39","949","2","0","0","1","","","../middleware/auth","../middleware/auth | express"
"C:\Users\DIYA GOEL\Downloads\EBDESIGN\backend\src\routes\M84Routes.js","TOP_LEVEL_ROUTE","39","949","2","0","0","1","","","../middleware/auth","../middleware/auth | express"
"C:\Users\DIYA GOEL\Downloads\EBDESIGN\backend\src\routes\M85Routes.js","TOP_LEVEL_ROUTE","39","949","2","0","0","1","","","../middleware/auth","../middleware/auth | express"
"C:\Users\DIYA GOEL\Downloads\EBDESIGN\backend\src\routes\M86Routes.js","TOP_LEVEL_ROUTE","39","949","2","0","0","1","","","../middleware/auth","../middleware/auth | express"
"C:\Users\DIYA GOEL\Downloads\EBDESIGN\backend\src\routes\M87Routes.js","TOP_LEVEL_ROUTE","39","949","2","0","0","1","","","../middleware/auth","../middleware/auth | express"
"C:\Users\DIYA GOEL\Downloads\EBDESIGN\backend\src\routes\M88Routes.js","TOP_LEVEL_ROUTE","39","949","2","0","0","1","","","../middleware/auth","../middleware/auth | express"
"C:\Users\DIYA GOEL\Downloads\EBDESIGN\backend\src\routes\M89Routes.js","TOP_LEVEL_ROUTE","39","949","2","0","0","1","","","../middleware/auth","../middleware/auth | express"
"C:\Users\DIYA GOEL\Downloads\EBDESIGN\backend\src\routes\M90Routes.js","TOP_LEVEL_ROUTE","39","949","2","0","0","1","","","../middleware/auth","../middleware/auth | express"
"C:\Users\DIYA GOEL\Downloads\EBDESIGN\backend\src\routes\M91Routes.js","TOP_LEVEL_ROUTE","39","949","2","0","0","1","","","../middleware/auth","../middleware/auth | express"
"C:\Users\DIYA GOEL\Downloads\EBDESIGN\backend\src\routes\M92Routes.js","TOP_LEVEL_ROUTE","39","949","2","0","0","1","","","../middleware/auth","../middleware/auth | express"
"C:\Users\DIYA GOEL\Downloads\EBDESIGN\backend\src\routes\M93Routes.js","TOP_LEVEL_ROUTE","39","949","2","0","0","1","","","../middleware/auth","../middleware/auth | express"
"C:\Users\DIYA GOEL\Downloads\EBDESIGN\backend\src\routes\M94Routes.js","TOP_LEVEL_ROUTE","39","949","2","0","0","1","","","../middleware/auth","../middleware/auth | express"
"C:\Users\DIYA GOEL\Downloads\EBDESIGN\backend\src\routes\M95Routes.js","TOP_LEVEL_ROUTE","39","949","2","0","0","1","","","../middleware/auth","../middleware/auth | express"
"C:\Users\DIYA GOEL\Downloads\EBDESIGN\backend\src\routes\M96Routes.js","TOP_LEVEL_ROUTE","39","949","2","0","0","1","","","../middleware/auth","../middleware/auth | express"
"C:\Users\DIYA GOEL\Downloads\EBDESIGN\backend\src\routes\M97Routes.js","TOP_LEVEL_ROUTE","39","949","2","0","0","1","","","../middleware/auth","../middleware/auth | express"
"C:\Users\DIYA GOEL\Downloads\EBDESIGN\backend\src\routes\M98Routes.js","TOP_LEVEL_ROUTE","39","949","2","0","0","1","","","../middleware/auth","../middleware/auth | express"
"C:\Users\DIYA GOEL\Downloads\EBDESIGN\backend\src\routes\M99Routes.js","TOP_LEVEL_ROUTE","39","949","2","0","0","1","","","../middleware/auth","../middleware/auth | express"
"C:\Users\DIYA GOEL\Downloads\EBDESIGN\backend\src\routes\machineryVillageOpsRoutes.js","TOP_LEVEL_ROUTE","200","5755","4","0","1","1","","../services/machineryVillageOpsService","../middleware/auth","../middleware/auth | ../services/machineryVillageOpsService | ../utils/logger | express"
"C:\Users\DIYA GOEL\Downloads\EBDESIGN\backend\src\routes\migrationRoutes.js","TOP_LEVEL_ROUTE","23","492","2","0","0","1","","","../middleware/auth","../middleware/auth | express"
"C:\Users\DIYA GOEL\Downloads\EBDESIGN\backend\src\routes\moduleSupportInfrastructureRoutes.js","TOP_LEVEL_ROUTE","460","10707","2","0","1","0","","../services/moduleSupportInfrastructureService","","../services/moduleSupportInfrastructureService | express"
"C:\Users\DIYA GOEL\Downloads\EBDESIGN\backend\src\routes\moduleSystemsRoutes.js","TOP_LEVEL_ROUTE","27","1077","2","0","0","0","","","","../core/moduleSystemFactory | express"
"C:\Users\DIYA GOEL\Downloads\EBDESIGN\backend\src\routes\notificationRoutes.js","TOP_LEVEL_ROUTE","23","501","2","0","0","1","","","../middleware/auth","../middleware/auth | express"
"C:\Users\DIYA GOEL\Downloads\EBDESIGN\backend\src\routes\performanceRoutes.js","TOP_LEVEL_ROUTE","23","498","2","0","0","1","","","../middleware/auth","../middleware/auth | express"
"C:\Users\DIYA GOEL\Downloads\EBDESIGN\backend\src\routes\permissionRoutes.js","TOP_LEVEL_ROUTE","23","495","2","0","0","1","","","../middleware/auth","../middleware/auth | express"
"C:\Users\DIYA GOEL\Downloads\EBDESIGN\backend\src\routes\platformFoundationRoutes.js","TOP_LEVEL_ROUTE","38","654","2","0","0","1","","","../middleware/auth","../middleware/auth | express"
"C:\Users\DIYA GOEL\Downloads\EBDESIGN\backend\src\routes\publicDomainDataExtractionRoutes_merged.js","TOP_LEVEL_ROUTE","20","365","1","0","0","0","","","","express"
"C:\Users\DIYA GOEL\Downloads\EBDESIGN\backend\src\routes\reportingRoutes.js","TOP_LEVEL_ROUTE","23","492","2","0","0","1","","","../middleware/auth","../middleware/auth | express"
"C:\Users\DIYA GOEL\Downloads\EBDESIGN\backend\src\routes\resourceRouteFactory.js","TOP_LEVEL_ROUTE","20","332","1","0","0","0","","","","express"
"C:\Users\DIYA GOEL\Downloads\EBDESIGN\backend\src\routes\roleRoutes.js","TOP_LEVEL_ROUTE","23","477","2","0","0","1","","","../middleware/auth","../middleware/auth | express"
"C:\Users\DIYA GOEL\Downloads\EBDESIGN\backend\src\routes\searchRoutes.js","TOP_LEVEL_ROUTE","23","483","2","0","0","1","","","../middleware/auth","../middleware/auth | express"
"C:\Users\DIYA GOEL\Downloads\EBDESIGN\backend\src\routes\securityRoutes.js","TOP_LEVEL_ROUTE","23","489","2","0","0","1","","","../middleware/auth","../middleware/auth | express"
"C:\Users\DIYA GOEL\Downloads\EBDESIGN\backend\src\routes\serverManagementRoutes.js","TOP_LEVEL_ROUTE","578","13299","4","0","1","2","","../services/serverManagementService","../middleware/admin | ../middleware/auth","../middleware/admin | ../middleware/auth | ../services/serverManagementService | express"
"C:\Users\DIYA GOEL\Downloads\EBDESIGN\backend\src\routes\settingsRoutes.js","TOP_LEVEL_ROUTE","23","489","2","0","0","1","","","../middleware/auth","../middleware/auth | express"
"C:\Users\DIYA GOEL\Downloads\EBDESIGN\backend\src\routes\soilNutrientLandRoutes.js","TOP_LEVEL_ROUTE","200","5522","4","0","1","1","","../services/soilNutrientLandService","../middleware/auth","../middleware/auth | ../services/soilNutrientLandService | ../utils/logger | express"
"C:\Users\DIYA GOEL\Downloads\EBDESIGN\backend\src\routes\startupEnvironmentRoutes.js","TOP_LEVEL_ROUTE","477","11424","3","0","1","1","","../services/startupEnvironmentService","../middleware/auth","../middleware/auth | ../services/startupEnvironmentService | express"
"C:\Users\DIYA GOEL\Downloads\EBDESIGN\backend\src\routes\systemConfigRoutes.js","TOP_LEVEL_ROUTE","23","501","2","0","0","1","","","../middleware/auth","../middleware/auth | express"
"C:\Users\DIYA GOEL\Downloads\EBDESIGN\backend\src\routes\unifiedLedgerRoutes_merged.js","TOP_LEVEL_ROUTE","20","337","1","0","0","0","","","","express"
"C:\Users\DIYA GOEL\Downloads\EBDESIGN\backend\src\routes\vendorProcurementRoutes.js","TOP_LEVEL_ROUTE","280","7753","4","0","1","1","","../services/vendorProcurementService","../middleware/auth","../middleware/auth | ../services/vendorProcurementService | ../utils/logger | express"
"C:\Users\DIYA GOEL\Downloads\EBDESIGN\backend\src\routes\versionRoutes.js","TOP_LEVEL_ROUTE","23","486","2","0","0","1","","","../middleware/auth","../middleware/auth | express"
"C:\Users\DIYA GOEL\Downloads\EBDESIGN\backend\src\routes\waterIrrigationRoutes.js","TOP_LEVEL_ROUTE","244","6697","4","0","1","1","","../services/waterIrrigationService","../middleware/auth","../middleware/auth | ../services/waterIrrigationService | ../utils/logger | express"
"C:\Users\DIYA GOEL\Downloads\EBDESIGN\backend\src\routes\webhookRoutes.js","TOP_LEVEL_ROUTE","23","486","2","0","0","1","","","../middleware/auth","../middleware/auth | express"
"C:\Users\DIYA GOEL\Downloads\EBDESIGN\backend\src\routes\claude\backendModuleBridge.js","TOP_LEVEL_ROUTE","20","330","1","0","0","0","","","","express"
"C:\Users\DIYA GOEL\Downloads\EBDESIGN\backend\src\routes\finance\unifiedLedgerRoutes.js","TOP_LEVEL_ROUTE","39","1461","2","0","0","1","","","../../middleware/auth","../../middleware/auth | express"
"C:\Users\DIYA GOEL\Downloads\EBDESIGN\backend\src\routes\generated\all_routes.js","TOP_LEVEL_ROUTE","1076","26050","1","0","0","0","","","","express"
"C:\Users\DIYA GOEL\Downloads\EBDESIGN\backend\src\routes\livestock\dairyRoutes_merged.js","TOP_LEVEL_ROUTE","39","1453","2","0","0","1","","","../../middleware/auth","../../middleware/auth | express"
"C:\Users\DIYA GOEL\Downloads\EBDESIGN\backend\src\routes\logistics\geofencingRoutes_merged.js","TOP_LEVEL_ROUTE","20","330","1","0","0","0","","","","express"
"C:\Users\DIYA GOEL\Downloads\EBDESIGN\backend\src\routes\platform\completeERPIntegrationRoutes_merged.js","TOP_LEVEL_ROUTE","39","1470","2","0","0","1","","","../../middleware/auth","../../middleware/auth | express"
"C:\Users\DIYA GOEL\Downloads\EBDESIGN\backend\src\routes\platform\comprehensiveERPRoutes_merged.js","TOP_LEVEL_ROUTE","39","1464","2","0","0","1","","","../../middleware/auth","../../middleware/auth | express"
"C:\Users\DIYA GOEL\Downloads\EBDESIGN\backend\src\routes\platform\informationSharingRoutes_merged.js","TOP_LEVEL_ROUTE","39","1466","2","0","0","1","","","../../middleware/auth","../../middleware/auth | express"
"C:\Users\DIYA GOEL\Downloads\EBDESIGN\backend\src\routes\platform\knowledgeRoutes_merged.js","TOP_LEVEL_ROUTE","39","1457","2","0","0","1","","","../../middleware/auth","../../middleware/auth | express"
"C:\Users\DIYA GOEL\Downloads\EBDESIGN\backend\src\routes\platform\organizationManagementRoutes_merged.js","TOP_LEVEL_ROUTE","39","1470","2","0","0","1","","","../../middleware/auth","../../middleware/auth | express"
"C:\Users\DIYA GOEL\Downloads\EBDESIGN\backend\src\routes\platform\publicDomainDataExtractionRoutes.js","TOP_LEVEL_ROUTE","39","1474","2","0","0","1","","","../../middleware/auth","../../middleware/auth | express"
"C:\Users\DIYA GOEL\Downloads\EBDESIGN\backend\src\routes\__tests__\climateRoutes.test.js","TOP_LEVEL_ROUTE","12","231","1","0","0","0","","","","express"
"C:\Users\DIYA GOEL\Downloads\EBDESIGN\backend\src\routes\__tests__\enterpriseCommerceSafety.test.js","TOP_LEVEL_ROUTE","12","261","1","0","0","0","","","","express"
"C:\Users\DIYA GOEL\Downloads\EBDESIGN\backend\src\routes\__tests__\livestockFisheriesRoutes.test.js","TOP_LEVEL_ROUTE","12","254","1","0","0","0","","","","express"
"C:\Users\DIYA GOEL\Downloads\EBDESIGN\backend\src\routes\__tests__\operationsMachineryRoutes.test.js","TOP_LEVEL_ROUTE","12","256","1","0","0","0","","","","express"
"C:\Users\DIYA GOEL\Downloads\EBDESIGN\backend\src\routes\__tests__\platformFoundationRoutes.test.js","TOP_LEVEL_ROUTE","12","254","1","0","0","0","","","","express"
"C:\Users\DIYA GOEL\Downloads\EBDESIGN\backend\src\routes\__tests__\roboticsRoutes.test.js","TOP_LEVEL_ROUTE","44","2410","4","0","1","0","","../../services/robotics/roboticsOrchestrationService","","../../services/robotics/roboticsOrchestrationService | ../roboticsRoutes | express | supertest"
"C:\Users\DIYA GOEL\Downloads\EBDESIGN\backend\src\routes\__tests__\waterSoilManagementRoutes.test.js","TOP_LEVEL_ROUTE","12","257","1","0","0","0","","","","express"
"C:\Users\DIYA GOEL\Downloads\EBDESIGN\backend\src\modules\M645100_LIBRARYKNOWLEDGE\api\routes.js","MODULE_ROUTE","64","2401","3","0","1","0","","../backend/service","","../backend/service | express | path"
"C:\Users\DIYA GOEL\Downloads\EBDESIGN\backend\src\modules\TEMPLATES\MODULE_TEMPLATE\backend\routes.js","MODULE_ROUTE","224","4724","1","0","0","0","","","","express"
