"File","RelativePath","GitTracked","WorkingTreeStatus"
"C:\Users\DIYA GOEL\Downloads\EBDESIGN\backend\src\routes\adminRoutes.js","backend/src/routes/adminRoutes.js","True",""
"C:\Users\DIYA GOEL\Downloads\EBDESIGN\backend\src\routes\analyticsRoutes.js","backend/src/routes/analyticsRoutes.js","True",""
"C:\Users\DIYA GOEL\Downloads\EBDESIGN\backend\src\routes\apiDocumentationRoutes.js","backend/src/routes/apiDocumentationRoutes.js","True",""
"C:\Users\DIYA GOEL\Downloads\EBDESIGN\backend\src\routes\auditLogRoutes.js","backend/src/routes/auditLogRoutes.js","True",""
"C:\Users\DIYA GOEL\Downloads\EBDESIGN\backend\src\routes\backupRoutes.js","backend/src/routes/backupRoutes.js","True",""
"C:\Users\DIYA GOEL\Downloads\EBDESIGN\backend\src\routes\bulkOperationRoutes.js","backend/src/routes/bulkOperationRoutes.js","True",""
"C:\Users\DIYA GOEL\Downloads\EBDESIGN\backend\src\routes\cacheRoutes.js","backend/src/routes/cacheRoutes.js","True",""
"C:\Users\DIYA GOEL\Downloads\EBDESIGN\backend\src\routes\cloudManagementRoutes.js","backend/src/routes/cloudManagementRoutes.js","True",""
"C:\Users\DIYA GOEL\Downloads\EBDESIGN\backend\src\routes\communityRoutes.js","backend/src/routes/communityRoutes.js","True",""
"C:\Users\DIYA GOEL\Downloads\EBDESIGN\backend\src\routes\dataExportRoutes.js","backend/src/routes/dataExportRoutes.js","True",""
"C:\Users\DIYA GOEL\Downloads\EBDESIGN\backend\src\routes\ENDPOINT_MISMATCH_FIXER_COMPLETE.js","backend/src/routes/ENDPOINT_MISMATCH_FIXER_COMPLETE.js","True",""
"C:\Users\DIYA GOEL\Downloads\EBDESIGN\backend\src\routes\enterpriseControlRoutes.js","backend/src/routes/enterpriseControlRoutes.js","True",""
"C:\Users\DIYA GOEL\Downloads\EBDESIGN\backend\src\routes\erpRoutes.js","backend/src/routes/erpRoutes.js","True",""
"C:\Users\DIYA GOEL\Downloads\EBDESIGN\backend\src\routes\errorLogRoutes.js","backend/src/routes/errorLogRoutes.js","True",""
"C:\Users\DIYA GOEL\Downloads\EBDESIGN\backend\src\routes\exportRoutes.js","backend/src/routes/exportRoutes.js","True",""
"C:\Users\DIYA GOEL\Downloads\EBDESIGN\backend\src\routes\farmerKycRoutes.js","backend/src/routes/farmerKycRoutes.js","True",""
"C:\Users\DIYA GOEL\Downloads\EBDESIGN\backend\src\routes\farmerVerificationRoutes.js","backend/src/routes/farmerVerificationRoutes.js","True",""
"C:\Users\DIYA GOEL\Downloads\EBDESIGN\backend\src\routes\gdprRoutes_merged.js","backend/src/routes/gdprRoutes_merged.js","True",""
"C:\Users\DIYA GOEL\Downloads\EBDESIGN\backend\src\routes\healthCheckRoutes.js","backend/src/routes/healthCheckRoutes.js","True",""
"C:\Users\DIYA GOEL\Downloads\EBDESIGN\backend\src\routes\integrationRoutes.js","backend/src/routes/integrationRoutes.js","True",""
"C:\Users\DIYA GOEL\Downloads\EBDESIGN\backend\src\routes\labourRoutes.js","backend/src/routes/labourRoutes.js","True",""
"C:\Users\DIYA GOEL\Downloads\EBDESIGN\backend\src\routes\libraryRoutes_merged.js","backend/src/routes/libraryRoutes_merged.js","True",""
"C:\Users\DIYA GOEL\Downloads\EBDESIGN\backend\src\routes\M041VillageERP.js","backend/src/routes/M041VillageERP.js","True",""
"C:\Users\DIYA GOEL\Downloads\EBDESIGN\backend\src\routes\M100Routes.js","backend/src/routes/M100Routes.js","True",""
"C:\Users\DIYA GOEL\Downloads\EBDESIGN\backend\src\routes\M101Routes.js","backend/src/routes/M101Routes.js","True",""
"C:\Users\DIYA GOEL\Downloads\EBDESIGN\backend\src\routes\M102Routes.js","backend/src/routes/M102Routes.js","True",""
"C:\Users\DIYA GOEL\Downloads\EBDESIGN\backend\src\routes\M103Routes.js","backend/src/routes/M103Routes.js","True",""
"C:\Users\DIYA GOEL\Downloads\EBDESIGN\backend\src\routes\M104Routes.js","backend/src/routes/M104Routes.js","True",""
"C:\Users\DIYA GOEL\Downloads\EBDESIGN\backend\src\routes\M105Routes.js","backend/src/routes/M105Routes.js","True",""
"C:\Users\DIYA GOEL\Downloads\EBDESIGN\backend\src\routes\M106Routes.js","backend/src/routes/M106Routes.js","True",""
"C:\Users\DIYA GOEL\Downloads\EBDESIGN\backend\src\routes\M107Routes.js","backend/src/routes/M107Routes.js","True",""
"C:\Users\DIYA GOEL\Downloads\EBDESIGN\backend\src\routes\M108Routes.js","backend/src/routes/M108Routes.js","True",""
"C:\Users\DIYA GOEL\Downloads\EBDESIGN\backend\src\routes\M109Routes.js","backend/src/routes/M109Routes.js","True",""
"C:\Users\DIYA GOEL\Downloads\EBDESIGN\backend\src\routes\M110Routes.js","backend/src/routes/M110Routes.js","True",""
"C:\Users\DIYA GOEL\Downloads\EBDESIGN\backend\src\routes\M111Routes.js","backend/src/routes/M111Routes.js","True",""
"C:\Users\DIYA GOEL\Downloads\EBDESIGN\backend\src\routes\M112Routes.js","backend/src/routes/M112Routes.js","True",""
"C:\Users\DIYA GOEL\Downloads\EBDESIGN\backend\src\routes\M113Routes.js","backend/src/routes/M113Routes.js","True",""
"C:\Users\DIYA GOEL\Downloads\EBDESIGN\backend\src\routes\M114Routes.js","backend/src/routes/M114Routes.js","True",""
"C:\Users\DIYA GOEL\Downloads\EBDESIGN\backend\src\routes\M115Routes.js","backend/src/routes/M115Routes.js","True",""
"C:\Users\DIYA GOEL\Downloads\EBDESIGN\backend\src\routes\M116Routes.js","backend/src/routes/M116Routes.js","True",""
"C:\Users\DIYA GOEL\Downloads\EBDESIGN\backend\src\routes\M117Routes.js","backend/src/routes/M117Routes.js","True",""
"C:\Users\DIYA GOEL\Downloads\EBDESIGN\backend\src\routes\M118Routes.js","backend/src/routes/M118Routes.js","True",""
"C:\Users\DIYA GOEL\Downloads\EBDESIGN\backend\src\routes\M119Routes.js","backend/src/routes/M119Routes.js","True",""
"C:\Users\DIYA GOEL\Downloads\EBDESIGN\backend\src\routes\M120Routes.js","backend/src/routes/M120Routes.js","True",""
"C:\Users\DIYA GOEL\Downloads\EBDESIGN\backend\src\routes\M121Routes.js","backend/src/routes/M121Routes.js","True",""
"C:\Users\DIYA GOEL\Downloads\EBDESIGN\backend\src\routes\M122Routes.js","backend/src/routes/M122Routes.js","True",""
"C:\Users\DIYA GOEL\Downloads\EBDESIGN\backend\src\routes\M123Routes.js","backend/src/routes/M123Routes.js","True",""
"C:\Users\DIYA GOEL\Downloads\EBDESIGN\backend\src\routes\M124Routes.js","backend/src/routes/M124Routes.js","True",""
"C:\Users\DIYA GOEL\Downloads\EBDESIGN\backend\src\routes\M125Routes.js","backend/src/routes/M125Routes.js","True",""
"C:\Users\DIYA GOEL\Downloads\EBDESIGN\backend\src\routes\M126Routes.js","backend/src/routes/M126Routes.js","True",""
"C:\Users\DIYA GOEL\Downloads\EBDESIGN\backend\src\routes\M127Routes.js","backend/src/routes/M127Routes.js","True",""
"C:\Users\DIYA GOEL\Downloads\EBDESIGN\backend\src\routes\M128Routes.js","backend/src/routes/M128Routes.js","True",""
"C:\Users\DIYA GOEL\Downloads\EBDESIGN\backend\src\routes\M129Routes.js","backend/src/routes/M129Routes.js","True",""
"C:\Users\DIYA GOEL\Downloads\EBDESIGN\backend\src\routes\M130Routes.js","backend/src/routes/M130Routes.js","True",""
"C:\Users\DIYA GOEL\Downloads\EBDESIGN\backend\src\routes\M131Routes.js","backend/src/routes/M131Routes.js","True",""
"C:\Users\DIYA GOEL\Downloads\EBDESIGN\backend\src\routes\M132Routes.js","backend/src/routes/M132Routes.js","True",""
"C:\Users\DIYA GOEL\Downloads\EBDESIGN\backend\src\routes\M133Routes.js","backend/src/routes/M133Routes.js","True",""
"C:\Users\DIYA GOEL\Downloads\EBDESIGN\backend\src\routes\M134Routes.js","backend/src/routes/M134Routes.js","True",""
"C:\Users\DIYA GOEL\Downloads\EBDESIGN\backend\src\routes\M135Routes.js","backend/src/routes/M135Routes.js","True",""
"C:\Users\DIYA GOEL\Downloads\EBDESIGN\backend\src\routes\M136Routes.js","backend/src/routes/M136Routes.js","True",""
"C:\Users\DIYA GOEL\Downloads\EBDESIGN\backend\src\routes\M137Routes.js","backend/src/routes/M137Routes.js","True",""
"C:\Users\DIYA GOEL\Downloads\EBDESIGN\backend\src\routes\M138Routes.js","backend/src/routes/M138Routes.js","True",""
"C:\Users\DIYA GOEL\Downloads\EBDESIGN\backend\src\routes\M139Routes.js","backend/src/routes/M139Routes.js","True",""
"C:\Users\DIYA GOEL\Downloads\EBDESIGN\backend\src\routes\M140Routes.js","backend/src/routes/M140Routes.js","True",""
"C:\Users\DIYA GOEL\Downloads\EBDESIGN\backend\src\routes\M141Routes.js","backend/src/routes/M141Routes.js","True",""
"C:\Users\DIYA GOEL\Downloads\EBDESIGN\backend\src\routes\M142Routes.js","backend/src/routes/M142Routes.js","True",""
"C:\Users\DIYA GOEL\Downloads\EBDESIGN\backend\src\routes\M143Routes.js","backend/src/routes/M143Routes.js","True",""
"C:\Users\DIYA GOEL\Downloads\EBDESIGN\backend\src\routes\M144Routes.js","backend/src/routes/M144Routes.js","True",""
"C:\Users\DIYA GOEL\Downloads\EBDESIGN\backend\src\routes\M145Routes.js","backend/src/routes/M145Routes.js","True",""
"C:\Users\DIYA GOEL\Downloads\EBDESIGN\backend\src\routes\M146Routes.js","backend/src/routes/M146Routes.js","True",""
"C:\Users\DIYA GOEL\Downloads\EBDESIGN\backend\src\routes\M147Routes.js","backend/src/routes/M147Routes.js","True",""
"C:\Users\DIYA GOEL\Downloads\EBDESIGN\backend\src\routes\M148Routes.js","backend/src/routes/M148Routes.js","True",""
"C:\Users\DIYA GOEL\Downloads\EBDESIGN\backend\src\routes\M149Routes.js","backend/src/routes/M149Routes.js","True",""
"C:\Users\DIYA GOEL\Downloads\EBDESIGN\backend\src\routes\M150Routes.js","backend/src/routes/M150Routes.js","True",""
"C:\Users\DIYA GOEL\Downloads\EBDESIGN\backend\src\routes\M151Routes.js","backend/src/routes/M151Routes.js","True",""
"C:\Users\DIYA GOEL\Downloads\EBDESIGN\backend\src\routes\M152Routes.js","backend/src/routes/M152Routes.js","True",""
"C:\Users\DIYA GOEL\Downloads\EBDESIGN\backend\src\routes\M153Routes.js","backend/src/routes/M153Routes.js","True",""
"C:\Users\DIYA GOEL\Downloads\EBDESIGN\backend\src\routes\M154Routes.js","backend/src/routes/M154Routes.js","True",""
"C:\Users\DIYA GOEL\Downloads\EBDESIGN\backend\src\routes\M155Routes.js","backend/src/routes/M155Routes.js","True",""
"C:\Users\DIYA GOEL\Downloads\EBDESIGN\backend\src\routes\M156Routes.js","backend/src/routes/M156Routes.js","True",""
"C:\Users\DIYA GOEL\Downloads\EBDESIGN\backend\src\routes\M157Routes.js","backend/src/routes/M157Routes.js","True",""
"C:\Users\DIYA GOEL\Downloads\EBDESIGN\backend\src\routes\M158Routes.js","backend/src/routes/M158Routes.js","True",""
"C:\Users\DIYA GOEL\Downloads\EBDESIGN\backend\src\routes\M159Routes.js","backend/src/routes/M159Routes.js","True",""
"C:\Users\DIYA GOEL\Downloads\EBDESIGN\backend\src\routes\M160Routes.js","backend/src/routes/M160Routes.js","True",""
"C:\Users\DIYA GOEL\Downloads\EBDESIGN\backend\src\routes\M161Routes.js","backend/src/routes/M161Routes.js","True",""
"C:\Users\DIYA GOEL\Downloads\EBDESIGN\backend\src\routes\M162Routes.js","backend/src/routes/M162Routes.js","True",""
"C:\Users\DIYA GOEL\Downloads\EBDESIGN\backend\src\routes\M163Routes.js","backend/src/routes/M163Routes.js","True",""
"C:\Users\DIYA GOEL\Downloads\EBDESIGN\backend\src\routes\M164Routes.js","backend/src/routes/M164Routes.js","True",""
"C:\Users\DIYA GOEL\Downloads\EBDESIGN\backend\src\routes\M165Routes.js","backend/src/routes/M165Routes.js","True",""
"C:\Users\DIYA GOEL\Downloads\EBDESIGN\backend\src\routes\M166Routes.js","backend/src/routes/M166Routes.js","True",""
"C:\Users\DIYA GOEL\Downloads\EBDESIGN\backend\src\routes\M167Routes.js","backend/src/routes/M167Routes.js","True",""
"C:\Users\DIYA GOEL\Downloads\EBDESIGN\backend\src\routes\M168Routes.js","backend/src/routes/M168Routes.js","True",""
"C:\Users\DIYA GOEL\Downloads\EBDESIGN\backend\src\routes\M169Routes.js","backend/src/routes/M169Routes.js","True",""
"C:\Users\DIYA GOEL\Downloads\EBDESIGN\backend\src\routes\M170Routes.js","backend/src/routes/M170Routes.js","True",""
"C:\Users\DIYA GOEL\Downloads\EBDESIGN\backend\src\routes\M171Routes.js","backend/src/routes/M171Routes.js","True",""
"C:\Users\DIYA GOEL\Downloads\EBDESIGN\backend\src\routes\M172Routes.js","backend/src/routes/M172Routes.js","True",""
"C:\Users\DIYA GOEL\Downloads\EBDESIGN\backend\src\routes\M173Routes.js","backend/src/routes/M173Routes.js","True",""
"C:\Users\DIYA GOEL\Downloads\EBDESIGN\backend\src\routes\M174Routes.js","backend/src/routes/M174Routes.js","True",""
"C:\Users\DIYA GOEL\Downloads\EBDESIGN\backend\src\routes\M175Routes.js","backend/src/routes/M175Routes.js","True",""
"C:\Users\DIYA GOEL\Downloads\EBDESIGN\backend\src\routes\M176Routes.js","backend/src/routes/M176Routes.js","True",""
"C:\Users\DIYA GOEL\Downloads\EBDESIGN\backend\src\routes\M177Routes.js","backend/src/routes/M177Routes.js","True",""
"C:\Users\DIYA GOEL\Downloads\EBDESIGN\backend\src\routes\M178Routes.js","backend/src/routes/M178Routes.js","True",""
"C:\Users\DIYA GOEL\Downloads\EBDESIGN\backend\src\routes\M179Routes.js","backend/src/routes/M179Routes.js","True",""
"C:\Users\DIYA GOEL\Downloads\EBDESIGN\backend\src\routes\M180Routes.js","backend/src/routes/M180Routes.js","True",""
"C:\Users\DIYA GOEL\Downloads\EBDESIGN\backend\src\routes\M181Routes.js","backend/src/routes/M181Routes.js","True",""
"C:\Users\DIYA GOEL\Downloads\EBDESIGN\backend\src\routes\M182Routes.js","backend/src/routes/M182Routes.js","True",""
"C:\Users\DIYA GOEL\Downloads\EBDESIGN\backend\src\routes\M183Routes.js","backend/src/routes/M183Routes.js","True",""
"C:\Users\DIYA GOEL\Downloads\EBDESIGN\backend\src\routes\M184Routes.js","backend/src/routes/M184Routes.js","True",""
"C:\Users\DIYA GOEL\Downloads\EBDESIGN\backend\src\routes\M185Routes.js","backend/src/routes/M185Routes.js","True",""
"C:\Users\DIYA GOEL\Downloads\EBDESIGN\backend\src\routes\M186Routes.js","backend/src/routes/M186Routes.js","True",""
"C:\Users\DIYA GOEL\Downloads\EBDESIGN\backend\src\routes\M187Routes.js","backend/src/routes/M187Routes.js","True",""
"C:\Users\DIYA GOEL\Downloads\EBDESIGN\backend\src\routes\M188Routes.js","backend/src/routes/M188Routes.js","True",""
"C:\Users\DIYA GOEL\Downloads\EBDESIGN\backend\src\routes\M189Routes.js","backend/src/routes/M189Routes.js","True",""
"C:\Users\DIYA GOEL\Downloads\EBDESIGN\backend\src\routes\M190Routes.js","backend/src/routes/M190Routes.js","True",""
"C:\Users\DIYA GOEL\Downloads\EBDESIGN\backend\src\routes\M191Routes.js","backend/src/routes/M191Routes.js","True",""
"C:\Users\DIYA GOEL\Downloads\EBDESIGN\backend\src\routes\M192Routes.js","backend/src/routes/M192Routes.js","True",""
"C:\Users\DIYA GOEL\Downloads\EBDESIGN\backend\src\routes\M193Routes.js","backend/src/routes/M193Routes.js","True",""
"C:\Users\DIYA GOEL\Downloads\EBDESIGN\backend\src\routes\M194Routes.js","backend/src/routes/M194Routes.js","True",""
"C:\Users\DIYA GOEL\Downloads\EBDESIGN\backend\src\routes\M195Routes.js","backend/src/routes/M195Routes.js","True",""
"C:\Users\DIYA GOEL\Downloads\EBDESIGN\backend\src\routes\M196Routes.js","backend/src/routes/M196Routes.js","True",""
"C:\Users\DIYA GOEL\Downloads\EBDESIGN\backend\src\routes\M197Routes.js","backend/src/routes/M197Routes.js","True",""
"C:\Users\DIYA GOEL\Downloads\EBDESIGN\backend\src\routes\M198Routes.js","backend/src/routes/M198Routes.js","True",""
"C:\Users\DIYA GOEL\Downloads\EBDESIGN\backend\src\routes\M199Routes.js","backend/src/routes/M199Routes.js","True",""
"C:\Users\DIYA GOEL\Downloads\EBDESIGN\backend\src\routes\M200Routes.js","backend/src/routes/M200Routes.js","True",""
"C:\Users\DIYA GOEL\Downloads\EBDESIGN\backend\src\routes\M201Routes.js","backend/src/routes/M201Routes.js","True",""
"C:\Users\DIYA GOEL\Downloads\EBDESIGN\backend\src\routes\M202Routes.js","backend/src/routes/M202Routes.js","True",""
"C:\Users\DIYA GOEL\Downloads\EBDESIGN\backend\src\routes\M203Routes.js","backend/src/routes/M203Routes.js","True",""
"C:\Users\DIYA GOEL\Downloads\EBDESIGN\backend\src\routes\M204Routes.js","backend/src/routes/M204Routes.js","True",""
"C:\Users\DIYA GOEL\Downloads\EBDESIGN\backend\src\routes\M205Routes.js","backend/src/routes/M205Routes.js","True",""
"C:\Users\DIYA GOEL\Downloads\EBDESIGN\backend\src\routes\M206Routes.js","backend/src/routes/M206Routes.js","True",""
"C:\Users\DIYA GOEL\Downloads\EBDESIGN\backend\src\routes\M207Routes.js","backend/src/routes/M207Routes.js","True",""
"C:\Users\DIYA GOEL\Downloads\EBDESIGN\backend\src\routes\M208Routes.js","backend/src/routes/M208Routes.js","True",""
"C:\Users\DIYA GOEL\Downloads\EBDESIGN\backend\src\routes\M209Routes.js","backend/src/routes/M209Routes.js","True",""
"C:\Users\DIYA GOEL\Downloads\EBDESIGN\backend\src\routes\M210Routes.js","backend/src/routes/M210Routes.js","True",""
"C:\Users\DIYA GOEL\Downloads\EBDESIGN\backend\src\routes\M211Routes.js","backend/src/routes/M211Routes.js","True",""
"C:\Users\DIYA GOEL\Downloads\EBDESIGN\backend\src\routes\M212Routes.js","backend/src/routes/M212Routes.js","True",""
"C:\Users\DIYA GOEL\Downloads\EBDESIGN\backend\src\routes\M213Routes.js","backend/src/routes/M213Routes.js","True",""
"C:\Users\DIYA GOEL\Downloads\EBDESIGN\backend\src\routes\M214Routes.js","backend/src/routes/M214Routes.js","True",""
"C:\Users\DIYA GOEL\Downloads\EBDESIGN\backend\src\routes\M215Routes.js","backend/src/routes/M215Routes.js","True",""
"C:\Users\DIYA GOEL\Downloads\EBDESIGN\backend\src\routes\M216Routes.js","backend/src/routes/M216Routes.js","True",""
"C:\Users\DIYA GOEL\Downloads\EBDESIGN\backend\src\routes\M217Routes.js","backend/src/routes/M217Routes.js","True",""
"C:\Users\DIYA GOEL\Downloads\EBDESIGN\backend\src\routes\M218Routes.js","backend/src/routes/M218Routes.js","True",""
"C:\Users\DIYA GOEL\Downloads\EBDESIGN\backend\src\routes\M219Routes.js","backend/src/routes/M219Routes.js","True",""
"C:\Users\DIYA GOEL\Downloads\EBDESIGN\backend\src\routes\M220Routes.js","backend/src/routes/M220Routes.js","True",""
"C:\Users\DIYA GOEL\Downloads\EBDESIGN\backend\src\routes\M221Routes.js","backend/src/routes/M221Routes.js","True",""
"C:\Users\DIYA GOEL\Downloads\EBDESIGN\backend\src\routes\M222Routes.js","backend/src/routes/M222Routes.js","True",""
"C:\Users\DIYA GOEL\Downloads\EBDESIGN\backend\src\routes\M223Routes.js","backend/src/routes/M223Routes.js","True",""
"C:\Users\DIYA GOEL\Downloads\EBDESIGN\backend\src\routes\M224Routes.js","backend/src/routes/M224Routes.js","True",""
"C:\Users\DIYA GOEL\Downloads\EBDESIGN\backend\src\routes\M225Routes.js","backend/src/routes/M225Routes.js","True",""
"C:\Users\DIYA GOEL\Downloads\EBDESIGN\backend\src\routes\M226Routes.js","backend/src/routes/M226Routes.js","True",""
"C:\Users\DIYA GOEL\Downloads\EBDESIGN\backend\src\routes\M227Routes.js","backend/src/routes/M227Routes.js","True",""
"C:\Users\DIYA GOEL\Downloads\EBDESIGN\backend\src\routes\M228Routes.js","backend/src/routes/M228Routes.js","True",""
"C:\Users\DIYA GOEL\Downloads\EBDESIGN\backend\src\routes\M229Routes.js","backend/src/routes/M229Routes.js","True",""
"C:\Users\DIYA GOEL\Downloads\EBDESIGN\backend\src\routes\M230Routes.js","backend/src/routes/M230Routes.js","True",""
"C:\Users\DIYA GOEL\Downloads\EBDESIGN\backend\src\routes\M231Routes.js","backend/src/routes/M231Routes.js","True",""
"C:\Users\DIYA GOEL\Downloads\EBDESIGN\backend\src\routes\M232Routes.js","backend/src/routes/M232Routes.js","True",""
"C:\Users\DIYA GOEL\Downloads\EBDESIGN\backend\src\routes\M233Routes.js","backend/src/routes/M233Routes.js","True",""
"C:\Users\DIYA GOEL\Downloads\EBDESIGN\backend\src\routes\M234Routes.js","backend/src/routes/M234Routes.js","True",""
"C:\Users\DIYA GOEL\Downloads\EBDESIGN\backend\src\routes\M235Routes.js","backend/src/routes/M235Routes.js","True",""
"C:\Users\DIYA GOEL\Downloads\EBDESIGN\backend\src\routes\M236Routes.js","backend/src/routes/M236Routes.js","True",""
"C:\Users\DIYA GOEL\Downloads\EBDESIGN\backend\src\routes\M237Routes.js","backend/src/routes/M237Routes.js","True",""
"C:\Users\DIYA GOEL\Downloads\EBDESIGN\backend\src\routes\M238Routes.js","backend/src/routes/M238Routes.js","True",""
"C:\Users\DIYA GOEL\Downloads\EBDESIGN\backend\src\routes\M239Routes.js","backend/src/routes/M239Routes.js","True",""
"C:\Users\DIYA GOEL\Downloads\EBDESIGN\backend\src\routes\M240Routes.js","backend/src/routes/M240Routes.js","True",""
"C:\Users\DIYA GOEL\Downloads\EBDESIGN\backend\src\routes\M241Routes.js","backend/src/routes/M241Routes.js","True",""
"C:\Users\DIYA GOEL\Downloads\EBDESIGN\backend\src\routes\M242Routes.js","backend/src/routes/M242Routes.js","True",""
"C:\Users\DIYA GOEL\Downloads\EBDESIGN\backend\src\routes\M243Routes.js","backend/src/routes/M243Routes.js","True",""
"C:\Users\DIYA GOEL\Downloads\EBDESIGN\backend\src\routes\M244Routes.js","backend/src/routes/M244Routes.js","True",""
"C:\Users\DIYA GOEL\Downloads\EBDESIGN\backend\src\routes\M245Routes.js","backend/src/routes/M245Routes.js","True",""
"C:\Users\DIYA GOEL\Downloads\EBDESIGN\backend\src\routes\M246Routes.js","backend/src/routes/M246Routes.js","True",""
"C:\Users\DIYA GOEL\Downloads\EBDESIGN\backend\src\routes\M247Routes.js","backend/src/routes/M247Routes.js","True",""
"C:\Users\DIYA GOEL\Downloads\EBDESIGN\backend\src\routes\M248Routes.js","backend/src/routes/M248Routes.js","True",""
"C:\Users\DIYA GOEL\Downloads\EBDESIGN\backend\src\routes\M249Routes.js","backend/src/routes/M249Routes.js","True",""
"C:\Users\DIYA GOEL\Downloads\EBDESIGN\backend\src\routes\M250Routes.js","backend/src/routes/M250Routes.js","True",""
"C:\Users\DIYA GOEL\Downloads\EBDESIGN\backend\src\routes\M251Routes.js","backend/src/routes/M251Routes.js","True",""
"C:\Users\DIYA GOEL\Downloads\EBDESIGN\backend\src\routes\M252Routes.js","backend/src/routes/M252Routes.js","True",""
"C:\Users\DIYA GOEL\Downloads\EBDESIGN\backend\src\routes\M253Routes.js","backend/src/routes/M253Routes.js","True",""
"C:\Users\DIYA GOEL\Downloads\EBDESIGN\backend\src\routes\M254Routes.js","backend/src/routes/M254Routes.js","True",""
"C:\Users\DIYA GOEL\Downloads\EBDESIGN\backend\src\routes\M255Routes.js","backend/src/routes/M255Routes.js","True",""
"C:\Users\DIYA GOEL\Downloads\EBDESIGN\backend\src\routes\M256Routes.js","backend/src/routes/M256Routes.js","True",""
"C:\Users\DIYA GOEL\Downloads\EBDESIGN\backend\src\routes\M257Routes.js","backend/src/routes/M257Routes.js","True",""
"C:\Users\DIYA GOEL\Downloads\EBDESIGN\backend\src\routes\M258Routes.js","backend/src/routes/M258Routes.js","True",""
"C:\Users\DIYA GOEL\Downloads\EBDESIGN\backend\src\routes\M259Routes.js","backend/src/routes/M259Routes.js","True",""
"C:\Users\DIYA GOEL\Downloads\EBDESIGN\backend\src\routes\M260Routes.js","backend/src/routes/M260Routes.js","True",""
"C:\Users\DIYA GOEL\Downloads\EBDESIGN\backend\src\routes\M261Routes.js","backend/src/routes/M261Routes.js","True",""
"C:\Users\DIYA GOEL\Downloads\EBDESIGN\backend\src\routes\M262Routes.js","backend/src/routes/M262Routes.js","True",""
"C:\Users\DIYA GOEL\Downloads\EBDESIGN\backend\src\routes\M263Routes.js","backend/src/routes/M263Routes.js","True",""
"C:\Users\DIYA GOEL\Downloads\EBDESIGN\backend\src\routes\M264Routes.js","backend/src/routes/M264Routes.js","True",""
"C:\Users\DIYA GOEL\Downloads\EBDESIGN\backend\src\routes\M265Routes.js","backend/src/routes/M265Routes.js","True",""
"C:\Users\DIYA GOEL\Downloads\EBDESIGN\backend\src\routes\M266Routes.js","backend/src/routes/M266Routes.js","True",""
"C:\Users\DIYA GOEL\Downloads\EBDESIGN\backend\src\routes\M267Routes.js","backend/src/routes/M267Routes.js","True",""
"C:\Users\DIYA GOEL\Downloads\EBDESIGN\backend\src\routes\M268Routes.js","backend/src/routes/M268Routes.js","True",""
"C:\Users\DIYA GOEL\Downloads\EBDESIGN\backend\src\routes\M269Routes.js","backend/src/routes/M269Routes.js","True",""
"C:\Users\DIYA GOEL\Downloads\EBDESIGN\backend\src\routes\M270Routes.js","backend/src/routes/M270Routes.js","True",""
"C:\Users\DIYA GOEL\Downloads\EBDESIGN\backend\src\routes\M271Routes.js","backend/src/routes/M271Routes.js","True",""
"C:\Users\DIYA GOEL\Downloads\EBDESIGN\backend\src\routes\M272Routes.js","backend/src/routes/M272Routes.js","True",""
"C:\Users\DIYA GOEL\Downloads\EBDESIGN\backend\src\routes\M273Routes.js","backend/src/routes/M273Routes.js","True",""
"C:\Users\DIYA GOEL\Downloads\EBDESIGN\backend\src\routes\M274Routes.js","backend/src/routes/M274Routes.js","True",""
"C:\Users\DIYA GOEL\Downloads\EBDESIGN\backend\src\routes\M275Routes.js","backend/src/routes/M275Routes.js","True",""
"C:\Users\DIYA GOEL\Downloads\EBDESIGN\backend\src\routes\M276Routes.js","backend/src/routes/M276Routes.js","True",""
"C:\Users\DIYA GOEL\Downloads\EBDESIGN\backend\src\routes\M277Routes.js","backend/src/routes/M277Routes.js","True",""
"C:\Users\DIYA GOEL\Downloads\EBDESIGN\backend\src\routes\M278Routes.js","backend/src/routes/M278Routes.js","True",""
"C:\Users\DIYA GOEL\Downloads\EBDESIGN\backend\src\routes\M279Routes.js","backend/src/routes/M279Routes.js","True",""
"C:\Users\DIYA GOEL\Downloads\EBDESIGN\backend\src\routes\M280Routes.js","backend/src/routes/M280Routes.js","True",""
"C:\Users\DIYA GOEL\Downloads\EBDESIGN\backend\src\routes\M281Routes.js","backend/src/routes/M281Routes.js","True",""
"C:\Users\DIYA GOEL\Downloads\EBDESIGN\backend\src\routes\M282Routes.js","backend/src/routes/M282Routes.js","True",""
"C:\Users\DIYA GOEL\Downloads\EBDESIGN\backend\src\routes\M283Routes.js","backend/src/routes/M283Routes.js","True",""
"C:\Users\DIYA GOEL\Downloads\EBDESIGN\backend\src\routes\M284Routes.js","backend/src/routes/M284Routes.js","True",""
"C:\Users\DIYA GOEL\Downloads\EBDESIGN\backend\src\routes\M285Routes.js","backend/src/routes/M285Routes.js","True",""
"C:\Users\DIYA GOEL\Downloads\EBDESIGN\backend\src\routes\M286Routes.js","backend/src/routes/M286Routes.js","True",""
"C:\Users\DIYA GOEL\Downloads\EBDESIGN\backend\src\routes\M287Routes.js","backend/src/routes/M287Routes.js","True",""
"C:\Users\DIYA GOEL\Downloads\EBDESIGN\backend\src\routes\M288Routes.js","backend/src/routes/M288Routes.js","True",""
"C:\Users\DIYA GOEL\Downloads\EBDESIGN\backend\src\routes\M289Routes.js","backend/src/routes/M289Routes.js","True",""
"C:\Users\DIYA GOEL\Downloads\EBDESIGN\backend\src\routes\M290Routes.js","backend/src/routes/M290Routes.js","True",""
"C:\Users\DIYA GOEL\Downloads\EBDESIGN\backend\src\routes\M291Routes.js","backend/src/routes/M291Routes.js","True",""
"C:\Users\DIYA GOEL\Downloads\EBDESIGN\backend\src\routes\M292Routes.js","backend/src/routes/M292Routes.js","True",""
"C:\Users\DIYA GOEL\Downloads\EBDESIGN\backend\src\routes\M293Routes.js","backend/src/routes/M293Routes.js","True",""
"C:\Users\DIYA GOEL\Downloads\EBDESIGN\backend\src\routes\M294Routes.js","backend/src/routes/M294Routes.js","True",""
"C:\Users\DIYA GOEL\Downloads\EBDESIGN\backend\src\routes\M295Routes.js","backend/src/routes/M295Routes.js","True",""
"C:\Users\DIYA GOEL\Downloads\EBDESIGN\backend\src\routes\M296Routes.js","backend/src/routes/M296Routes.js","True",""
"C:\Users\DIYA GOEL\Downloads\EBDESIGN\backend\src\routes\M297Routes.js","backend/src/routes/M297Routes.js","True",""
"C:\Users\DIYA GOEL\Downloads\EBDESIGN\backend\src\routes\M298Routes.js","backend/src/routes/M298Routes.js","True",""
"C:\Users\DIYA GOEL\Downloads\EBDESIGN\backend\src\routes\M299Routes.js","backend/src/routes/M299Routes.js","True",""
"C:\Users\DIYA GOEL\Downloads\EBDESIGN\backend\src\routes\M300Routes.js","backend/src/routes/M300Routes.js","True",""
"C:\Users\DIYA GOEL\Downloads\EBDESIGN\backend\src\routes\M301Routes.js","backend/src/routes/M301Routes.js","True",""
"C:\Users\DIYA GOEL\Downloads\EBDESIGN\backend\src\routes\M302Routes.js","backend/src/routes/M302Routes.js","True",""
"C:\Users\DIYA GOEL\Downloads\EBDESIGN\backend\src\routes\M303Routes.js","backend/src/routes/M303Routes.js","True",""
"C:\Users\DIYA GOEL\Downloads\EBDESIGN\backend\src\routes\M304Routes.js","backend/src/routes/M304Routes.js","True",""
"C:\Users\DIYA GOEL\Downloads\EBDESIGN\backend\src\routes\M305Routes.js","backend/src/routes/M305Routes.js","True",""
"C:\Users\DIYA GOEL\Downloads\EBDESIGN\backend\src\routes\M306Routes.js","backend/src/routes/M306Routes.js","True",""
"C:\Users\DIYA GOEL\Downloads\EBDESIGN\backend\src\routes\M307Routes.js","backend/src/routes/M307Routes.js","True",""
"C:\Users\DIYA GOEL\Downloads\EBDESIGN\backend\src\routes\M308Routes.js","backend/src/routes/M308Routes.js","True",""
"C:\Users\DIYA GOEL\Downloads\EBDESIGN\backend\src\routes\M309Routes.js","backend/src/routes/M309Routes.js","True",""
"C:\Users\DIYA GOEL\Downloads\EBDESIGN\backend\src\routes\M310Routes.js","backend/src/routes/M310Routes.js","True",""
"C:\Users\DIYA GOEL\Downloads\EBDESIGN\backend\src\routes\M311Routes.js","backend/src/routes/M311Routes.js","True",""
"C:\Users\DIYA GOEL\Downloads\EBDESIGN\backend\src\routes\M312Routes.js","backend/src/routes/M312Routes.js","True",""
"C:\Users\DIYA GOEL\Downloads\EBDESIGN\backend\src\routes\M313Routes.js","backend/src/routes/M313Routes.js","True",""
"C:\Users\DIYA GOEL\Downloads\EBDESIGN\backend\src\routes\M314Routes.js","backend/src/routes/M314Routes.js","True",""
"C:\Users\DIYA GOEL\Downloads\EBDESIGN\backend\src\routes\M315Routes.js","backend/src/routes/M315Routes.js","True",""
"C:\Users\DIYA GOEL\Downloads\EBDESIGN\backend\src\routes\M316Routes.js","backend/src/routes/M316Routes.js","True",""
"C:\Users\DIYA GOEL\Downloads\EBDESIGN\backend\src\routes\M317Routes.js","backend/src/routes/M317Routes.js","True",""
"C:\Users\DIYA GOEL\Downloads\EBDESIGN\backend\src\routes\M318Routes.js","backend/src/routes/M318Routes.js","True",""
"C:\Users\DIYA GOEL\Downloads\EBDESIGN\backend\src\routes\M319Routes.js","backend/src/routes/M319Routes.js","True",""
"C:\Users\DIYA GOEL\Downloads\EBDESIGN\backend\src\routes\M31Routes.js","backend/src/routes/M31Routes.js","True",""
"C:\Users\DIYA GOEL\Downloads\EBDESIGN\backend\src\routes\M320Routes.js","backend/src/routes/M320Routes.js","True",""
"C:\Users\DIYA GOEL\Downloads\EBDESIGN\backend\src\routes\M321Routes.js","backend/src/routes/M321Routes.js","True",""
"C:\Users\DIYA GOEL\Downloads\EBDESIGN\backend\src\routes\M322Routes.js","backend/src/routes/M322Routes.js","True",""
"C:\Users\DIYA GOEL\Downloads\EBDESIGN\backend\src\routes\M323Routes.js","backend/src/routes/M323Routes.js","True",""
"C:\Users\DIYA GOEL\Downloads\EBDESIGN\backend\src\routes\M324Routes.js","backend/src/routes/M324Routes.js","True",""
"C:\Users\DIYA GOEL\Downloads\EBDESIGN\backend\src\routes\M325Routes.js","backend/src/routes/M325Routes.js","True",""
"C:\Users\DIYA GOEL\Downloads\EBDESIGN\backend\src\routes\M326Routes.js","backend/src/routes/M326Routes.js","True",""
"C:\Users\DIYA GOEL\Downloads\EBDESIGN\backend\src\routes\M327Routes.js","backend/src/routes/M327Routes.js","True",""
"C:\Users\DIYA GOEL\Downloads\EBDESIGN\backend\src\routes\M328Routes.js","backend/src/routes/M328Routes.js","True",""
"C:\Users\DIYA GOEL\Downloads\EBDESIGN\backend\src\routes\M329Routes.js","backend/src/routes/M329Routes.js","True",""
"C:\Users\DIYA GOEL\Downloads\EBDESIGN\backend\src\routes\M32Routes.js","backend/src/routes/M32Routes.js","True",""
"C:\Users\DIYA GOEL\Downloads\EBDESIGN\backend\src\routes\M330Routes.js","backend/src/routes/M330Routes.js","True",""
"C:\Users\DIYA GOEL\Downloads\EBDESIGN\backend\src\routes\M331Routes.js","backend/src/routes/M331Routes.js","True",""
"C:\Users\DIYA GOEL\Downloads\EBDESIGN\backend\src\routes\M332Routes.js","backend/src/routes/M332Routes.js","True",""
"C:\Users\DIYA GOEL\Downloads\EBDESIGN\backend\src\routes\M333Routes.js","backend/src/routes/M333Routes.js","True",""
"C:\Users\DIYA GOEL\Downloads\EBDESIGN\backend\src\routes\M334Routes.js","backend/src/routes/M334Routes.js","True",""
"C:\Users\DIYA GOEL\Downloads\EBDESIGN\backend\src\routes\M335Routes.js","backend/src/routes/M335Routes.js","True",""
"C:\Users\DIYA GOEL\Downloads\EBDESIGN\backend\src\routes\M336Routes.js","backend/src/routes/M336Routes.js","True",""
"C:\Users\DIYA GOEL\Downloads\EBDESIGN\backend\src\routes\M337Routes.js","backend/src/routes/M337Routes.js","True",""
"C:\Users\DIYA GOEL\Downloads\EBDESIGN\backend\src\routes\M338Routes.js","backend/src/routes/M338Routes.js","True",""
"C:\Users\DIYA GOEL\Downloads\EBDESIGN\backend\src\routes\M339Routes.js","backend/src/routes/M339Routes.js","True",""
"C:\Users\DIYA GOEL\Downloads\EBDESIGN\backend\src\routes\M33Routes.js","backend/src/routes/M33Routes.js","True",""
"C:\Users\DIYA GOEL\Downloads\EBDESIGN\backend\src\routes\M340Routes.js","backend/src/routes/M340Routes.js","True",""
"C:\Users\DIYA GOEL\Downloads\EBDESIGN\backend\src\routes\M341Routes.js","backend/src/routes/M341Routes.js","True",""
"C:\Users\DIYA GOEL\Downloads\EBDESIGN\backend\src\routes\M342Routes.js","backend/src/routes/M342Routes.js","True",""
"C:\Users\DIYA GOEL\Downloads\EBDESIGN\backend\src\routes\M343Routes.js","backend/src/routes/M343Routes.js","True",""
"C:\Users\DIYA GOEL\Downloads\EBDESIGN\backend\src\routes\M344Routes.js","backend/src/routes/M344Routes.js","True",""
"C:\Users\DIYA GOEL\Downloads\EBDESIGN\backend\src\routes\M34Routes.js","backend/src/routes/M34Routes.js","True",""
"C:\Users\DIYA GOEL\Downloads\EBDESIGN\backend\src\routes\M35Routes.js","backend/src/routes/M35Routes.js","True",""
"C:\Users\DIYA GOEL\Downloads\EBDESIGN\backend\src\routes\M36Routes.js","backend/src/routes/M36Routes.js","True",""
"C:\Users\DIYA GOEL\Downloads\EBDESIGN\backend\src\routes\M37Routes.js","backend/src/routes/M37Routes.js","True",""
"C:\Users\DIYA GOEL\Downloads\EBDESIGN\backend\src\routes\M38Routes.js","backend/src/routes/M38Routes.js","True",""
"C:\Users\DIYA GOEL\Downloads\EBDESIGN\backend\src\routes\M39Routes.js","backend/src/routes/M39Routes.js","True",""
"C:\Users\DIYA GOEL\Downloads\EBDESIGN\backend\src\routes\M40Routes.js","backend/src/routes/M40Routes.js","True",""
"C:\Users\DIYA GOEL\Downloads\EBDESIGN\backend\src\routes\M41Routes.js","backend/src/routes/M41Routes.js","True",""
"C:\Users\DIYA GOEL\Downloads\EBDESIGN\backend\src\routes\M42Routes.js","backend/src/routes/M42Routes.js","True",""
"C:\Users\DIYA GOEL\Downloads\EBDESIGN\backend\src\routes\M43Routes.js","backend/src/routes/M43Routes.js","True",""
"C:\Users\DIYA GOEL\Downloads\EBDESIGN\backend\src\routes\M44Routes.js","backend/src/routes/M44Routes.js","True",""
"C:\Users\DIYA GOEL\Downloads\EBDESIGN\backend\src\routes\M45Routes.js","backend/src/routes/M45Routes.js","True",""
"C:\Users\DIYA GOEL\Downloads\EBDESIGN\backend\src\routes\M46Routes.js","backend/src/routes/M46Routes.js","True",""
"C:\Users\DIYA GOEL\Downloads\EBDESIGN\backend\src\routes\M47Routes.js","backend/src/routes/M47Routes.js","True",""
"C:\Users\DIYA GOEL\Downloads\EBDESIGN\backend\src\routes\M48Routes.js","backend/src/routes/M48Routes.js","True",""
"C:\Users\DIYA GOEL\Downloads\EBDESIGN\backend\src\routes\M49Routes.js","backend/src/routes/M49Routes.js","True",""
"C:\Users\DIYA GOEL\Downloads\EBDESIGN\backend\src\routes\M50Routes.js","backend/src/routes/M50Routes.js","True",""
"C:\Users\DIYA GOEL\Downloads\EBDESIGN\backend\src\routes\M51Routes.js","backend/src/routes/M51Routes.js","True",""
"C:\Users\DIYA GOEL\Downloads\EBDESIGN\backend\src\routes\M52Routes.js","backend/src/routes/M52Routes.js","True",""
"C:\Users\DIYA GOEL\Downloads\EBDESIGN\backend\src\routes\M53Routes.js","backend/src/routes/M53Routes.js","True",""
"C:\Users\DIYA GOEL\Downloads\EBDESIGN\backend\src\routes\M54Routes.js","backend/src/routes/M54Routes.js","True",""
"C:\Users\DIYA GOEL\Downloads\EBDESIGN\backend\src\routes\M55Routes.js","backend/src/routes/M55Routes.js","True",""
"C:\Users\DIYA GOEL\Downloads\EBDESIGN\backend\src\routes\M56Routes.js","backend/src/routes/M56Routes.js","True",""
"C:\Users\DIYA GOEL\Downloads\EBDESIGN\backend\src\routes\M57Routes.js","backend/src/routes/M57Routes.js","True",""
"C:\Users\DIYA GOEL\Downloads\EBDESIGN\backend\src\routes\M58Routes.js","backend/src/routes/M58Routes.js","True",""
"C:\Users\DIYA GOEL\Downloads\EBDESIGN\backend\src\routes\M59Routes.js","backend/src/routes/M59Routes.js","True",""
"C:\Users\DIYA GOEL\Downloads\EBDESIGN\backend\src\routes\M60Routes.js","backend/src/routes/M60Routes.js","True",""
"C:\Users\DIYA GOEL\Downloads\EBDESIGN\backend\src\routes\M61Routes.js","backend/src/routes/M61Routes.js","True",""
"C:\Users\DIYA GOEL\Downloads\EBDESIGN\backend\src\routes\M62Routes.js","backend/src/routes/M62Routes.js","True",""
"C:\Users\DIYA GOEL\Downloads\EBDESIGN\backend\src\routes\M63Routes.js","backend/src/routes/M63Routes.js","True",""
"C:\Users\DIYA GOEL\Downloads\EBDESIGN\backend\src\routes\M64Routes.js","backend/src/routes/M64Routes.js","True",""
"C:\Users\DIYA GOEL\Downloads\EBDESIGN\backend\src\routes\M65Routes.js","backend/src/routes/M65Routes.js","True",""
"C:\Users\DIYA GOEL\Downloads\EBDESIGN\backend\src\routes\M66Routes.js","backend/src/routes/M66Routes.js","True",""
"C:\Users\DIYA GOEL\Downloads\EBDESIGN\backend\src\routes\M67Routes.js","backend/src/routes/M67Routes.js","True",""
"C:\Users\DIYA GOEL\Downloads\EBDESIGN\backend\src\routes\M68Routes.js","backend/src/routes/M68Routes.js","True",""
"C:\Users\DIYA GOEL\Downloads\EBDESIGN\backend\src\routes\M69Routes.js","backend/src/routes/M69Routes.js","True",""
"C:\Users\DIYA GOEL\Downloads\EBDESIGN\backend\src\routes\M70Routes.js","backend/src/routes/M70Routes.js","True",""
"C:\Users\DIYA GOEL\Downloads\EBDESIGN\backend\src\routes\M71Routes.js","backend/src/routes/M71Routes.js","True",""
"C:\Users\DIYA GOEL\Downloads\EBDESIGN\backend\src\routes\M72Routes.js","backend/src/routes/M72Routes.js","True",""
"C:\Users\DIYA GOEL\Downloads\EBDESIGN\backend\src\routes\M73Routes.js","backend/src/routes/M73Routes.js","True",""
"C:\Users\DIYA GOEL\Downloads\EBDESIGN\backend\src\routes\M74Routes.js","backend/src/routes/M74Routes.js","True",""
"C:\Users\DIYA GOEL\Downloads\EBDESIGN\backend\src\routes\M75Routes.js","backend/src/routes/M75Routes.js","True",""
"C:\Users\DIYA GOEL\Downloads\EBDESIGN\backend\src\routes\M76Routes.js","backend/src/routes/M76Routes.js","True",""
"C:\Users\DIYA GOEL\Downloads\EBDESIGN\backend\src\routes\M77Routes.js","backend/src/routes/M77Routes.js","True",""
"C:\Users\DIYA GOEL\Downloads\EBDESIGN\backend\src\routes\M78Routes.js","backend/src/routes/M78Routes.js","True",""
"C:\Users\DIYA GOEL\Downloads\EBDESIGN\backend\src\routes\M79Routes.js","backend/src/routes/M79Routes.js","True",""
"C:\Users\DIYA GOEL\Downloads\EBDESIGN\backend\src\routes\M80Routes.js","backend/src/routes/M80Routes.js","True",""
"C:\Users\DIYA GOEL\Downloads\EBDESIGN\backend\src\routes\M81Routes.js","backend/src/routes/M81Routes.js","True",""
"C:\Users\DIYA GOEL\Downloads\EBDESIGN\backend\src\routes\M82Routes.js","backend/src/routes/M82Routes.js","True",""
"C:\Users\DIYA GOEL\Downloads\EBDESIGN\backend\src\routes\M83Routes.js","backend/src/routes/M83Routes.js","True",""
"C:\Users\DIYA GOEL\Downloads\EBDESIGN\backend\src\routes\M84Routes.js","backend/src/routes/M84Routes.js","True",""
"C:\Users\DIYA GOEL\Downloads\EBDESIGN\backend\src\routes\M85Routes.js","backend/src/routes/M85Routes.js","True",""
"C:\Users\DIYA GOEL\Downloads\EBDESIGN\backend\src\routes\M86Routes.js","backend/src/routes/M86Routes.js","True",""
"C:\Users\DIYA GOEL\Downloads\EBDESIGN\backend\src\routes\M87Routes.js","backend/src/routes/M87Routes.js","True",""
"C:\Users\DIYA GOEL\Downloads\EBDESIGN\backend\src\routes\M88Routes.js","backend/src/routes/M88Routes.js","True",""
"C:\Users\DIYA GOEL\Downloads\EBDESIGN\backend\src\routes\M89Routes.js","backend/src/routes/M89Routes.js","True",""
"C:\Users\DIYA GOEL\Downloads\EBDESIGN\backend\src\routes\M90Routes.js","backend/src/routes/M90Routes.js","True",""
"C:\Users\DIYA GOEL\Downloads\EBDESIGN\backend\src\routes\M91Routes.js","backend/src/routes/M91Routes.js","True",""
"C:\Users\DIYA GOEL\Downloads\EBDESIGN\backend\src\routes\M92Routes.js","backend/src/routes/M92Routes.js","True",""
"C:\Users\DIYA GOEL\Downloads\EBDESIGN\backend\src\routes\M93Routes.js","backend/src/routes/M93Routes.js","True",""
"C:\Users\DIYA GOEL\Downloads\EBDESIGN\backend\src\routes\M94Routes.js","backend/src/routes/M94Routes.js","True",""
"C:\Users\DIYA GOEL\Downloads\EBDESIGN\backend\src\routes\M95Routes.js","backend/src/routes/M95Routes.js","True",""
"C:\Users\DIYA GOEL\Downloads\EBDESIGN\backend\src\routes\M96Routes.js","backend/src/routes/M96Routes.js","True",""
"C:\Users\DIYA GOEL\Downloads\EBDESIGN\backend\src\routes\M97Routes.js","backend/src/routes/M97Routes.js","True",""
"C:\Users\DIYA GOEL\Downloads\EBDESIGN\backend\src\routes\M98Routes.js","backend/src/routes/M98Routes.js","True",""
"C:\Users\DIYA GOEL\Downloads\EBDESIGN\backend\src\routes\M99Routes.js","backend/src/routes/M99Routes.js","True",""
"C:\Users\DIYA GOEL\Downloads\EBDESIGN\backend\src\routes\machineryVillageOpsRoutes.js","backend/src/routes/machineryVillageOpsRoutes.js","True",""
"C:\Users\DIYA GOEL\Downloads\EBDESIGN\backend\src\routes\migrationRoutes.js","backend/src/routes/migrationRoutes.js","True",""
"C:\Users\DIYA GOEL\Downloads\EBDESIGN\backend\src\routes\moduleSupportInfrastructureRoutes.js","backend/src/routes/moduleSupportInfrastructureRoutes.js","True",""
"C:\Users\DIYA GOEL\Downloads\EBDESIGN\backend\src\routes\moduleSystemsRoutes.js","backend/src/routes/moduleSystemsRoutes.js","True",""
"C:\Users\DIYA GOEL\Downloads\EBDESIGN\backend\src\routes\notificationRoutes.js","backend/src/routes/notificationRoutes.js","True",""
"C:\Users\DIYA GOEL\Downloads\EBDESIGN\backend\src\routes\performanceRoutes.js","backend/src/routes/performanceRoutes.js","True",""
"C:\Users\DIYA GOEL\Downloads\EBDESIGN\backend\src\routes\permissionRoutes.js","backend/src/routes/permissionRoutes.js","True",""
"C:\Users\DIYA GOEL\Downloads\EBDESIGN\backend\src\routes\platformFoundationRoutes.js","backend/src/routes/platformFoundationRoutes.js","True",""
"C:\Users\DIYA GOEL\Downloads\EBDESIGN\backend\src\routes\publicDomainDataExtractionRoutes_merged.js","backend/src/routes/publicDomainDataExtractionRoutes_merged.js","True",""
"C:\Users\DIYA GOEL\Downloads\EBDESIGN\backend\src\routes\reportingRoutes.js","backend/src/routes/reportingRoutes.js","True",""
"C:\Users\DIYA GOEL\Downloads\EBDESIGN\backend\src\routes\resourceRouteFactory.js","backend/src/routes/resourceRouteFactory.js","True",""
"C:\Users\DIYA GOEL\Downloads\EBDESIGN\backend\src\routes\roleRoutes.js","backend/src/routes/roleRoutes.js","True",""
"C:\Users\DIYA GOEL\Downloads\EBDESIGN\backend\src\routes\searchRoutes.js","backend/src/routes/searchRoutes.js","True",""
"C:\Users\DIYA GOEL\Downloads\EBDESIGN\backend\src\routes\securityRoutes.js","backend/src/routes/securityRoutes.js","True",""
"C:\Users\DIYA GOEL\Downloads\EBDESIGN\backend\src\routes\serverManagementRoutes.js","backend/src/routes/serverManagementRoutes.js","True",""
"C:\Users\DIYA GOEL\Downloads\EBDESIGN\backend\src\routes\settingsRoutes.js","backend/src/routes/settingsRoutes.js","True",""
"C:\Users\DIYA GOEL\Downloads\EBDESIGN\backend\src\routes\soilNutrientLandRoutes.js","backend/src/routes/soilNutrientLandRoutes.js","True",""
"C:\Users\DIYA GOEL\Downloads\EBDESIGN\backend\src\routes\startupEnvironmentRoutes.js","backend/src/routes/startupEnvironmentRoutes.js","True",""
"C:\Users\DIYA GOEL\Downloads\EBDESIGN\backend\src\routes\systemConfigRoutes.js","backend/src/routes/systemConfigRoutes.js","True",""
"C:\Users\DIYA GOEL\Downloads\EBDESIGN\backend\src\routes\unifiedLedgerRoutes_merged.js","backend/src/routes/unifiedLedgerRoutes_merged.js","True",""
"C:\Users\DIYA GOEL\Downloads\EBDESIGN\backend\src\routes\vendorProcurementRoutes.js","backend/src/routes/vendorProcurementRoutes.js","True",""
"C:\Users\DIYA GOEL\Downloads\EBDESIGN\backend\src\routes\versionRoutes.js","backend/src/routes/versionRoutes.js","True",""
"C:\Users\DIYA GOEL\Downloads\EBDESIGN\backend\src\routes\waterIrrigationRoutes.js","backend/src/routes/waterIrrigationRoutes.js","True",""
"C:\Users\DIYA GOEL\Downloads\EBDESIGN\backend\src\routes\webhookRoutes.js","backend/src/routes/webhookRoutes.js","True",""
"C:\Users\DIYA GOEL\Downloads\EBDESIGN\backend\src\routes\claude\backendModuleBridge.js","backend/src/routes/claude/backendModuleBridge.js","True",""
"C:\Users\DIYA GOEL\Downloads\EBDESIGN\backend\src\routes\finance\unifiedLedgerRoutes.js","backend/src/routes/finance/unifiedLedgerRoutes.js","True",""
"C:\Users\DIYA GOEL\Downloads\EBDESIGN\backend\src\routes\generated\all_routes.js","backend/src/routes/generated/all_routes.js","True",""
"C:\Users\DIYA GOEL\Downloads\EBDESIGN\backend\src\routes\livestock\dairyRoutes_merged.js","backend/src/routes/livestock/dairyRoutes_merged.js","True",""
"C:\Users\DIYA GOEL\Downloads\EBDESIGN\backend\src\routes\logistics\geofencingRoutes_merged.js","backend/src/routes/logistics/geofencingRoutes_merged.js","True",""
"C:\Users\DIYA GOEL\Downloads\EBDESIGN\backend\src\routes\platform\completeERPIntegrationRoutes_merged.js","backend/src/routes/platform/completeERPIntegrationRoutes_merged.js","True",""
"C:\Users\DIYA GOEL\Downloads\EBDESIGN\backend\src\routes\platform\comprehensiveERPRoutes_merged.js","backend/src/routes/platform/comprehensiveERPRoutes_merged.js","True",""
"C:\Users\DIYA GOEL\Downloads\EBDESIGN\backend\src\routes\platform\informationSharingRoutes_merged.js","backend/src/routes/platform/informationSharingRoutes_merged.js","True",""
"C:\Users\DIYA GOEL\Downloads\EBDESIGN\backend\src\routes\platform\knowledgeRoutes_merged.js","backend/src/routes/platform/knowledgeRoutes_merged.js","True",""
"C:\Users\DIYA GOEL\Downloads\EBDESIGN\backend\src\routes\platform\organizationManagementRoutes_merged.js","backend/src/routes/platform/organizationManagementRoutes_merged.js","True",""
"C:\Users\DIYA GOEL\Downloads\EBDESIGN\backend\src\routes\platform\publicDomainDataExtractionRoutes.js","backend/src/routes/platform/publicDomainDataExtractionRoutes.js","True",""
"C:\Users\DIYA GOEL\Downloads\EBDESIGN\backend\src\routes\__tests__\climateRoutes.test.js","backend/src/routes/__tests__/climateRoutes.test.js","True",""
"C:\Users\DIYA GOEL\Downloads\EBDESIGN\backend\src\routes\__tests__\enterpriseCommerceSafety.test.js","backend/src/routes/__tests__/enterpriseCommerceSafety.test.js","True",""
"C:\Users\DIYA GOEL\Downloads\EBDESIGN\backend\src\routes\__tests__\livestockFisheriesRoutes.test.js","backend/src/routes/__tests__/livestockFisheriesRoutes.test.js","True",""
"C:\Users\DIYA GOEL\Downloads\EBDESIGN\backend\src\routes\__tests__\operationsMachineryRoutes.test.js","backend/src/routes/__tests__/operationsMachineryRoutes.test.js","True",""
"C:\Users\DIYA GOEL\Downloads\EBDESIGN\backend\src\routes\__tests__\platformFoundationRoutes.test.js","backend/src/routes/__tests__/platformFoundationRoutes.test.js","True",""
"C:\Users\DIYA GOEL\Downloads\EBDESIGN\backend\src\routes\__tests__\roboticsRoutes.test.js","backend/src/routes/__tests__/roboticsRoutes.test.js","True",""
"C:\Users\DIYA GOEL\Downloads\EBDESIGN\backend\src\routes\__tests__\waterSoilManagementRoutes.test.js","backend/src/routes/__tests__/waterSoilManagementRoutes.test.js","True",""
"C:\Users\DIYA GOEL\Downloads\EBDESIGN\backend\src\modules\M645100_LIBRARYKNOWLEDGE\api\routes.js","backend/src/modules/M645100_LIBRARYKNOWLEDGE/api/routes.js","True",""
"C:\Users\DIYA GOEL\Downloads\EBDESIGN\backend\src\modules\TEMPLATES\MODULE_TEMPLATE\backend\routes.js","backend/src/modules/TEMPLATES/MODULE_TEMPLATE/backend/routes.js","True",""
