"Classification","Reason","Family","File","Name","Lines","SizeBytes","EndpointCount","ServiceImports","ControllerImports","MiddlewareImports","ExactMountedHashMatches","MountedSignatureMatches"
"SAME_ENDPOINT_SIGNATURE_AS_MOUNTED","Same literal METHOD/path signature exists in mounted route population.","TOP_LEVEL_ROUTE","C:\Users\DIYA GOEL\Downloads\EBDESIGN\backend\src\routes\adminRoutes.js","adminRoutes.js","23","480","2","0","0","1","0","1"
"SAME_ENDPOINT_SIGNATURE_AS_MOUNTED","Same literal METHOD/path signature exists in mounted route population.","TOP_LEVEL_ROUTE","C:\Users\DIYA GOEL\Downloads\EBDESIGN\backend\src\routes\analyticsRoutes.js","analyticsRoutes.js","23","492","2","0","0","1","0","1"
"SAME_ENDPOINT_SIGNATURE_AS_MOUNTED","Same literal METHOD/path signature exists in mounted route population.","TOP_LEVEL_ROUTE","C:\Users\DIYA GOEL\Downloads\EBDESIGN\backend\src\routes\apiDocumentationRoutes.js","apiDocumentationRoutes.js","23","513","2","0","0","1","0","1"
"SAME_ENDPOINT_SIGNATURE_AS_MOUNTED","Same literal METHOD/path signature exists in mounted route population.","TOP_LEVEL_ROUTE","C:\Users\DIYA GOEL\Downloads\EBDESIGN\backend\src\routes\auditLogRoutes.js","auditLogRoutes.js","23","489","2","0","0","1","0","1"
"HISTORICAL_OR_ALTERNATE","Filename indicates historical/alternate implementation.","TOP_LEVEL_ROUTE","C:\Users\DIYA GOEL\Downloads\EBDESIGN\backend\src\routes\backupRoutes.js","backupRoutes.js","23","483","2","0","0","1","0","1"
"SAME_ENDPOINT_SIGNATURE_AS_MOUNTED","Same literal METHOD/path signature exists in mounted route population.","TOP_LEVEL_ROUTE","C:\Users\DIYA GOEL\Downloads\EBDESIGN\backend\src\routes\bulkOperationRoutes.js","bulkOperationRoutes.js","23","504","2","0","0","1","0","1"
"SAME_ENDPOINT_SIGNATURE_AS_MOUNTED","Same literal METHOD/path signature exists in mounted route population.","TOP_LEVEL_ROUTE","C:\Users\DIYA GOEL\Downloads\EBDESIGN\backend\src\routes\cacheRoutes.js","cacheRoutes.js","23","480","2","0","0","1","0","1"
"SUBSTANTIAL_UNMOUNTED_IMPLEMENTATION","Substantial size and/or controller/service dependencies.","TOP_LEVEL_ROUTE","C:\Users\DIYA GOEL\Downloads\EBDESIGN\backend\src\routes\cloudManagementRoutes.js","cloudManagementRoutes.js","547","13356","22","1","0","2","0","0"
"SUBSTANTIAL_UNMOUNTED_IMPLEMENTATION","Substantial size and/or controller/service dependencies.","TOP_LEVEL_ROUTE","C:\Users\DIYA GOEL\Downloads\EBDESIGN\backend\src\routes\communityRoutes.js","communityRoutes.js","580","12325","26","1","0","1","0","0"
"SAME_ENDPOINT_SIGNATURE_AS_MOUNTED","Same literal METHOD/path signature exists in mounted route population.","TOP_LEVEL_ROUTE","C:\Users\DIYA GOEL\Downloads\EBDESIGN\backend\src\routes\dataExportRoutes.js","dataExportRoutes.js","23","495","2","0","0","1","0","1"
"SAME_ENDPOINT_SIGNATURE_AS_MOUNTED","Same literal METHOD/path signature exists in mounted route population.","TOP_LEVEL_ROUTE","C:\Users\DIYA GOEL\Downloads\EBDESIGN\backend\src\routes\ENDPOINT_MISMATCH_FIXER_COMPLETE.js","ENDPOINT_MISMATCH_FIXER_COMPLETE.js","20","382","1","0","0","0","0","43"
"SUBSTANTIAL_UNMOUNTED_IMPLEMENTATION","Substantial size and/or controller/service dependencies.","TOP_LEVEL_ROUTE","C:\Users\DIYA GOEL\Downloads\EBDESIGN\backend\src\routes\enterpriseControlRoutes.js","enterpriseControlRoutes.js","501","14786","27","1","0","3","0","0"
"SUBSTANTIAL_UNMOUNTED_IMPLEMENTATION","Substantial size and/or controller/service dependencies.","TOP_LEVEL_ROUTE","C:\Users\DIYA GOEL\Downloads\EBDESIGN\backend\src\routes\erpRoutes.js","erpRoutes.js","280","7591","7","1","0","2","0","0"
"SAME_ENDPOINT_SIGNATURE_AS_MOUNTED","Same literal METHOD/path signature exists in mounted route population.","TOP_LEVEL_ROUTE","C:\Users\DIYA GOEL\Downloads\EBDESIGN\backend\src\routes\errorLogRoutes.js","errorLogRoutes.js","23","489","2","0","0","1","0","1"
"SAME_ENDPOINT_SIGNATURE_AS_MOUNTED","Same literal METHOD/path signature exists in mounted route population.","TOP_LEVEL_ROUTE","C:\Users\DIYA GOEL\Downloads\EBDESIGN\backend\src\routes\exportRoutes.js","exportRoutes.js","23","483","2","0","0","1","0","1"
"SUBSTANTIAL_UNMOUNTED_IMPLEMENTATION","Substantial size and/or controller/service dependencies.","TOP_LEVEL_ROUTE","C:\Users\DIYA GOEL\Downloads\EBDESIGN\backend\src\routes\farmerKycRoutes.js","farmerKycRoutes.js","38","1645","5","1","0","1","0","0"
"SUBSTANTIAL_UNMOUNTED_IMPLEMENTATION","Substantial size and/or controller/service dependencies.","TOP_LEVEL_ROUTE","C:\Users\DIYA GOEL\Downloads\EBDESIGN\backend\src\routes\farmerVerificationRoutes.js","farmerVerificationRoutes.js","34","1369","4","1","0","1","0","0"
"HISTORICAL_OR_ALTERNATE","Filename indicates historical/alternate implementation.","TOP_LEVEL_ROUTE","C:\Users\DIYA GOEL\Downloads\EBDESIGN\backend\src\routes\gdprRoutes_merged.js","gdprRoutes_merged.js","34","1121","3","1","0","1","0","0"
"SAME_ENDPOINT_SIGNATURE_AS_MOUNTED","Same literal METHOD/path signature exists in mounted route population.","TOP_LEVEL_ROUTE","C:\Users\DIYA GOEL\Downloads\EBDESIGN\backend\src\routes\healthCheckRoutes.js","healthCheckRoutes.js","23","498","2","0","0","1","0","1"
"SAME_ENDPOINT_SIGNATURE_AS_MOUNTED","Same literal METHOD/path signature exists in mounted route population.","TOP_LEVEL_ROUTE","C:\Users\DIYA GOEL\Downloads\EBDESIGN\backend\src\routes\integrationRoutes.js","integrationRoutes.js","23","498","2","0","0","1","0","1"
"SUBSTANTIAL_UNMOUNTED_IMPLEMENTATION","Substantial size and/or controller/service dependencies.","TOP_LEVEL_ROUTE","C:\Users\DIYA GOEL\Downloads\EBDESIGN\backend\src\routes\labourRoutes.js","labourRoutes.js","27","1024","7","1","0","1","0","0"
"HISTORICAL_OR_ALTERNATE","Filename indicates historical/alternate implementation.","TOP_LEVEL_ROUTE","C:\Users\DIYA GOEL\Downloads\EBDESIGN\backend\src\routes\libraryRoutes_merged.js","libraryRoutes_merged.js","80","1636","3","0","0","0","0","0"
"SUBSTANTIAL_UNMOUNTED_IMPLEMENTATION","Substantial size and/or controller/service dependencies.","TOP_LEVEL_ROUTE","C:\Users\DIYA GOEL\Downloads\EBDESIGN\backend\src\routes\M041VillageERP.js","M041VillageERP.js","421","12595","24","1","0","0","0","0"
"GENERATED_OR_COMPATIBILITY_MXXX","Top-level Mxxx route naming matches generated/compatibility estate.","TOP_LEVEL_ROUTE","C:\Users\DIYA GOEL\Downloads\EBDESIGN\backend\src\routes\M100Routes.js","M100Routes.js","39","956","6","0","0","1","0","0"
"GENERATED_OR_COMPATIBILITY_MXXX","Top-level Mxxx route naming matches generated/compatibility estate.","TOP_LEVEL_ROUTE","C:\Users\DIYA GOEL\Downloads\EBDESIGN\backend\src\routes\M101Routes.js","M101Routes.js","39","956","6","0","0","1","0","0"
"GENERATED_OR_COMPATIBILITY_MXXX","Top-level Mxxx route naming matches generated/compatibility estate.","TOP_LEVEL_ROUTE","C:\Users\DIYA GOEL\Downloads\EBDESIGN\backend\src\routes\M102Routes.js","M102Routes.js","39","956","6","0","0","1","0","0"
"GENERATED_OR_COMPATIBILITY_MXXX","Top-level Mxxx route naming matches generated/compatibility estate.","TOP_LEVEL_ROUTE","C:\Users\DIYA GOEL\Downloads\EBDESIGN\backend\src\routes\M103Routes.js","M103Routes.js","39","956","6","0","0","1","0","0"
"GENERATED_OR_COMPATIBILITY_MXXX","Top-level Mxxx route naming matches generated/compatibility estate.","TOP_LEVEL_ROUTE","C:\Users\DIYA GOEL\Downloads\EBDESIGN\backend\src\routes\M104Routes.js","M104Routes.js","39","956","6","0","0","1","0","0"
"GENERATED_OR_COMPATIBILITY_MXXX","Top-level Mxxx route naming matches generated/compatibility estate.","TOP_LEVEL_ROUTE","C:\Users\DIYA GOEL\Downloads\EBDESIGN\backend\src\routes\M105Routes.js","M105Routes.js","39","956","6","0","0","1","0","0"
"GENERATED_OR_COMPATIBILITY_MXXX","Top-level Mxxx route naming matches generated/compatibility estate.","TOP_LEVEL_ROUTE","C:\Users\DIYA GOEL\Downloads\EBDESIGN\backend\src\routes\M106Routes.js","M106Routes.js","39","956","6","0","0","1","0","0"
"GENERATED_OR_COMPATIBILITY_MXXX","Top-level Mxxx route naming matches generated/compatibility estate.","TOP_LEVEL_ROUTE","C:\Users\DIYA GOEL\Downloads\EBDESIGN\backend\src\routes\M107Routes.js","M107Routes.js","39","956","6","0","0","1","0","0"
"GENERATED_OR_COMPATIBILITY_MXXX","Top-level Mxxx route naming matches generated/compatibility estate.","TOP_LEVEL_ROUTE","C:\Users\DIYA GOEL\Downloads\EBDESIGN\backend\src\routes\M108Routes.js","M108Routes.js","39","956","6","0","0","1","0","0"
"GENERATED_OR_COMPATIBILITY_MXXX","Top-level Mxxx route naming matches generated/compatibility estate.","TOP_LEVEL_ROUTE","C:\Users\DIYA GOEL\Downloads\EBDESIGN\backend\src\routes\M109Routes.js","M109Routes.js","39","956","6","0","0","1","0","0"
"GENERATED_OR_COMPATIBILITY_MXXX","Top-level Mxxx route naming matches generated/compatibility estate.","TOP_LEVEL_ROUTE","C:\Users\DIYA GOEL\Downloads\EBDESIGN\backend\src\routes\M110Routes.js","M110Routes.js","39","956","6","0","0","1","0","0"
"GENERATED_OR_COMPATIBILITY_MXXX","Top-level Mxxx route naming matches generated/compatibility estate.","TOP_LEVEL_ROUTE","C:\Users\DIYA GOEL\Downloads\EBDESIGN\backend\src\routes\M111Routes.js","M111Routes.js","39","956","6","0","0","1","0","0"
"GENERATED_OR_COMPATIBILITY_MXXX","Top-level Mxxx route naming matches generated/compatibility estate.","TOP_LEVEL_ROUTE","C:\Users\DIYA GOEL\Downloads\EBDESIGN\backend\src\routes\M112Routes.js","M112Routes.js","39","956","6","0","0","1","0","0"
"GENERATED_OR_COMPATIBILITY_MXXX","Top-level Mxxx route naming matches generated/compatibility estate.","TOP_LEVEL_ROUTE","C:\Users\DIYA GOEL\Downloads\EBDESIGN\backend\src\routes\M113Routes.js","M113Routes.js","39","956","6","0","0","1","0","0"
"GENERATED_OR_COMPATIBILITY_MXXX","Top-level Mxxx route naming matches generated/compatibility estate.","TOP_LEVEL_ROUTE","C:\Users\DIYA GOEL\Downloads\EBDESIGN\backend\src\routes\M114Routes.js","M114Routes.js","39","956","6","0","0","1","0","0"
"GENERATED_OR_COMPATIBILITY_MXXX","Top-level Mxxx route naming matches generated/compatibility estate.","TOP_LEVEL_ROUTE","C:\Users\DIYA GOEL\Downloads\EBDESIGN\backend\src\routes\M115Routes.js","M115Routes.js","39","956","6","0","0","1","0","0"
"GENERATED_OR_COMPATIBILITY_MXXX","Top-level Mxxx route naming matches generated/compatibility estate.","TOP_LEVEL_ROUTE","C:\Users\DIYA GOEL\Downloads\EBDESIGN\backend\src\routes\M116Routes.js","M116Routes.js","39","956","6","0","0","1","0","0"
"GENERATED_OR_COMPATIBILITY_MXXX","Top-level Mxxx route naming matches generated/compatibility estate.","TOP_LEVEL_ROUTE","C:\Users\DIYA GOEL\Downloads\EBDESIGN\backend\src\routes\M117Routes.js","M117Routes.js","39","956","6","0","0","1","0","0"
"GENERATED_OR_COMPATIBILITY_MXXX","Top-level Mxxx route naming matches generated/compatibility estate.","TOP_LEVEL_ROUTE","C:\Users\DIYA GOEL\Downloads\EBDESIGN\backend\src\routes\M118Routes.js","M118Routes.js","39","956","6","0","0","1","0","0"
"GENERATED_OR_COMPATIBILITY_MXXX","Top-level Mxxx route naming matches generated/compatibility estate.","TOP_LEVEL_ROUTE","C:\Users\DIYA GOEL\Downloads\EBDESIGN\backend\src\routes\M119Routes.js","M119Routes.js","39","956","6","0","0","1","0","0"
"GENERATED_OR_COMPATIBILITY_MXXX","Top-level Mxxx route naming matches generated/compatibility estate.","TOP_LEVEL_ROUTE","C:\Users\DIYA GOEL\Downloads\EBDESIGN\backend\src\routes\M120Routes.js","M120Routes.js","39","956","6","0","0","1","0","0"
"GENERATED_OR_COMPATIBILITY_MXXX","Top-level Mxxx route naming matches generated/compatibility estate.","TOP_LEVEL_ROUTE","C:\Users\DIYA GOEL\Downloads\EBDESIGN\backend\src\routes\M121Routes.js","M121Routes.js","39","956","6","0","0","1","0","0"
"GENERATED_OR_COMPATIBILITY_MXXX","Top-level Mxxx route naming matches generated/compatibility estate.","TOP_LEVEL_ROUTE","C:\Users\DIYA GOEL\Downloads\EBDESIGN\backend\src\routes\M122Routes.js","M122Routes.js","39","956","6","0","0","1","0","0"
"GENERATED_OR_COMPATIBILITY_MXXX","Top-level Mxxx route naming matches generated/compatibility estate.","TOP_LEVEL_ROUTE","C:\Users\DIYA GOEL\Downloads\EBDESIGN\backend\src\routes\M123Routes.js","M123Routes.js","39","956","6","0","0","1","0","0"
"GENERATED_OR_COMPATIBILITY_MXXX","Top-level Mxxx route naming matches generated/compatibility estate.","TOP_LEVEL_ROUTE","C:\Users\DIYA GOEL\Downloads\EBDESIGN\backend\src\routes\M124Routes.js","M124Routes.js","39","956","6","0","0","1","0","0"
"GENERATED_OR_COMPATIBILITY_MXXX","Top-level Mxxx route naming matches generated/compatibility estate.","TOP_LEVEL_ROUTE","C:\Users\DIYA GOEL\Downloads\EBDESIGN\backend\src\routes\M125Routes.js","M125Routes.js","39","956","6","0","0","1","0","0"
"GENERATED_OR_COMPATIBILITY_MXXX","Top-level Mxxx route naming matches generated/compatibility estate.","TOP_LEVEL_ROUTE","C:\Users\DIYA GOEL\Downloads\EBDESIGN\backend\src\routes\M126Routes.js","M126Routes.js","39","956","6","0","0","1","0","0"
"GENERATED_OR_COMPATIBILITY_MXXX","Top-level Mxxx route naming matches generated/compatibility estate.","TOP_LEVEL_ROUTE","C:\Users\DIYA GOEL\Downloads\EBDESIGN\backend\src\routes\M127Routes.js","M127Routes.js","39","956","6","0","0","1","0","0"
"GENERATED_OR_COMPATIBILITY_MXXX","Top-level Mxxx route naming matches generated/compatibility estate.","TOP_LEVEL_ROUTE","C:\Users\DIYA GOEL\Downloads\EBDESIGN\backend\src\routes\M128Routes.js","M128Routes.js","39","956","6","0","0","1","0","0"
"GENERATED_OR_COMPATIBILITY_MXXX","Top-level Mxxx route naming matches generated/compatibility estate.","TOP_LEVEL_ROUTE","C:\Users\DIYA GOEL\Downloads\EBDESIGN\backend\src\routes\M129Routes.js","M129Routes.js","39","956","6","0","0","1","0","0"
"GENERATED_OR_COMPATIBILITY_MXXX","Top-level Mxxx route naming matches generated/compatibility estate.","TOP_LEVEL_ROUTE","C:\Users\DIYA GOEL\Downloads\EBDESIGN\backend\src\routes\M130Routes.js","M130Routes.js","39","956","6","0","0","1","0","0"
"GENERATED_OR_COMPATIBILITY_MXXX","Top-level Mxxx route naming matches generated/compatibility estate.","TOP_LEVEL_ROUTE","C:\Users\DIYA GOEL\Downloads\EBDESIGN\backend\src\routes\M131Routes.js","M131Routes.js","39","956","6","0","0","1","0","0"
"GENERATED_OR_COMPATIBILITY_MXXX","Top-level Mxxx route naming matches generated/compatibility estate.","TOP_LEVEL_ROUTE","C:\Users\DIYA GOEL\Downloads\EBDESIGN\backend\src\routes\M132Routes.js","M132Routes.js","39","956","6","0","0","1","0","0"
"GENERATED_OR_COMPATIBILITY_MXXX","Top-level Mxxx route naming matches generated/compatibility estate.","TOP_LEVEL_ROUTE","C:\Users\DIYA GOEL\Downloads\EBDESIGN\backend\src\routes\M133Routes.js","M133Routes.js","39","956","6","0","0","1","0","0"
"GENERATED_OR_COMPATIBILITY_MXXX","Top-level Mxxx route naming matches generated/compatibility estate.","TOP_LEVEL_ROUTE","C:\Users\DIYA GOEL\Downloads\EBDESIGN\backend\src\routes\M134Routes.js","M134Routes.js","39","956","6","0","0","1","0","0"
"GENERATED_OR_COMPATIBILITY_MXXX","Top-level Mxxx route naming matches generated/compatibility estate.","TOP_LEVEL_ROUTE","C:\Users\DIYA GOEL\Downloads\EBDESIGN\backend\src\routes\M135Routes.js","M135Routes.js","39","956","6","0","0","1","0","0"
"GENERATED_OR_COMPATIBILITY_MXXX","Top-level Mxxx route naming matches generated/compatibility estate.","TOP_LEVEL_ROUTE","C:\Users\DIYA GOEL\Downloads\EBDESIGN\backend\src\routes\M136Routes.js","M136Routes.js","39","956","6","0","0","1","0","0"
"GENERATED_OR_COMPATIBILITY_MXXX","Top-level Mxxx route naming matches generated/compatibility estate.","TOP_LEVEL_ROUTE","C:\Users\DIYA GOEL\Downloads\EBDESIGN\backend\src\routes\M137Routes.js","M137Routes.js","39","956","6","0","0","1","0","0"
"GENERATED_OR_COMPATIBILITY_MXXX","Top-level Mxxx route naming matches generated/compatibility estate.","TOP_LEVEL_ROUTE","C:\Users\DIYA GOEL\Downloads\EBDESIGN\backend\src\routes\M138Routes.js","M138Routes.js","39","956","6","0","0","1","0","0"
"GENERATED_OR_COMPATIBILITY_MXXX","Top-level Mxxx route naming matches generated/compatibility estate.","TOP_LEVEL_ROUTE","C:\Users\DIYA GOEL\Downloads\EBDESIGN\backend\src\routes\M139Routes.js","M139Routes.js","39","956","6","0","0","1","0","0"
"GENERATED_OR_COMPATIBILITY_MXXX","Top-level Mxxx route naming matches generated/compatibility estate.","TOP_LEVEL_ROUTE","C:\Users\DIYA GOEL\Downloads\EBDESIGN\backend\src\routes\M140Routes.js","M140Routes.js","39","956","6","0","0","1","0","0"
"GENERATED_OR_COMPATIBILITY_MXXX","Top-level Mxxx route naming matches generated/compatibility estate.","TOP_LEVEL_ROUTE","C:\Users\DIYA GOEL\Downloads\EBDESIGN\backend\src\routes\M141Routes.js","M141Routes.js","39","956","6","0","0","1","0","0"
"GENERATED_OR_COMPATIBILITY_MXXX","Top-level Mxxx route naming matches generated/compatibility estate.","TOP_LEVEL_ROUTE","C:\Users\DIYA GOEL\Downloads\EBDESIGN\backend\src\routes\M142Routes.js","M142Routes.js","39","956","6","0","0","1","0","0"
"GENERATED_OR_COMPATIBILITY_MXXX","Top-level Mxxx route naming matches generated/compatibility estate.","TOP_LEVEL_ROUTE","C:\Users\DIYA GOEL\Downloads\EBDESIGN\backend\src\routes\M143Routes.js","M143Routes.js","39","956","6","0","0","1","0","0"
"GENERATED_OR_COMPATIBILITY_MXXX","Top-level Mxxx route naming matches generated/compatibility estate.","TOP_LEVEL_ROUTE","C:\Users\DIYA GOEL\Downloads\EBDESIGN\backend\src\routes\M144Routes.js","M144Routes.js","39","956","6","0","0","1","0","0"
"GENERATED_OR_COMPATIBILITY_MXXX","Top-level Mxxx route naming matches generated/compatibility estate.","TOP_LEVEL_ROUTE","C:\Users\DIYA GOEL\Downloads\EBDESIGN\backend\src\routes\M145Routes.js","M145Routes.js","39","956","6","0","0","1","0","0"
"GENERATED_OR_COMPATIBILITY_MXXX","Top-level Mxxx route naming matches generated/compatibility estate.","TOP_LEVEL_ROUTE","C:\Users\DIYA GOEL\Downloads\EBDESIGN\backend\src\routes\M146Routes.js","M146Routes.js","39","956","6","0","0","1","0","0"
"GENERATED_OR_COMPATIBILITY_MXXX","Top-level Mxxx route naming matches generated/compatibility estate.","TOP_LEVEL_ROUTE","C:\Users\DIYA GOEL\Downloads\EBDESIGN\backend\src\routes\M147Routes.js","M147Routes.js","39","956","6","0","0","1","0","0"
"GENERATED_OR_COMPATIBILITY_MXXX","Top-level Mxxx route naming matches generated/compatibility estate.","TOP_LEVEL_ROUTE","C:\Users\DIYA GOEL\Downloads\EBDESIGN\backend\src\routes\M148Routes.js","M148Routes.js","39","956","6","0","0","1","0","0"
"GENERATED_OR_COMPATIBILITY_MXXX","Top-level Mxxx route naming matches generated/compatibility estate.","TOP_LEVEL_ROUTE","C:\Users\DIYA GOEL\Downloads\EBDESIGN\backend\src\routes\M149Routes.js","M149Routes.js","39","956","6","0","0","1","0","0"
"GENERATED_OR_COMPATIBILITY_MXXX","Top-level Mxxx route naming matches generated/compatibility estate.","TOP_LEVEL_ROUTE","C:\Users\DIYA GOEL\Downloads\EBDESIGN\backend\src\routes\M150Routes.js","M150Routes.js","39","956","6","0","0","1","0","0"
"GENERATED_OR_COMPATIBILITY_MXXX","Top-level Mxxx route naming matches generated/compatibility estate.","TOP_LEVEL_ROUTE","C:\Users\DIYA GOEL\Downloads\EBDESIGN\backend\src\routes\M151Routes.js","M151Routes.js","39","956","6","0","0","1","0","0"
"GENERATED_OR_COMPATIBILITY_MXXX","Top-level Mxxx route naming matches generated/compatibility estate.","TOP_LEVEL_ROUTE","C:\Users\DIYA GOEL\Downloads\EBDESIGN\backend\src\routes\M152Routes.js","M152Routes.js","39","956","6","0","0","1","0","0"
"GENERATED_OR_COMPATIBILITY_MXXX","Top-level Mxxx route naming matches generated/compatibility estate.","TOP_LEVEL_ROUTE","C:\Users\DIYA GOEL\Downloads\EBDESIGN\backend\src\routes\M153Routes.js","M153Routes.js","39","956","6","0","0","1","0","0"
"GENERATED_OR_COMPATIBILITY_MXXX","Top-level Mxxx route naming matches generated/compatibility estate.","TOP_LEVEL_ROUTE","C:\Users\DIYA GOEL\Downloads\EBDESIGN\backend\src\routes\M154Routes.js","M154Routes.js","39","956","6","0","0","1","0","0"
"GENERATED_OR_COMPATIBILITY_MXXX","Top-level Mxxx route naming matches generated/compatibility estate.","TOP_LEVEL_ROUTE","C:\Users\DIYA GOEL\Downloads\EBDESIGN\backend\src\routes\M155Routes.js","M155Routes.js","39","956","6","0","0","1","0","0"
"GENERATED_OR_COMPATIBILITY_MXXX","Top-level Mxxx route naming matches generated/compatibility estate.","TOP_LEVEL_ROUTE","C:\Users\DIYA GOEL\Downloads\EBDESIGN\backend\src\routes\M156Routes.js","M156Routes.js","39","956","6","0","0","1","0","0"
"GENERATED_OR_COMPATIBILITY_MXXX","Top-level Mxxx route naming matches generated/compatibility estate.","TOP_LEVEL_ROUTE","C:\Users\DIYA GOEL\Downloads\EBDESIGN\backend\src\routes\M157Routes.js","M157Routes.js","39","956","6","0","0","1","0","0"
"GENERATED_OR_COMPATIBILITY_MXXX","Top-level Mxxx route naming matches generated/compatibility estate.","TOP_LEVEL_ROUTE","C:\Users\DIYA GOEL\Downloads\EBDESIGN\backend\src\routes\M158Routes.js","M158Routes.js","39","956","6","0","0","1","0","0"
"GENERATED_OR_COMPATIBILITY_MXXX","Top-level Mxxx route naming matches generated/compatibility estate.","TOP_LEVEL_ROUTE","C:\Users\DIYA GOEL\Downloads\EBDESIGN\backend\src\routes\M159Routes.js","M159Routes.js","39","956","6","0","0","1","0","0"
"GENERATED_OR_COMPATIBILITY_MXXX","Top-level Mxxx route naming matches generated/compatibility estate.","TOP_LEVEL_ROUTE","C:\Users\DIYA GOEL\Downloads\EBDESIGN\backend\src\routes\M160Routes.js","M160Routes.js","39","956","6","0","0","1","0","0"
"GENERATED_OR_COMPATIBILITY_MXXX","Top-level Mxxx route naming matches generated/compatibility estate.","TOP_LEVEL_ROUTE","C:\Users\DIYA GOEL\Downloads\EBDESIGN\backend\src\routes\M161Routes.js","M161Routes.js","39","956","6","0","0","1","0","0"
"GENERATED_OR_COMPATIBILITY_MXXX","Top-level Mxxx route naming matches generated/compatibility estate.","TOP_LEVEL_ROUTE","C:\Users\DIYA GOEL\Downloads\EBDESIGN\backend\src\routes\M162Routes.js","M162Routes.js","39","956","6","0","0","1","0","0"
"GENERATED_OR_COMPATIBILITY_MXXX","Top-level Mxxx route naming matches generated/compatibility estate.","TOP_LEVEL_ROUTE","C:\Users\DIYA GOEL\Downloads\EBDESIGN\backend\src\routes\M163Routes.js","M163Routes.js","39","956","6","0","0","1","0","0"
"GENERATED_OR_COMPATIBILITY_MXXX","Top-level Mxxx route naming matches generated/compatibility estate.","TOP_LEVEL_ROUTE","C:\Users\DIYA GOEL\Downloads\EBDESIGN\backend\src\routes\M164Routes.js","M164Routes.js","39","956","6","0","0","1","0","0"
"GENERATED_OR_COMPATIBILITY_MXXX","Top-level Mxxx route naming matches generated/compatibility estate.","TOP_LEVEL_ROUTE","C:\Users\DIYA GOEL\Downloads\EBDESIGN\backend\src\routes\M165Routes.js","M165Routes.js","39","956","6","0","0","1","0","0"
"GENERATED_OR_COMPATIBILITY_MXXX","Top-level Mxxx route naming matches generated/compatibility estate.","TOP_LEVEL_ROUTE","C:\Users\DIYA GOEL\Downloads\EBDESIGN\backend\src\routes\M166Routes.js","M166Routes.js","39","956","6","0","0","1","0","0"
"GENERATED_OR_COMPATIBILITY_MXXX","Top-level Mxxx route naming matches generated/compatibility estate.","TOP_LEVEL_ROUTE","C:\Users\DIYA GOEL\Downloads\EBDESIGN\backend\src\routes\M167Routes.js","M167Routes.js","39","956","6","0","0","1","0","0"
"GENERATED_OR_COMPATIBILITY_MXXX","Top-level Mxxx route naming matches generated/compatibility estate.","TOP_LEVEL_ROUTE","C:\Users\DIYA GOEL\Downloads\EBDESIGN\backend\src\routes\M168Routes.js","M168Routes.js","39","956","6","0","0","1","0","0"
"GENERATED_OR_COMPATIBILITY_MXXX","Top-level Mxxx route naming matches generated/compatibility estate.","TOP_LEVEL_ROUTE","C:\Users\DIYA GOEL\Downloads\EBDESIGN\backend\src\routes\M169Routes.js","M169Routes.js","39","956","6","0","0","1","0","0"
"GENERATED_OR_COMPATIBILITY_MXXX","Top-level Mxxx route naming matches generated/compatibility estate.","TOP_LEVEL_ROUTE","C:\Users\DIYA GOEL\Downloads\EBDESIGN\backend\src\routes\M170Routes.js","M170Routes.js","39","956","6","0","0","1","0","0"
"GENERATED_OR_COMPATIBILITY_MXXX","Top-level Mxxx route naming matches generated/compatibility estate.","TOP_LEVEL_ROUTE","C:\Users\DIYA GOEL\Downloads\EBDESIGN\backend\src\routes\M171Routes.js","M171Routes.js","39","956","6","0","0","1","0","0"
"GENERATED_OR_COMPATIBILITY_MXXX","Top-level Mxxx route naming matches generated/compatibility estate.","TOP_LEVEL_ROUTE","C:\Users\DIYA GOEL\Downloads\EBDESIGN\backend\src\routes\M172Routes.js","M172Routes.js","39","956","6","0","0","1","0","0"
"GENERATED_OR_COMPATIBILITY_MXXX","Top-level Mxxx route naming matches generated/compatibility estate.","TOP_LEVEL_ROUTE","C:\Users\DIYA GOEL\Downloads\EBDESIGN\backend\src\routes\M173Routes.js","M173Routes.js","39","956","6","0","0","1","0","0"
"GENERATED_OR_COMPATIBILITY_MXXX","Top-level Mxxx route naming matches generated/compatibility estate.","TOP_LEVEL_ROUTE","C:\Users\DIYA GOEL\Downloads\EBDESIGN\backend\src\routes\M174Routes.js","M174Routes.js","39","956","6","0","0","1","0","0"
"GENERATED_OR_COMPATIBILITY_MXXX","Top-level Mxxx route naming matches generated/compatibility estate.","TOP_LEVEL_ROUTE","C:\Users\DIYA GOEL\Downloads\EBDESIGN\backend\src\routes\M175Routes.js","M175Routes.js","39","956","6","0","0","1","0","0"
"GENERATED_OR_COMPATIBILITY_MXXX","Top-level Mxxx route naming matches generated/compatibility estate.","TOP_LEVEL_ROUTE","C:\Users\DIYA GOEL\Downloads\EBDESIGN\backend\src\routes\M176Routes.js","M176Routes.js","39","956","6","0","0","1","0","0"
"GENERATED_OR_COMPATIBILITY_MXXX","Top-level Mxxx route naming matches generated/compatibility estate.","TOP_LEVEL_ROUTE","C:\Users\DIYA GOEL\Downloads\EBDESIGN\backend\src\routes\M177Routes.js","M177Routes.js","39","956","6","0","0","1","0","0"
"GENERATED_OR_COMPATIBILITY_MXXX","Top-level Mxxx route naming matches generated/compatibility estate.","TOP_LEVEL_ROUTE","C:\Users\DIYA GOEL\Downloads\EBDESIGN\backend\src\routes\M178Routes.js","M178Routes.js","39","956","6","0","0","1","0","0"
"GENERATED_OR_COMPATIBILITY_MXXX","Top-level Mxxx route naming matches generated/compatibility estate.","TOP_LEVEL_ROUTE","C:\Users\DIYA GOEL\Downloads\EBDESIGN\backend\src\routes\M179Routes.js","M179Routes.js","39","956","6","0","0","1","0","0"
"GENERATED_OR_COMPATIBILITY_MXXX","Top-level Mxxx route naming matches generated/compatibility estate.","TOP_LEVEL_ROUTE","C:\Users\DIYA GOEL\Downloads\EBDESIGN\backend\src\routes\M180Routes.js","M180Routes.js","39","956","6","0","0","1","0","0"
"GENERATED_OR_COMPATIBILITY_MXXX","Top-level Mxxx route naming matches generated/compatibility estate.","TOP_LEVEL_ROUTE","C:\Users\DIYA GOEL\Downloads\EBDESIGN\backend\src\routes\M181Routes.js","M181Routes.js","39","956","6","0","0","1","0","0"
"GENERATED_OR_COMPATIBILITY_MXXX","Top-level Mxxx route naming matches generated/compatibility estate.","TOP_LEVEL_ROUTE","C:\Users\DIYA GOEL\Downloads\EBDESIGN\backend\src\routes\M182Routes.js","M182Routes.js","39","956","6","0","0","1","0","0"
"GENERATED_OR_COMPATIBILITY_MXXX","Top-level Mxxx route naming matches generated/compatibility estate.","TOP_LEVEL_ROUTE","C:\Users\DIYA GOEL\Downloads\EBDESIGN\backend\src\routes\M183Routes.js","M183Routes.js","39","956","6","0","0","1","0","0"
"GENERATED_OR_COMPATIBILITY_MXXX","Top-level Mxxx route naming matches generated/compatibility estate.","TOP_LEVEL_ROUTE","C:\Users\DIYA GOEL\Downloads\EBDESIGN\backend\src\routes\M184Routes.js","M184Routes.js","39","956","6","0","0","1","0","0"
"GENERATED_OR_COMPATIBILITY_MXXX","Top-level Mxxx route naming matches generated/compatibility estate.","TOP_LEVEL_ROUTE","C:\Users\DIYA GOEL\Downloads\EBDESIGN\backend\src\routes\M185Routes.js","M185Routes.js","39","956","6","0","0","1","0","0"
"GENERATED_OR_COMPATIBILITY_MXXX","Top-level Mxxx route naming matches generated/compatibility estate.","TOP_LEVEL_ROUTE","C:\Users\DIYA GOEL\Downloads\EBDESIGN\backend\src\routes\M186Routes.js","M186Routes.js","39","956","6","0","0","1","0","0"
"GENERATED_OR_COMPATIBILITY_MXXX","Top-level Mxxx route naming matches generated/compatibility estate.","TOP_LEVEL_ROUTE","C:\Users\DIYA GOEL\Downloads\EBDESIGN\backend\src\routes\M187Routes.js","M187Routes.js","39","956","6","0","0","1","0","0"
"GENERATED_OR_COMPATIBILITY_MXXX","Top-level Mxxx route naming matches generated/compatibility estate.","TOP_LEVEL_ROUTE","C:\Users\DIYA GOEL\Downloads\EBDESIGN\backend\src\routes\M188Routes.js","M188Routes.js","39","956","6","0","0","1","0","0"
"GENERATED_OR_COMPATIBILITY_MXXX","Top-level Mxxx route naming matches generated/compatibility estate.","TOP_LEVEL_ROUTE","C:\Users\DIYA GOEL\Downloads\EBDESIGN\backend\src\routes\M189Routes.js","M189Routes.js","39","956","6","0","0","1","0","0"
"GENERATED_OR_COMPATIBILITY_MXXX","Top-level Mxxx route naming matches generated/compatibility estate.","TOP_LEVEL_ROUTE","C:\Users\DIYA GOEL\Downloads\EBDESIGN\backend\src\routes\M190Routes.js","M190Routes.js","39","956","6","0","0","1","0","0"
"GENERATED_OR_COMPATIBILITY_MXXX","Top-level Mxxx route naming matches generated/compatibility estate.","TOP_LEVEL_ROUTE","C:\Users\DIYA GOEL\Downloads\EBDESIGN\backend\src\routes\M191Routes.js","M191Routes.js","39","956","6","0","0","1","0","0"
"GENERATED_OR_COMPATIBILITY_MXXX","Top-level Mxxx route naming matches generated/compatibility estate.","TOP_LEVEL_ROUTE","C:\Users\DIYA GOEL\Downloads\EBDESIGN\backend\src\routes\M192Routes.js","M192Routes.js","39","956","6","0","0","1","0","0"
"GENERATED_OR_COMPATIBILITY_MXXX","Top-level Mxxx route naming matches generated/compatibility estate.","TOP_LEVEL_ROUTE","C:\Users\DIYA GOEL\Downloads\EBDESIGN\backend\src\routes\M193Routes.js","M193Routes.js","39","956","6","0","0","1","0","0"
"GENERATED_OR_COMPATIBILITY_MXXX","Top-level Mxxx route naming matches generated/compatibility estate.","TOP_LEVEL_ROUTE","C:\Users\DIYA GOEL\Downloads\EBDESIGN\backend\src\routes\M194Routes.js","M194Routes.js","39","956","6","0","0","1","0","0"
"GENERATED_OR_COMPATIBILITY_MXXX","Top-level Mxxx route naming matches generated/compatibility estate.","TOP_LEVEL_ROUTE","C:\Users\DIYA GOEL\Downloads\EBDESIGN\backend\src\routes\M195Routes.js","M195Routes.js","39","956","6","0","0","1","0","0"
"GENERATED_OR_COMPATIBILITY_MXXX","Top-level Mxxx route naming matches generated/compatibility estate.","TOP_LEVEL_ROUTE","C:\Users\DIYA GOEL\Downloads\EBDESIGN\backend\src\routes\M196Routes.js","M196Routes.js","39","956","6","0","0","1","0","0"
"GENERATED_OR_COMPATIBILITY_MXXX","Top-level Mxxx route naming matches generated/compatibility estate.","TOP_LEVEL_ROUTE","C:\Users\DIYA GOEL\Downloads\EBDESIGN\backend\src\routes\M197Routes.js","M197Routes.js","39","956","6","0","0","1","0","0"
"GENERATED_OR_COMPATIBILITY_MXXX","Top-level Mxxx route naming matches generated/compatibility estate.","TOP_LEVEL_ROUTE","C:\Users\DIYA GOEL\Downloads\EBDESIGN\backend\src\routes\M198Routes.js","M198Routes.js","39","956","6","0","0","1","0","0"
"GENERATED_OR_COMPATIBILITY_MXXX","Top-level Mxxx route naming matches generated/compatibility estate.","TOP_LEVEL_ROUTE","C:\Users\DIYA GOEL\Downloads\EBDESIGN\backend\src\routes\M199Routes.js","M199Routes.js","39","956","6","0","0","1","0","0"
"GENERATED_OR_COMPATIBILITY_MXXX","Top-level Mxxx route naming matches generated/compatibility estate.","TOP_LEVEL_ROUTE","C:\Users\DIYA GOEL\Downloads\EBDESIGN\backend\src\routes\M200Routes.js","M200Routes.js","39","956","6","0","0","1","0","0"
"GENERATED_OR_COMPATIBILITY_MXXX","Top-level Mxxx route naming matches generated/compatibility estate.","TOP_LEVEL_ROUTE","C:\Users\DIYA GOEL\Downloads\EBDESIGN\backend\src\routes\M201Routes.js","M201Routes.js","39","956","6","0","0","1","0","0"
"GENERATED_OR_COMPATIBILITY_MXXX","Top-level Mxxx route naming matches generated/compatibility estate.","TOP_LEVEL_ROUTE","C:\Users\DIYA GOEL\Downloads\EBDESIGN\backend\src\routes\M202Routes.js","M202Routes.js","39","956","6","0","0","1","0","0"
"GENERATED_OR_COMPATIBILITY_MXXX","Top-level Mxxx route naming matches generated/compatibility estate.","TOP_LEVEL_ROUTE","C:\Users\DIYA GOEL\Downloads\EBDESIGN\backend\src\routes\M203Routes.js","M203Routes.js","39","956","6","0","0","1","0","0"
"GENERATED_OR_COMPATIBILITY_MXXX","Top-level Mxxx route naming matches generated/compatibility estate.","TOP_LEVEL_ROUTE","C:\Users\DIYA GOEL\Downloads\EBDESIGN\backend\src\routes\M204Routes.js","M204Routes.js","39","956","6","0","0","1","0","0"
"GENERATED_OR_COMPATIBILITY_MXXX","Top-level Mxxx route naming matches generated/compatibility estate.","TOP_LEVEL_ROUTE","C:\Users\DIYA GOEL\Downloads\EBDESIGN\backend\src\routes\M205Routes.js","M205Routes.js","39","956","6","0","0","1","0","0"
"GENERATED_OR_COMPATIBILITY_MXXX","Top-level Mxxx route naming matches generated/compatibility estate.","TOP_LEVEL_ROUTE","C:\Users\DIYA GOEL\Downloads\EBDESIGN\backend\src\routes\M206Routes.js","M206Routes.js","39","956","6","0","0","1","0","0"
"GENERATED_OR_COMPATIBILITY_MXXX","Top-level Mxxx route naming matches generated/compatibility estate.","TOP_LEVEL_ROUTE","C:\Users\DIYA GOEL\Downloads\EBDESIGN\backend\src\routes\M207Routes.js","M207Routes.js","39","956","6","0","0","1","0","0"
"GENERATED_OR_COMPATIBILITY_MXXX","Top-level Mxxx route naming matches generated/compatibility estate.","TOP_LEVEL_ROUTE","C:\Users\DIYA GOEL\Downloads\EBDESIGN\backend\src\routes\M208Routes.js","M208Routes.js","39","956","6","0","0","1","0","0"
"GENERATED_OR_COMPATIBILITY_MXXX","Top-level Mxxx route naming matches generated/compatibility estate.","TOP_LEVEL_ROUTE","C:\Users\DIYA GOEL\Downloads\EBDESIGN\backend\src\routes\M209Routes.js","M209Routes.js","39","956","6","0","0","1","0","0"
"GENERATED_OR_COMPATIBILITY_MXXX","Top-level Mxxx route naming matches generated/compatibility estate.","TOP_LEVEL_ROUTE","C:\Users\DIYA GOEL\Downloads\EBDESIGN\backend\src\routes\M210Routes.js","M210Routes.js","39","956","6","0","0","1","0","0"
"GENERATED_OR_COMPATIBILITY_MXXX","Top-level Mxxx route naming matches generated/compatibility estate.","TOP_LEVEL_ROUTE","C:\Users\DIYA GOEL\Downloads\EBDESIGN\backend\src\routes\M211Routes.js","M211Routes.js","39","956","6","0","0","1","0","0"
"GENERATED_OR_COMPATIBILITY_MXXX","Top-level Mxxx route naming matches generated/compatibility estate.","TOP_LEVEL_ROUTE","C:\Users\DIYA GOEL\Downloads\EBDESIGN\backend\src\routes\M212Routes.js","M212Routes.js","39","956","6","0","0","1","0","0"
"GENERATED_OR_COMPATIBILITY_MXXX","Top-level Mxxx route naming matches generated/compatibility estate.","TOP_LEVEL_ROUTE","C:\Users\DIYA GOEL\Downloads\EBDESIGN\backend\src\routes\M213Routes.js","M213Routes.js","39","956","6","0","0","1","0","0"
"GENERATED_OR_COMPATIBILITY_MXXX","Top-level Mxxx route naming matches generated/compatibility estate.","TOP_LEVEL_ROUTE","C:\Users\DIYA GOEL\Downloads\EBDESIGN\backend\src\routes\M214Routes.js","M214Routes.js","39","956","6","0","0","1","0","0"
"GENERATED_OR_COMPATIBILITY_MXXX","Top-level Mxxx route naming matches generated/compatibility estate.","TOP_LEVEL_ROUTE","C:\Users\DIYA GOEL\Downloads\EBDESIGN\backend\src\routes\M215Routes.js","M215Routes.js","39","956","6","0","0","1","0","0"
"GENERATED_OR_COMPATIBILITY_MXXX","Top-level Mxxx route naming matches generated/compatibility estate.","TOP_LEVEL_ROUTE","C:\Users\DIYA GOEL\Downloads\EBDESIGN\backend\src\routes\M216Routes.js","M216Routes.js","39","956","6","0","0","1","0","0"
"GENERATED_OR_COMPATIBILITY_MXXX","Top-level Mxxx route naming matches generated/compatibility estate.","TOP_LEVEL_ROUTE","C:\Users\DIYA GOEL\Downloads\EBDESIGN\backend\src\routes\M217Routes.js","M217Routes.js","39","956","6","0","0","1","0","0"
"GENERATED_OR_COMPATIBILITY_MXXX","Top-level Mxxx route naming matches generated/compatibility estate.","TOP_LEVEL_ROUTE","C:\Users\DIYA GOEL\Downloads\EBDESIGN\backend\src\routes\M218Routes.js","M218Routes.js","39","956","6","0","0","1","0","0"
"GENERATED_OR_COMPATIBILITY_MXXX","Top-level Mxxx route naming matches generated/compatibility estate.","TOP_LEVEL_ROUTE","C:\Users\DIYA GOEL\Downloads\EBDESIGN\backend\src\routes\M219Routes.js","M219Routes.js","39","956","6","0","0","1","0","0"
"GENERATED_OR_COMPATIBILITY_MXXX","Top-level Mxxx route naming matches generated/compatibility estate.","TOP_LEVEL_ROUTE","C:\Users\DIYA GOEL\Downloads\EBDESIGN\backend\src\routes\M220Routes.js","M220Routes.js","39","956","6","0","0","1","0","0"
"GENERATED_OR_COMPATIBILITY_MXXX","Top-level Mxxx route naming matches generated/compatibility estate.","TOP_LEVEL_ROUTE","C:\Users\DIYA GOEL\Downloads\EBDESIGN\backend\src\routes\M221Routes.js","M221Routes.js","39","956","6","0","0","1","0","0"
"GENERATED_OR_COMPATIBILITY_MXXX","Top-level Mxxx route naming matches generated/compatibility estate.","TOP_LEVEL_ROUTE","C:\Users\DIYA GOEL\Downloads\EBDESIGN\backend\src\routes\M222Routes.js","M222Routes.js","39","956","6","0","0","1","0","0"
"GENERATED_OR_COMPATIBILITY_MXXX","Top-level Mxxx route naming matches generated/compatibility estate.","TOP_LEVEL_ROUTE","C:\Users\DIYA GOEL\Downloads\EBDESIGN\backend\src\routes\M223Routes.js","M223Routes.js","39","956","6","0","0","1","0","0"
"GENERATED_OR_COMPATIBILITY_MXXX","Top-level Mxxx route naming matches generated/compatibility estate.","TOP_LEVEL_ROUTE","C:\Users\DIYA GOEL\Downloads\EBDESIGN\backend\src\routes\M224Routes.js","M224Routes.js","39","956","6","0","0","1","0","0"
"GENERATED_OR_COMPATIBILITY_MXXX","Top-level Mxxx route naming matches generated/compatibility estate.","TOP_LEVEL_ROUTE","C:\Users\DIYA GOEL\Downloads\EBDESIGN\backend\src\routes\M225Routes.js","M225Routes.js","39","956","6","0","0","1","0","0"
"GENERATED_OR_COMPATIBILITY_MXXX","Top-level Mxxx route naming matches generated/compatibility estate.","TOP_LEVEL_ROUTE","C:\Users\DIYA GOEL\Downloads\EBDESIGN\backend\src\routes\M226Routes.js","M226Routes.js","39","956","6","0","0","1","0","0"
"GENERATED_OR_COMPATIBILITY_MXXX","Top-level Mxxx route naming matches generated/compatibility estate.","TOP_LEVEL_ROUTE","C:\Users\DIYA GOEL\Downloads\EBDESIGN\backend\src\routes\M227Routes.js","M227Routes.js","39","956","6","0","0","1","0","0"
"GENERATED_OR_COMPATIBILITY_MXXX","Top-level Mxxx route naming matches generated/compatibility estate.","TOP_LEVEL_ROUTE","C:\Users\DIYA GOEL\Downloads\EBDESIGN\backend\src\routes\M228Routes.js","M228Routes.js","39","956","6","0","0","1","0","0"
"GENERATED_OR_COMPATIBILITY_MXXX","Top-level Mxxx route naming matches generated/compatibility estate.","TOP_LEVEL_ROUTE","C:\Users\DIYA GOEL\Downloads\EBDESIGN\backend\src\routes\M229Routes.js","M229Routes.js","39","956","6","0","0","1","0","0"
"GENERATED_OR_COMPATIBILITY_MXXX","Top-level Mxxx route naming matches generated/compatibility estate.","TOP_LEVEL_ROUTE","C:\Users\DIYA GOEL\Downloads\EBDESIGN\backend\src\routes\M230Routes.js","M230Routes.js","39","956","6","0","0","1","0","0"
"GENERATED_OR_COMPATIBILITY_MXXX","Top-level Mxxx route naming matches generated/compatibility estate.","TOP_LEVEL_ROUTE","C:\Users\DIYA GOEL\Downloads\EBDESIGN\backend\src\routes\M231Routes.js","M231Routes.js","39","956","6","0","0","1","0","0"
"GENERATED_OR_COMPATIBILITY_MXXX","Top-level Mxxx route naming matches generated/compatibility estate.","TOP_LEVEL_ROUTE","C:\Users\DIYA GOEL\Downloads\EBDESIGN\backend\src\routes\M232Routes.js","M232Routes.js","39","956","6","0","0","1","0","0"
"GENERATED_OR_COMPATIBILITY_MXXX","Top-level Mxxx route naming matches generated/compatibility estate.","TOP_LEVEL_ROUTE","C:\Users\DIYA GOEL\Downloads\EBDESIGN\backend\src\routes\M233Routes.js","M233Routes.js","39","956","6","0","0","1","0","0"
"GENERATED_OR_COMPATIBILITY_MXXX","Top-level Mxxx route naming matches generated/compatibility estate.","TOP_LEVEL_ROUTE","C:\Users\DIYA GOEL\Downloads\EBDESIGN\backend\src\routes\M234Routes.js","M234Routes.js","39","956","6","0","0","1","0","0"
"GENERATED_OR_COMPATIBILITY_MXXX","Top-level Mxxx route naming matches generated/compatibility estate.","TOP_LEVEL_ROUTE","C:\Users\DIYA GOEL\Downloads\EBDESIGN\backend\src\routes\M235Routes.js","M235Routes.js","39","956","6","0","0","1","0","0"
"GENERATED_OR_COMPATIBILITY_MXXX","Top-level Mxxx route naming matches generated/compatibility estate.","TOP_LEVEL_ROUTE","C:\Users\DIYA GOEL\Downloads\EBDESIGN\backend\src\routes\M236Routes.js","M236Routes.js","39","956","6","0","0","1","0","0"
"GENERATED_OR_COMPATIBILITY_MXXX","Top-level Mxxx route naming matches generated/compatibility estate.","TOP_LEVEL_ROUTE","C:\Users\DIYA GOEL\Downloads\EBDESIGN\backend\src\routes\M237Routes.js","M237Routes.js","39","956","6","0","0","1","0","0"
"GENERATED_OR_COMPATIBILITY_MXXX","Top-level Mxxx route naming matches generated/compatibility estate.","TOP_LEVEL_ROUTE","C:\Users\DIYA GOEL\Downloads\EBDESIGN\backend\src\routes\M238Routes.js","M238Routes.js","39","956","6","0","0","1","0","0"
"GENERATED_OR_COMPATIBILITY_MXXX","Top-level Mxxx route naming matches generated/compatibility estate.","TOP_LEVEL_ROUTE","C:\Users\DIYA GOEL\Downloads\EBDESIGN\backend\src\routes\M239Routes.js","M239Routes.js","39","956","6","0","0","1","0","0"
"GENERATED_OR_COMPATIBILITY_MXXX","Top-level Mxxx route naming matches generated/compatibility estate.","TOP_LEVEL_ROUTE","C:\Users\DIYA GOEL\Downloads\EBDESIGN\backend\src\routes\M240Routes.js","M240Routes.js","39","956","6","0","0","1","0","0"
"GENERATED_OR_COMPATIBILITY_MXXX","Top-level Mxxx route naming matches generated/compatibility estate.","TOP_LEVEL_ROUTE","C:\Users\DIYA GOEL\Downloads\EBDESIGN\backend\src\routes\M241Routes.js","M241Routes.js","39","956","6","0","0","1","0","0"
"GENERATED_OR_COMPATIBILITY_MXXX","Top-level Mxxx route naming matches generated/compatibility estate.","TOP_LEVEL_ROUTE","C:\Users\DIYA GOEL\Downloads\EBDESIGN\backend\src\routes\M242Routes.js","M242Routes.js","39","956","6","0","0","1","0","0"
"GENERATED_OR_COMPATIBILITY_MXXX","Top-level Mxxx route naming matches generated/compatibility estate.","TOP_LEVEL_ROUTE","C:\Users\DIYA GOEL\Downloads\EBDESIGN\backend\src\routes\M243Routes.js","M243Routes.js","39","956","6","0","0","1","0","0"
"GENERATED_OR_COMPATIBILITY_MXXX","Top-level Mxxx route naming matches generated/compatibility estate.","TOP_LEVEL_ROUTE","C:\Users\DIYA GOEL\Downloads\EBDESIGN\backend\src\routes\M244Routes.js","M244Routes.js","39","956","6","0","0","1","0","0"
"GENERATED_OR_COMPATIBILITY_MXXX","Top-level Mxxx route naming matches generated/compatibility estate.","TOP_LEVEL_ROUTE","C:\Users\DIYA GOEL\Downloads\EBDESIGN\backend\src\routes\M245Routes.js","M245Routes.js","39","956","6","0","0","1","0","0"
"GENERATED_OR_COMPATIBILITY_MXXX","Top-level Mxxx route naming matches generated/compatibility estate.","TOP_LEVEL_ROUTE","C:\Users\DIYA GOEL\Downloads\EBDESIGN\backend\src\routes\M246Routes.js","M246Routes.js","39","956","6","0","0","1","0","0"
"GENERATED_OR_COMPATIBILITY_MXXX","Top-level Mxxx route naming matches generated/compatibility estate.","TOP_LEVEL_ROUTE","C:\Users\DIYA GOEL\Downloads\EBDESIGN\backend\src\routes\M247Routes.js","M247Routes.js","39","956","6","0","0","1","0","0"
"GENERATED_OR_COMPATIBILITY_MXXX","Top-level Mxxx route naming matches generated/compatibility estate.","TOP_LEVEL_ROUTE","C:\Users\DIYA GOEL\Downloads\EBDESIGN\backend\src\routes\M248Routes.js","M248Routes.js","39","956","6","0","0","1","0","0"
"GENERATED_OR_COMPATIBILITY_MXXX","Top-level Mxxx route naming matches generated/compatibility estate.","TOP_LEVEL_ROUTE","C:\Users\DIYA GOEL\Downloads\EBDESIGN\backend\src\routes\M249Routes.js","M249Routes.js","39","956","6","0","0","1","0","0"
"GENERATED_OR_COMPATIBILITY_MXXX","Top-level Mxxx route naming matches generated/compatibility estate.","TOP_LEVEL_ROUTE","C:\Users\DIYA GOEL\Downloads\EBDESIGN\backend\src\routes\M250Routes.js","M250Routes.js","39","956","6","0","0","1","0","0"
"GENERATED_OR_COMPATIBILITY_MXXX","Top-level Mxxx route naming matches generated/compatibility estate.","TOP_LEVEL_ROUTE","C:\Users\DIYA GOEL\Downloads\EBDESIGN\backend\src\routes\M251Routes.js","M251Routes.js","39","956","6","0","0","1","0","0"
"GENERATED_OR_COMPATIBILITY_MXXX","Top-level Mxxx route naming matches generated/compatibility estate.","TOP_LEVEL_ROUTE","C:\Users\DIYA GOEL\Downloads\EBDESIGN\backend\src\routes\M252Routes.js","M252Routes.js","39","956","6","0","0","1","0","0"
"GENERATED_OR_COMPATIBILITY_MXXX","Top-level Mxxx route naming matches generated/compatibility estate.","TOP_LEVEL_ROUTE","C:\Users\DIYA GOEL\Downloads\EBDESIGN\backend\src\routes\M253Routes.js","M253Routes.js","39","956","6","0","0","1","0","0"
"GENERATED_OR_COMPATIBILITY_MXXX","Top-level Mxxx route naming matches generated/compatibility estate.","TOP_LEVEL_ROUTE","C:\Users\DIYA GOEL\Downloads\EBDESIGN\backend\src\routes\M254Routes.js","M254Routes.js","39","956","6","0","0","1","0","0"
"GENERATED_OR_COMPATIBILITY_MXXX","Top-level Mxxx route naming matches generated/compatibility estate.","TOP_LEVEL_ROUTE","C:\Users\DIYA GOEL\Downloads\EBDESIGN\backend\src\routes\M255Routes.js","M255Routes.js","39","956","6","0","0","1","0","0"
"GENERATED_OR_COMPATIBILITY_MXXX","Top-level Mxxx route naming matches generated/compatibility estate.","TOP_LEVEL_ROUTE","C:\Users\DIYA GOEL\Downloads\EBDESIGN\backend\src\routes\M256Routes.js","M256Routes.js","39","956","6","0","0","1","0","0"
"GENERATED_OR_COMPATIBILITY_MXXX","Top-level Mxxx route naming matches generated/compatibility estate.","TOP_LEVEL_ROUTE","C:\Users\DIYA GOEL\Downloads\EBDESIGN\backend\src\routes\M257Routes.js","M257Routes.js","39","956","6","0","0","1","0","0"
"GENERATED_OR_COMPATIBILITY_MXXX","Top-level Mxxx route naming matches generated/compatibility estate.","TOP_LEVEL_ROUTE","C:\Users\DIYA GOEL\Downloads\EBDESIGN\backend\src\routes\M258Routes.js","M258Routes.js","39","956","6","0","0","1","0","0"
"GENERATED_OR_COMPATIBILITY_MXXX","Top-level Mxxx route naming matches generated/compatibility estate.","TOP_LEVEL_ROUTE","C:\Users\DIYA GOEL\Downloads\EBDESIGN\backend\src\routes\M259Routes.js","M259Routes.js","39","956","6","0","0","1","0","0"
"GENERATED_OR_COMPATIBILITY_MXXX","Top-level Mxxx route naming matches generated/compatibility estate.","TOP_LEVEL_ROUTE","C:\Users\DIYA GOEL\Downloads\EBDESIGN\backend\src\routes\M260Routes.js","M260Routes.js","39","956","6","0","0","1","0","0"
"GENERATED_OR_COMPATIBILITY_MXXX","Top-level Mxxx route naming matches generated/compatibility estate.","TOP_LEVEL_ROUTE","C:\Users\DIYA GOEL\Downloads\EBDESIGN\backend\src\routes\M261Routes.js","M261Routes.js","39","956","6","0","0","1","0","0"
"GENERATED_OR_COMPATIBILITY_MXXX","Top-level Mxxx route naming matches generated/compatibility estate.","TOP_LEVEL_ROUTE","C:\Users\DIYA GOEL\Downloads\EBDESIGN\backend\src\routes\M262Routes.js","M262Routes.js","39","956","6","0","0","1","0","0"
"GENERATED_OR_COMPATIBILITY_MXXX","Top-level Mxxx route naming matches generated/compatibility estate.","TOP_LEVEL_ROUTE","C:\Users\DIYA GOEL\Downloads\EBDESIGN\backend\src\routes\M263Routes.js","M263Routes.js","39","956","6","0","0","1","0","0"
"GENERATED_OR_COMPATIBILITY_MXXX","Top-level Mxxx route naming matches generated/compatibility estate.","TOP_LEVEL_ROUTE","C:\Users\DIYA GOEL\Downloads\EBDESIGN\backend\src\routes\M264Routes.js","M264Routes.js","39","956","6","0","0","1","0","0"
"GENERATED_OR_COMPATIBILITY_MXXX","Top-level Mxxx route naming matches generated/compatibility estate.","TOP_LEVEL_ROUTE","C:\Users\DIYA GOEL\Downloads\EBDESIGN\backend\src\routes\M265Routes.js","M265Routes.js","39","956","6","0","0","1","0","0"
"GENERATED_OR_COMPATIBILITY_MXXX","Top-level Mxxx route naming matches generated/compatibility estate.","TOP_LEVEL_ROUTE","C:\Users\DIYA GOEL\Downloads\EBDESIGN\backend\src\routes\M266Routes.js","M266Routes.js","39","956","6","0","0","1","0","0"
"GENERATED_OR_COMPATIBILITY_MXXX","Top-level Mxxx route naming matches generated/compatibility estate.","TOP_LEVEL_ROUTE","C:\Users\DIYA GOEL\Downloads\EBDESIGN\backend\src\routes\M267Routes.js","M267Routes.js","39","956","6","0","0","1","0","0"
"GENERATED_OR_COMPATIBILITY_MXXX","Top-level Mxxx route naming matches generated/compatibility estate.","TOP_LEVEL_ROUTE","C:\Users\DIYA GOEL\Downloads\EBDESIGN\backend\src\routes\M268Routes.js","M268Routes.js","39","956","6","0","0","1","0","0"
"GENERATED_OR_COMPATIBILITY_MXXX","Top-level Mxxx route naming matches generated/compatibility estate.","TOP_LEVEL_ROUTE","C:\Users\DIYA GOEL\Downloads\EBDESIGN\backend\src\routes\M269Routes.js","M269Routes.js","39","956","6","0","0","1","0","0"
"GENERATED_OR_COMPATIBILITY_MXXX","Top-level Mxxx route naming matches generated/compatibility estate.","TOP_LEVEL_ROUTE","C:\Users\DIYA GOEL\Downloads\EBDESIGN\backend\src\routes\M270Routes.js","M270Routes.js","39","956","6","0","0","1","0","0"
"GENERATED_OR_COMPATIBILITY_MXXX","Top-level Mxxx route naming matches generated/compatibility estate.","TOP_LEVEL_ROUTE","C:\Users\DIYA GOEL\Downloads\EBDESIGN\backend\src\routes\M271Routes.js","M271Routes.js","39","956","6","0","0","1","0","0"
"GENERATED_OR_COMPATIBILITY_MXXX","Top-level Mxxx route naming matches generated/compatibility estate.","TOP_LEVEL_ROUTE","C:\Users\DIYA GOEL\Downloads\EBDESIGN\backend\src\routes\M272Routes.js","M272Routes.js","39","956","6","0","0","1","0","0"
"GENERATED_OR_COMPATIBILITY_MXXX","Top-level Mxxx route naming matches generated/compatibility estate.","TOP_LEVEL_ROUTE","C:\Users\DIYA GOEL\Downloads\EBDESIGN\backend\src\routes\M273Routes.js","M273Routes.js","39","956","6","0","0","1","0","0"
"GENERATED_OR_COMPATIBILITY_MXXX","Top-level Mxxx route naming matches generated/compatibility estate.","TOP_LEVEL_ROUTE","C:\Users\DIYA GOEL\Downloads\EBDESIGN\backend\src\routes\M274Routes.js","M274Routes.js","39","956","6","0","0","1","0","0"
"GENERATED_OR_COMPATIBILITY_MXXX","Top-level Mxxx route naming matches generated/compatibility estate.","TOP_LEVEL_ROUTE","C:\Users\DIYA GOEL\Downloads\EBDESIGN\backend\src\routes\M275Routes.js","M275Routes.js","39","956","6","0","0","1","0","0"
"GENERATED_OR_COMPATIBILITY_MXXX","Top-level Mxxx route naming matches generated/compatibility estate.","TOP_LEVEL_ROUTE","C:\Users\DIYA GOEL\Downloads\EBDESIGN\backend\src\routes\M276Routes.js","M276Routes.js","39","956","6","0","0","1","0","0"
"GENERATED_OR_COMPATIBILITY_MXXX","Top-level Mxxx route naming matches generated/compatibility estate.","TOP_LEVEL_ROUTE","C:\Users\DIYA GOEL\Downloads\EBDESIGN\backend\src\routes\M277Routes.js","M277Routes.js","39","956","6","0","0","1","0","0"
"GENERATED_OR_COMPATIBILITY_MXXX","Top-level Mxxx route naming matches generated/compatibility estate.","TOP_LEVEL_ROUTE","C:\Users\DIYA GOEL\Downloads\EBDESIGN\backend\src\routes\M278Routes.js","M278Routes.js","39","956","6","0","0","1","0","0"
"GENERATED_OR_COMPATIBILITY_MXXX","Top-level Mxxx route naming matches generated/compatibility estate.","TOP_LEVEL_ROUTE","C:\Users\DIYA GOEL\Downloads\EBDESIGN\backend\src\routes\M279Routes.js","M279Routes.js","39","956","6","0","0","1","0","0"
"GENERATED_OR_COMPATIBILITY_MXXX","Top-level Mxxx route naming matches generated/compatibility estate.","TOP_LEVEL_ROUTE","C:\Users\DIYA GOEL\Downloads\EBDESIGN\backend\src\routes\M280Routes.js","M280Routes.js","39","956","6","0","0","1","0","0"
"GENERATED_OR_COMPATIBILITY_MXXX","Top-level Mxxx route naming matches generated/compatibility estate.","TOP_LEVEL_ROUTE","C:\Users\DIYA GOEL\Downloads\EBDESIGN\backend\src\routes\M281Routes.js","M281Routes.js","39","956","6","0","0","1","0","0"
"GENERATED_OR_COMPATIBILITY_MXXX","Top-level Mxxx route naming matches generated/compatibility estate.","TOP_LEVEL_ROUTE","C:\Users\DIYA GOEL\Downloads\EBDESIGN\backend\src\routes\M282Routes.js","M282Routes.js","39","956","6","0","0","1","0","0"
"GENERATED_OR_COMPATIBILITY_MXXX","Top-level Mxxx route naming matches generated/compatibility estate.","TOP_LEVEL_ROUTE","C:\Users\DIYA GOEL\Downloads\EBDESIGN\backend\src\routes\M283Routes.js","M283Routes.js","39","956","6","0","0","1","0","0"
"GENERATED_OR_COMPATIBILITY_MXXX","Top-level Mxxx route naming matches generated/compatibility estate.","TOP_LEVEL_ROUTE","C:\Users\DIYA GOEL\Downloads\EBDESIGN\backend\src\routes\M284Routes.js","M284Routes.js","39","956","6","0","0","1","0","0"
"GENERATED_OR_COMPATIBILITY_MXXX","Top-level Mxxx route naming matches generated/compatibility estate.","TOP_LEVEL_ROUTE","C:\Users\DIYA GOEL\Downloads\EBDESIGN\backend\src\routes\M285Routes.js","M285Routes.js","39","956","6","0","0","1","0","0"
"GENERATED_OR_COMPATIBILITY_MXXX","Top-level Mxxx route naming matches generated/compatibility estate.","TOP_LEVEL_ROUTE","C:\Users\DIYA GOEL\Downloads\EBDESIGN\backend\src\routes\M286Routes.js","M286Routes.js","39","956","6","0","0","1","0","0"
"GENERATED_OR_COMPATIBILITY_MXXX","Top-level Mxxx route naming matches generated/compatibility estate.","TOP_LEVEL_ROUTE","C:\Users\DIYA GOEL\Downloads\EBDESIGN\backend\src\routes\M287Routes.js","M287Routes.js","39","956","6","0","0","1","0","0"
"GENERATED_OR_COMPATIBILITY_MXXX","Top-level Mxxx route naming matches generated/compatibility estate.","TOP_LEVEL_ROUTE","C:\Users\DIYA GOEL\Downloads\EBDESIGN\backend\src\routes\M288Routes.js","M288Routes.js","39","956","6","0","0","1","0","0"
"GENERATED_OR_COMPATIBILITY_MXXX","Top-level Mxxx route naming matches generated/compatibility estate.","TOP_LEVEL_ROUTE","C:\Users\DIYA GOEL\Downloads\EBDESIGN\backend\src\routes\M289Routes.js","M289Routes.js","39","956","6","0","0","1","0","0"
"GENERATED_OR_COMPATIBILITY_MXXX","Top-level Mxxx route naming matches generated/compatibility estate.","TOP_LEVEL_ROUTE","C:\Users\DIYA GOEL\Downloads\EBDESIGN\backend\src\routes\M290Routes.js","M290Routes.js","39","956","6","0","0","1","0","0"
"GENERATED_OR_COMPATIBILITY_MXXX","Top-level Mxxx route naming matches generated/compatibility estate.","TOP_LEVEL_ROUTE","C:\Users\DIYA GOEL\Downloads\EBDESIGN\backend\src\routes\M291Routes.js","M291Routes.js","39","956","6","0","0","1","0","0"
"GENERATED_OR_COMPATIBILITY_MXXX","Top-level Mxxx route naming matches generated/compatibility estate.","TOP_LEVEL_ROUTE","C:\Users\DIYA GOEL\Downloads\EBDESIGN\backend\src\routes\M292Routes.js","M292Routes.js","39","956","6","0","0","1","0","0"
"GENERATED_OR_COMPATIBILITY_MXXX","Top-level Mxxx route naming matches generated/compatibility estate.","TOP_LEVEL_ROUTE","C:\Users\DIYA GOEL\Downloads\EBDESIGN\backend\src\routes\M293Routes.js","M293Routes.js","39","956","6","0","0","1","0","0"
"GENERATED_OR_COMPATIBILITY_MXXX","Top-level Mxxx route naming matches generated/compatibility estate.","TOP_LEVEL_ROUTE","C:\Users\DIYA GOEL\Downloads\EBDESIGN\backend\src\routes\M294Routes.js","M294Routes.js","39","956","6","0","0","1","0","0"
"GENERATED_OR_COMPATIBILITY_MXXX","Top-level Mxxx route naming matches generated/compatibility estate.","TOP_LEVEL_ROUTE","C:\Users\DIYA GOEL\Downloads\EBDESIGN\backend\src\routes\M295Routes.js","M295Routes.js","39","956","6","0","0","1","0","0"
"GENERATED_OR_COMPATIBILITY_MXXX","Top-level Mxxx route naming matches generated/compatibility estate.","TOP_LEVEL_ROUTE","C:\Users\DIYA GOEL\Downloads\EBDESIGN\backend\src\routes\M296Routes.js","M296Routes.js","39","956","6","0","0","1","0","0"
"GENERATED_OR_COMPATIBILITY_MXXX","Top-level Mxxx route naming matches generated/compatibility estate.","TOP_LEVEL_ROUTE","C:\Users\DIYA GOEL\Downloads\EBDESIGN\backend\src\routes\M297Routes.js","M297Routes.js","39","956","6","0","0","1","0","0"
"GENERATED_OR_COMPATIBILITY_MXXX","Top-level Mxxx route naming matches generated/compatibility estate.","TOP_LEVEL_ROUTE","C:\Users\DIYA GOEL\Downloads\EBDESIGN\backend\src\routes\M298Routes.js","M298Routes.js","39","956","6","0","0","1","0","0"
"GENERATED_OR_COMPATIBILITY_MXXX","Top-level Mxxx route naming matches generated/compatibility estate.","TOP_LEVEL_ROUTE","C:\Users\DIYA GOEL\Downloads\EBDESIGN\backend\src\routes\M299Routes.js","M299Routes.js","39","956","6","0","0","1","0","0"
"GENERATED_OR_COMPATIBILITY_MXXX","Top-level Mxxx route naming matches generated/compatibility estate.","TOP_LEVEL_ROUTE","C:\Users\DIYA GOEL\Downloads\EBDESIGN\backend\src\routes\M300Routes.js","M300Routes.js","39","956","6","0","0","1","0","0"
"GENERATED_OR_COMPATIBILITY_MXXX","Top-level Mxxx route naming matches generated/compatibility estate.","TOP_LEVEL_ROUTE","C:\Users\DIYA GOEL\Downloads\EBDESIGN\backend\src\routes\M301Routes.js","M301Routes.js","39","956","6","0","0","1","0","0"
"GENERATED_OR_COMPATIBILITY_MXXX","Top-level Mxxx route naming matches generated/compatibility estate.","TOP_LEVEL_ROUTE","C:\Users\DIYA GOEL\Downloads\EBDESIGN\backend\src\routes\M302Routes.js","M302Routes.js","39","956","6","0","0","1","0","0"
"GENERATED_OR_COMPATIBILITY_MXXX","Top-level Mxxx route naming matches generated/compatibility estate.","TOP_LEVEL_ROUTE","C:\Users\DIYA GOEL\Downloads\EBDESIGN\backend\src\routes\M303Routes.js","M303Routes.js","39","956","6","0","0","1","0","0"
"GENERATED_OR_COMPATIBILITY_MXXX","Top-level Mxxx route naming matches generated/compatibility estate.","TOP_LEVEL_ROUTE","C:\Users\DIYA GOEL\Downloads\EBDESIGN\backend\src\routes\M304Routes.js","M304Routes.js","39","956","6","0","0","1","0","0"
"GENERATED_OR_COMPATIBILITY_MXXX","Top-level Mxxx route naming matches generated/compatibility estate.","TOP_LEVEL_ROUTE","C:\Users\DIYA GOEL\Downloads\EBDESIGN\backend\src\routes\M305Routes.js","M305Routes.js","39","956","6","0","0","1","0","0"
"GENERATED_OR_COMPATIBILITY_MXXX","Top-level Mxxx route naming matches generated/compatibility estate.","TOP_LEVEL_ROUTE","C:\Users\DIYA GOEL\Downloads\EBDESIGN\backend\src\routes\M306Routes.js","M306Routes.js","39","956","6","0","0","1","0","0"
"GENERATED_OR_COMPATIBILITY_MXXX","Top-level Mxxx route naming matches generated/compatibility estate.","TOP_LEVEL_ROUTE","C:\Users\DIYA GOEL\Downloads\EBDESIGN\backend\src\routes\M307Routes.js","M307Routes.js","39","956","6","0","0","1","0","0"
"GENERATED_OR_COMPATIBILITY_MXXX","Top-level Mxxx route naming matches generated/compatibility estate.","TOP_LEVEL_ROUTE","C:\Users\DIYA GOEL\Downloads\EBDESIGN\backend\src\routes\M308Routes.js","M308Routes.js","39","956","6","0","0","1","0","0"
"GENERATED_OR_COMPATIBILITY_MXXX","Top-level Mxxx route naming matches generated/compatibility estate.","TOP_LEVEL_ROUTE","C:\Users\DIYA GOEL\Downloads\EBDESIGN\backend\src\routes\M309Routes.js","M309Routes.js","39","956","6","0","0","1","0","0"
"GENERATED_OR_COMPATIBILITY_MXXX","Top-level Mxxx route naming matches generated/compatibility estate.","TOP_LEVEL_ROUTE","C:\Users\DIYA GOEL\Downloads\EBDESIGN\backend\src\routes\M310Routes.js","M310Routes.js","39","956","6","0","0","1","0","0"
"GENERATED_OR_COMPATIBILITY_MXXX","Top-level Mxxx route naming matches generated/compatibility estate.","TOP_LEVEL_ROUTE","C:\Users\DIYA GOEL\Downloads\EBDESIGN\backend\src\routes\M311Routes.js","M311Routes.js","39","956","6","0","0","1","0","0"
"GENERATED_OR_COMPATIBILITY_MXXX","Top-level Mxxx route naming matches generated/compatibility estate.","TOP_LEVEL_ROUTE","C:\Users\DIYA GOEL\Downloads\EBDESIGN\backend\src\routes\M312Routes.js","M312Routes.js","39","956","6","0","0","1","0","0"
"GENERATED_OR_COMPATIBILITY_MXXX","Top-level Mxxx route naming matches generated/compatibility estate.","TOP_LEVEL_ROUTE","C:\Users\DIYA GOEL\Downloads\EBDESIGN\backend\src\routes\M313Routes.js","M313Routes.js","39","956","6","0","0","1","0","0"
"GENERATED_OR_COMPATIBILITY_MXXX","Top-level Mxxx route naming matches generated/compatibility estate.","TOP_LEVEL_ROUTE","C:\Users\DIYA GOEL\Downloads\EBDESIGN\backend\src\routes\M314Routes.js","M314Routes.js","39","956","6","0","0","1","0","0"
"GENERATED_OR_COMPATIBILITY_MXXX","Top-level Mxxx route naming matches generated/compatibility estate.","TOP_LEVEL_ROUTE","C:\Users\DIYA GOEL\Downloads\EBDESIGN\backend\src\routes\M315Routes.js","M315Routes.js","39","956","6","0","0","1","0","0"
"GENERATED_OR_COMPATIBILITY_MXXX","Top-level Mxxx route naming matches generated/compatibility estate.","TOP_LEVEL_ROUTE","C:\Users\DIYA GOEL\Downloads\EBDESIGN\backend\src\routes\M316Routes.js","M316Routes.js","39","956","6","0","0","1","0","0"
"GENERATED_OR_COMPATIBILITY_MXXX","Top-level Mxxx route naming matches generated/compatibility estate.","TOP_LEVEL_ROUTE","C:\Users\DIYA GOEL\Downloads\EBDESIGN\backend\src\routes\M317Routes.js","M317Routes.js","39","956","6","0","0","1","0","0"
"GENERATED_OR_COMPATIBILITY_MXXX","Top-level Mxxx route naming matches generated/compatibility estate.","TOP_LEVEL_ROUTE","C:\Users\DIYA GOEL\Downloads\EBDESIGN\backend\src\routes\M318Routes.js","M318Routes.js","39","956","6","0","0","1","0","0"
"GENERATED_OR_COMPATIBILITY_MXXX","Top-level Mxxx route naming matches generated/compatibility estate.","TOP_LEVEL_ROUTE","C:\Users\DIYA GOEL\Downloads\EBDESIGN\backend\src\routes\M319Routes.js","M319Routes.js","39","956","6","0","0","1","0","0"
"GENERATED_OR_COMPATIBILITY_MXXX","Top-level Mxxx route naming matches generated/compatibility estate.","TOP_LEVEL_ROUTE","C:\Users\DIYA GOEL\Downloads\EBDESIGN\backend\src\routes\M31Routes.js","M31Routes.js","39","949","6","0","0","1","0","0"
"GENERATED_OR_COMPATIBILITY_MXXX","Top-level Mxxx route naming matches generated/compatibility estate.","TOP_LEVEL_ROUTE","C:\Users\DIYA GOEL\Downloads\EBDESIGN\backend\src\routes\M320Routes.js","M320Routes.js","39","956","6","0","0","1","0","0"
"GENERATED_OR_COMPATIBILITY_MXXX","Top-level Mxxx route naming matches generated/compatibility estate.","TOP_LEVEL_ROUTE","C:\Users\DIYA GOEL\Downloads\EBDESIGN\backend\src\routes\M321Routes.js","M321Routes.js","39","956","6","0","0","1","0","0"
"GENERATED_OR_COMPATIBILITY_MXXX","Top-level Mxxx route naming matches generated/compatibility estate.","TOP_LEVEL_ROUTE","C:\Users\DIYA GOEL\Downloads\EBDESIGN\backend\src\routes\M322Routes.js","M322Routes.js","39","956","6","0","0","1","0","0"
"GENERATED_OR_COMPATIBILITY_MXXX","Top-level Mxxx route naming matches generated/compatibility estate.","TOP_LEVEL_ROUTE","C:\Users\DIYA GOEL\Downloads\EBDESIGN\backend\src\routes\M323Routes.js","M323Routes.js","39","956","6","0","0","1","0","0"
"GENERATED_OR_COMPATIBILITY_MXXX","Top-level Mxxx route naming matches generated/compatibility estate.","TOP_LEVEL_ROUTE","C:\Users\DIYA GOEL\Downloads\EBDESIGN\backend\src\routes\M324Routes.js","M324Routes.js","39","956","6","0","0","1","0","0"
"GENERATED_OR_COMPATIBILITY_MXXX","Top-level Mxxx route naming matches generated/compatibility estate.","TOP_LEVEL_ROUTE","C:\Users\DIYA GOEL\Downloads\EBDESIGN\backend\src\routes\M325Routes.js","M325Routes.js","39","956","6","0","0","1","0","0"
"GENERATED_OR_COMPATIBILITY_MXXX","Top-level Mxxx route naming matches generated/compatibility estate.","TOP_LEVEL_ROUTE","C:\Users\DIYA GOEL\Downloads\EBDESIGN\backend\src\routes\M326Routes.js","M326Routes.js","39","956","6","0","0","1","0","0"
"GENERATED_OR_COMPATIBILITY_MXXX","Top-level Mxxx route naming matches generated/compatibility estate.","TOP_LEVEL_ROUTE","C:\Users\DIYA GOEL\Downloads\EBDESIGN\backend\src\routes\M327Routes.js","M327Routes.js","39","956","6","0","0","1","0","0"
"GENERATED_OR_COMPATIBILITY_MXXX","Top-level Mxxx route naming matches generated/compatibility estate.","TOP_LEVEL_ROUTE","C:\Users\DIYA GOEL\Downloads\EBDESIGN\backend\src\routes\M328Routes.js","M328Routes.js","39","956","6","0","0","1","0","0"
"GENERATED_OR_COMPATIBILITY_MXXX","Top-level Mxxx route naming matches generated/compatibility estate.","TOP_LEVEL_ROUTE","C:\Users\DIYA GOEL\Downloads\EBDESIGN\backend\src\routes\M329Routes.js","M329Routes.js","39","956","6","0","0","1","0","0"
"GENERATED_OR_COMPATIBILITY_MXXX","Top-level Mxxx route naming matches generated/compatibility estate.","TOP_LEVEL_ROUTE","C:\Users\DIYA GOEL\Downloads\EBDESIGN\backend\src\routes\M32Routes.js","M32Routes.js","39","949","6","0","0","1","0","0"
"GENERATED_OR_COMPATIBILITY_MXXX","Top-level Mxxx route naming matches generated/compatibility estate.","TOP_LEVEL_ROUTE","C:\Users\DIYA GOEL\Downloads\EBDESIGN\backend\src\routes\M330Routes.js","M330Routes.js","39","956","6","0","0","1","0","0"
"GENERATED_OR_COMPATIBILITY_MXXX","Top-level Mxxx route naming matches generated/compatibility estate.","TOP_LEVEL_ROUTE","C:\Users\DIYA GOEL\Downloads\EBDESIGN\backend\src\routes\M331Routes.js","M331Routes.js","39","956","6","0","0","1","0","0"
"GENERATED_OR_COMPATIBILITY_MXXX","Top-level Mxxx route naming matches generated/compatibility estate.","TOP_LEVEL_ROUTE","C:\Users\DIYA GOEL\Downloads\EBDESIGN\backend\src\routes\M332Routes.js","M332Routes.js","39","956","6","0","0","1","0","0"
"GENERATED_OR_COMPATIBILITY_MXXX","Top-level Mxxx route naming matches generated/compatibility estate.","TOP_LEVEL_ROUTE","C:\Users\DIYA GOEL\Downloads\EBDESIGN\backend\src\routes\M333Routes.js","M333Routes.js","39","956","6","0","0","1","0","0"
"GENERATED_OR_COMPATIBILITY_MXXX","Top-level Mxxx route naming matches generated/compatibility estate.","TOP_LEVEL_ROUTE","C:\Users\DIYA GOEL\Downloads\EBDESIGN\backend\src\routes\M334Routes.js","M334Routes.js","39","956","6","0","0","1","0","0"
"GENERATED_OR_COMPATIBILITY_MXXX","Top-level Mxxx route naming matches generated/compatibility estate.","TOP_LEVEL_ROUTE","C:\Users\DIYA GOEL\Downloads\EBDESIGN\backend\src\routes\M335Routes.js","M335Routes.js","39","956","6","0","0","1","0","0"
"GENERATED_OR_COMPATIBILITY_MXXX","Top-level Mxxx route naming matches generated/compatibility estate.","TOP_LEVEL_ROUTE","C:\Users\DIYA GOEL\Downloads\EBDESIGN\backend\src\routes\M336Routes.js","M336Routes.js","39","956","6","0","0","1","0","0"
"GENERATED_OR_COMPATIBILITY_MXXX","Top-level Mxxx route naming matches generated/compatibility estate.","TOP_LEVEL_ROUTE","C:\Users\DIYA GOEL\Downloads\EBDESIGN\backend\src\routes\M337Routes.js","M337Routes.js","39","956","6","0","0","1","0","0"
"GENERATED_OR_COMPATIBILITY_MXXX","Top-level Mxxx route naming matches generated/compatibility estate.","TOP_LEVEL_ROUTE","C:\Users\DIYA GOEL\Downloads\EBDESIGN\backend\src\routes\M338Routes.js","M338Routes.js","39","956","6","0","0","1","0","0"
"GENERATED_OR_COMPATIBILITY_MXXX","Top-level Mxxx route naming matches generated/compatibility estate.","TOP_LEVEL_ROUTE","C:\Users\DIYA GOEL\Downloads\EBDESIGN\backend\src\routes\M339Routes.js","M339Routes.js","39","956","6","0","0","1","0","0"
"GENERATED_OR_COMPATIBILITY_MXXX","Top-level Mxxx route naming matches generated/compatibility estate.","TOP_LEVEL_ROUTE","C:\Users\DIYA GOEL\Downloads\EBDESIGN\backend\src\routes\M33Routes.js","M33Routes.js","39","949","6","0","0","1","0","0"
"GENERATED_OR_COMPATIBILITY_MXXX","Top-level Mxxx route naming matches generated/compatibility estate.","TOP_LEVEL_ROUTE","C:\Users\DIYA GOEL\Downloads\EBDESIGN\backend\src\routes\M340Routes.js","M340Routes.js","39","956","6","0","0","1","0","0"
"GENERATED_OR_COMPATIBILITY_MXXX","Top-level Mxxx route naming matches generated/compatibility estate.","TOP_LEVEL_ROUTE","C:\Users\DIYA GOEL\Downloads\EBDESIGN\backend\src\routes\M341Routes.js","M341Routes.js","39","956","6","0","0","1","0","0"
"GENERATED_OR_COMPATIBILITY_MXXX","Top-level Mxxx route naming matches generated/compatibility estate.","TOP_LEVEL_ROUTE","C:\Users\DIYA GOEL\Downloads\EBDESIGN\backend\src\routes\M342Routes.js","M342Routes.js","39","956","6","0","0","1","0","0"
"GENERATED_OR_COMPATIBILITY_MXXX","Top-level Mxxx route naming matches generated/compatibility estate.","TOP_LEVEL_ROUTE","C:\Users\DIYA GOEL\Downloads\EBDESIGN\backend\src\routes\M343Routes.js","M343Routes.js","39","956","6","0","0","1","0","0"
"GENERATED_OR_COMPATIBILITY_MXXX","Top-level Mxxx route naming matches generated/compatibility estate.","TOP_LEVEL_ROUTE","C:\Users\DIYA GOEL\Downloads\EBDESIGN\backend\src\routes\M344Routes.js","M344Routes.js","39","956","6","0","0","1","0","0"
"GENERATED_OR_COMPATIBILITY_MXXX","Top-level Mxxx route naming matches generated/compatibility estate.","TOP_LEVEL_ROUTE","C:\Users\DIYA GOEL\Downloads\EBDESIGN\backend\src\routes\M34Routes.js","M34Routes.js","39","949","6","0","0","1","0","0"
"GENERATED_OR_COMPATIBILITY_MXXX","Top-level Mxxx route naming matches generated/compatibility estate.","TOP_LEVEL_ROUTE","C:\Users\DIYA GOEL\Downloads\EBDESIGN\backend\src\routes\M35Routes.js","M35Routes.js","39","949","6","0","0","1","0","0"
"GENERATED_OR_COMPATIBILITY_MXXX","Top-level Mxxx route naming matches generated/compatibility estate.","TOP_LEVEL_ROUTE","C:\Users\DIYA GOEL\Downloads\EBDESIGN\backend\src\routes\M36Routes.js","M36Routes.js","39","949","6","0","0","1","0","0"
"GENERATED_OR_COMPATIBILITY_MXXX","Top-level Mxxx route naming matches generated/compatibility estate.","TOP_LEVEL_ROUTE","C:\Users\DIYA GOEL\Downloads\EBDESIGN\backend\src\routes\M37Routes.js","M37Routes.js","39","949","6","0","0","1","0","0"
"GENERATED_OR_COMPATIBILITY_MXXX","Top-level Mxxx route naming matches generated/compatibility estate.","TOP_LEVEL_ROUTE","C:\Users\DIYA GOEL\Downloads\EBDESIGN\backend\src\routes\M38Routes.js","M38Routes.js","39","949","6","0","0","1","0","0"
"GENERATED_OR_COMPATIBILITY_MXXX","Top-level Mxxx route naming matches generated/compatibility estate.","TOP_LEVEL_ROUTE","C:\Users\DIYA GOEL\Downloads\EBDESIGN\backend\src\routes\M39Routes.js","M39Routes.js","39","949","6","0","0","1","0","0"
"GENERATED_OR_COMPATIBILITY_MXXX","Top-level Mxxx route naming matches generated/compatibility estate.","TOP_LEVEL_ROUTE","C:\Users\DIYA GOEL\Downloads\EBDESIGN\backend\src\routes\M40Routes.js","M40Routes.js","39","949","6","0","0","1","0","0"
"GENERATED_OR_COMPATIBILITY_MXXX","Top-level Mxxx route naming matches generated/compatibility estate.","TOP_LEVEL_ROUTE","C:\Users\DIYA GOEL\Downloads\EBDESIGN\backend\src\routes\M41Routes.js","M41Routes.js","39","949","6","0","0","1","0","0"
"GENERATED_OR_COMPATIBILITY_MXXX","Top-level Mxxx route naming matches generated/compatibility estate.","TOP_LEVEL_ROUTE","C:\Users\DIYA GOEL\Downloads\EBDESIGN\backend\src\routes\M42Routes.js","M42Routes.js","39","949","6","0","0","1","0","0"
"GENERATED_OR_COMPATIBILITY_MXXX","Top-level Mxxx route naming matches generated/compatibility estate.","TOP_LEVEL_ROUTE","C:\Users\DIYA GOEL\Downloads\EBDESIGN\backend\src\routes\M43Routes.js","M43Routes.js","39","949","6","0","0","1","0","0"
"GENERATED_OR_COMPATIBILITY_MXXX","Top-level Mxxx route naming matches generated/compatibility estate.","TOP_LEVEL_ROUTE","C:\Users\DIYA GOEL\Downloads\EBDESIGN\backend\src\routes\M44Routes.js","M44Routes.js","39","949","6","0","0","1","0","0"
"GENERATED_OR_COMPATIBILITY_MXXX","Top-level Mxxx route naming matches generated/compatibility estate.","TOP_LEVEL_ROUTE","C:\Users\DIYA GOEL\Downloads\EBDESIGN\backend\src\routes\M45Routes.js","M45Routes.js","39","949","6","0","0","1","0","0"
"GENERATED_OR_COMPATIBILITY_MXXX","Top-level Mxxx route naming matches generated/compatibility estate.","TOP_LEVEL_ROUTE","C:\Users\DIYA GOEL\Downloads\EBDESIGN\backend\src\routes\M46Routes.js","M46Routes.js","39","949","6","0","0","1","0","0"
"GENERATED_OR_COMPATIBILITY_MXXX","Top-level Mxxx route naming matches generated/compatibility estate.","TOP_LEVEL_ROUTE","C:\Users\DIYA GOEL\Downloads\EBDESIGN\backend\src\routes\M47Routes.js","M47Routes.js","39","949","6","0","0","1","0","0"
"GENERATED_OR_COMPATIBILITY_MXXX","Top-level Mxxx route naming matches generated/compatibility estate.","TOP_LEVEL_ROUTE","C:\Users\DIYA GOEL\Downloads\EBDESIGN\backend\src\routes\M48Routes.js","M48Routes.js","39","949","6","0","0","1","0","0"
"GENERATED_OR_COMPATIBILITY_MXXX","Top-level Mxxx route naming matches generated/compatibility estate.","TOP_LEVEL_ROUTE","C:\Users\DIYA GOEL\Downloads\EBDESIGN\backend\src\routes\M49Routes.js","M49Routes.js","39","949","6","0","0","1","0","0"
"GENERATED_OR_COMPATIBILITY_MXXX","Top-level Mxxx route naming matches generated/compatibility estate.","TOP_LEVEL_ROUTE","C:\Users\DIYA GOEL\Downloads\EBDESIGN\backend\src\routes\M50Routes.js","M50Routes.js","39","949","6","0","0","1","0","0"
"GENERATED_OR_COMPATIBILITY_MXXX","Top-level Mxxx route naming matches generated/compatibility estate.","TOP_LEVEL_ROUTE","C:\Users\DIYA GOEL\Downloads\EBDESIGN\backend\src\routes\M51Routes.js","M51Routes.js","39","949","6","0","0","1","0","0"
"GENERATED_OR_COMPATIBILITY_MXXX","Top-level Mxxx route naming matches generated/compatibility estate.","TOP_LEVEL_ROUTE","C:\Users\DIYA GOEL\Downloads\EBDESIGN\backend\src\routes\M52Routes.js","M52Routes.js","39","949","6","0","0","1","0","0"
"GENERATED_OR_COMPATIBILITY_MXXX","Top-level Mxxx route naming matches generated/compatibility estate.","TOP_LEVEL_ROUTE","C:\Users\DIYA GOEL\Downloads\EBDESIGN\backend\src\routes\M53Routes.js","M53Routes.js","39","949","6","0","0","1","0","0"
"GENERATED_OR_COMPATIBILITY_MXXX","Top-level Mxxx route naming matches generated/compatibility estate.","TOP_LEVEL_ROUTE","C:\Users\DIYA GOEL\Downloads\EBDESIGN\backend\src\routes\M54Routes.js","M54Routes.js","39","949","6","0","0","1","0","0"
"GENERATED_OR_COMPATIBILITY_MXXX","Top-level Mxxx route naming matches generated/compatibility estate.","TOP_LEVEL_ROUTE","C:\Users\DIYA GOEL\Downloads\EBDESIGN\backend\src\routes\M55Routes.js","M55Routes.js","39","949","6","0","0","1","0","0"
"GENERATED_OR_COMPATIBILITY_MXXX","Top-level Mxxx route naming matches generated/compatibility estate.","TOP_LEVEL_ROUTE","C:\Users\DIYA GOEL\Downloads\EBDESIGN\backend\src\routes\M56Routes.js","M56Routes.js","39","949","6","0","0","1","0","0"
"GENERATED_OR_COMPATIBILITY_MXXX","Top-level Mxxx route naming matches generated/compatibility estate.","TOP_LEVEL_ROUTE","C:\Users\DIYA GOEL\Downloads\EBDESIGN\backend\src\routes\M57Routes.js","M57Routes.js","39","949","6","0","0","1","0","0"
"GENERATED_OR_COMPATIBILITY_MXXX","Top-level Mxxx route naming matches generated/compatibility estate.","TOP_LEVEL_ROUTE","C:\Users\DIYA GOEL\Downloads\EBDESIGN\backend\src\routes\M58Routes.js","M58Routes.js","39","949","6","0","0","1","0","0"
"GENERATED_OR_COMPATIBILITY_MXXX","Top-level Mxxx route naming matches generated/compatibility estate.","TOP_LEVEL_ROUTE","C:\Users\DIYA GOEL\Downloads\EBDESIGN\backend\src\routes\M59Routes.js","M59Routes.js","39","949","6","0","0","1","0","0"
"GENERATED_OR_COMPATIBILITY_MXXX","Top-level Mxxx route naming matches generated/compatibility estate.","TOP_LEVEL_ROUTE","C:\Users\DIYA GOEL\Downloads\EBDESIGN\backend\src\routes\M60Routes.js","M60Routes.js","39","949","6","0","0","1","0","0"
"GENERATED_OR_COMPATIBILITY_MXXX","Top-level Mxxx route naming matches generated/compatibility estate.","TOP_LEVEL_ROUTE","C:\Users\DIYA GOEL\Downloads\EBDESIGN\backend\src\routes\M61Routes.js","M61Routes.js","39","949","6","0","0","1","0","0"
"GENERATED_OR_COMPATIBILITY_MXXX","Top-level Mxxx route naming matches generated/compatibility estate.","TOP_LEVEL_ROUTE","C:\Users\DIYA GOEL\Downloads\EBDESIGN\backend\src\routes\M62Routes.js","M62Routes.js","39","949","6","0","0","1","0","0"
"GENERATED_OR_COMPATIBILITY_MXXX","Top-level Mxxx route naming matches generated/compatibility estate.","TOP_LEVEL_ROUTE","C:\Users\DIYA GOEL\Downloads\EBDESIGN\backend\src\routes\M63Routes.js","M63Routes.js","39","949","6","0","0","1","0","0"
"GENERATED_OR_COMPATIBILITY_MXXX","Top-level Mxxx route naming matches generated/compatibility estate.","TOP_LEVEL_ROUTE","C:\Users\DIYA GOEL\Downloads\EBDESIGN\backend\src\routes\M64Routes.js","M64Routes.js","39","949","6","0","0","1","0","0"
"GENERATED_OR_COMPATIBILITY_MXXX","Top-level Mxxx route naming matches generated/compatibility estate.","TOP_LEVEL_ROUTE","C:\Users\DIYA GOEL\Downloads\EBDESIGN\backend\src\routes\M65Routes.js","M65Routes.js","39","949","6","0","0","1","0","0"
"GENERATED_OR_COMPATIBILITY_MXXX","Top-level Mxxx route naming matches generated/compatibility estate.","TOP_LEVEL_ROUTE","C:\Users\DIYA GOEL\Downloads\EBDESIGN\backend\src\routes\M66Routes.js","M66Routes.js","39","949","6","0","0","1","0","0"
"GENERATED_OR_COMPATIBILITY_MXXX","Top-level Mxxx route naming matches generated/compatibility estate.","TOP_LEVEL_ROUTE","C:\Users\DIYA GOEL\Downloads\EBDESIGN\backend\src\routes\M67Routes.js","M67Routes.js","39","949","6","0","0","1","0","0"
"GENERATED_OR_COMPATIBILITY_MXXX","Top-level Mxxx route naming matches generated/compatibility estate.","TOP_LEVEL_ROUTE","C:\Users\DIYA GOEL\Downloads\EBDESIGN\backend\src\routes\M68Routes.js","M68Routes.js","39","949","6","0","0","1","0","0"
"GENERATED_OR_COMPATIBILITY_MXXX","Top-level Mxxx route naming matches generated/compatibility estate.","TOP_LEVEL_ROUTE","C:\Users\DIYA GOEL\Downloads\EBDESIGN\backend\src\routes\M69Routes.js","M69Routes.js","39","949","6","0","0","1","0","0"
"GENERATED_OR_COMPATIBILITY_MXXX","Top-level Mxxx route naming matches generated/compatibility estate.","TOP_LEVEL_ROUTE","C:\Users\DIYA GOEL\Downloads\EBDESIGN\backend\src\routes\M70Routes.js","M70Routes.js","39","949","6","0","0","1","0","0"
"GENERATED_OR_COMPATIBILITY_MXXX","Top-level Mxxx route naming matches generated/compatibility estate.","TOP_LEVEL_ROUTE","C:\Users\DIYA GOEL\Downloads\EBDESIGN\backend\src\routes\M71Routes.js","M71Routes.js","39","949","6","0","0","1","0","0"
"GENERATED_OR_COMPATIBILITY_MXXX","Top-level Mxxx route naming matches generated/compatibility estate.","TOP_LEVEL_ROUTE","C:\Users\DIYA GOEL\Downloads\EBDESIGN\backend\src\routes\M72Routes.js","M72Routes.js","39","949","6","0","0","1","0","0"
"GENERATED_OR_COMPATIBILITY_MXXX","Top-level Mxxx route naming matches generated/compatibility estate.","TOP_LEVEL_ROUTE","C:\Users\DIYA GOEL\Downloads\EBDESIGN\backend\src\routes\M73Routes.js","M73Routes.js","39","949","6","0","0","1","0","0"
"GENERATED_OR_COMPATIBILITY_MXXX","Top-level Mxxx route naming matches generated/compatibility estate.","TOP_LEVEL_ROUTE","C:\Users\DIYA GOEL\Downloads\EBDESIGN\backend\src\routes\M74Routes.js","M74Routes.js","39","949","6","0","0","1","0","0"
"GENERATED_OR_COMPATIBILITY_MXXX","Top-level Mxxx route naming matches generated/compatibility estate.","TOP_LEVEL_ROUTE","C:\Users\DIYA GOEL\Downloads\EBDESIGN\backend\src\routes\M75Routes.js","M75Routes.js","39","949","6","0","0","1","0","0"
"GENERATED_OR_COMPATIBILITY_MXXX","Top-level Mxxx route naming matches generated/compatibility estate.","TOP_LEVEL_ROUTE","C:\Users\DIYA GOEL\Downloads\EBDESIGN\backend\src\routes\M76Routes.js","M76Routes.js","39","949","6","0","0","1","0","0"
"GENERATED_OR_COMPATIBILITY_MXXX","Top-level Mxxx route naming matches generated/compatibility estate.","TOP_LEVEL_ROUTE","C:\Users\DIYA GOEL\Downloads\EBDESIGN\backend\src\routes\M77Routes.js","M77Routes.js","39","949","6","0","0","1","0","0"
"GENERATED_OR_COMPATIBILITY_MXXX","Top-level Mxxx route naming matches generated/compatibility estate.","TOP_LEVEL_ROUTE","C:\Users\DIYA GOEL\Downloads\EBDESIGN\backend\src\routes\M78Routes.js","M78Routes.js","39","949","6","0","0","1","0","0"
"GENERATED_OR_COMPATIBILITY_MXXX","Top-level Mxxx route naming matches generated/compatibility estate.","TOP_LEVEL_ROUTE","C:\Users\DIYA GOEL\Downloads\EBDESIGN\backend\src\routes\M79Routes.js","M79Routes.js","39","949","6","0","0","1","0","0"
"GENERATED_OR_COMPATIBILITY_MXXX","Top-level Mxxx route naming matches generated/compatibility estate.","TOP_LEVEL_ROUTE","C:\Users\DIYA GOEL\Downloads\EBDESIGN\backend\src\routes\M80Routes.js","M80Routes.js","39","949","6","0","0","1","0","0"
"GENERATED_OR_COMPATIBILITY_MXXX","Top-level Mxxx route naming matches generated/compatibility estate.","TOP_LEVEL_ROUTE","C:\Users\DIYA GOEL\Downloads\EBDESIGN\backend\src\routes\M81Routes.js","M81Routes.js","39","949","6","0","0","1","0","0"
"GENERATED_OR_COMPATIBILITY_MXXX","Top-level Mxxx route naming matches generated/compatibility estate.","TOP_LEVEL_ROUTE","C:\Users\DIYA GOEL\Downloads\EBDESIGN\backend\src\routes\M82Routes.js","M82Routes.js","39","949","6","0","0","1","0","0"
"GENERATED_OR_COMPATIBILITY_MXXX","Top-level Mxxx route naming matches generated/compatibility estate.","TOP_LEVEL_ROUTE","C:\Users\DIYA GOEL\Downloads\EBDESIGN\backend\src\routes\M83Routes.js","M83Routes.js","39","949","6","0","0","1","0","0"
"GENERATED_OR_COMPATIBILITY_MXXX","Top-level Mxxx route naming matches generated/compatibility estate.","TOP_LEVEL_ROUTE","C:\Users\DIYA GOEL\Downloads\EBDESIGN\backend\src\routes\M84Routes.js","M84Routes.js","39","949","6","0","0","1","0","0"
"GENERATED_OR_COMPATIBILITY_MXXX","Top-level Mxxx route naming matches generated/compatibility estate.","TOP_LEVEL_ROUTE","C:\Users\DIYA GOEL\Downloads\EBDESIGN\backend\src\routes\M85Routes.js","M85Routes.js","39","949","6","0","0","1","0","0"
"GENERATED_OR_COMPATIBILITY_MXXX","Top-level Mxxx route naming matches generated/compatibility estate.","TOP_LEVEL_ROUTE","C:\Users\DIYA GOEL\Downloads\EBDESIGN\backend\src\routes\M86Routes.js","M86Routes.js","39","949","6","0","0","1","0","0"
"GENERATED_OR_COMPATIBILITY_MXXX","Top-level Mxxx route naming matches generated/compatibility estate.","TOP_LEVEL_ROUTE","C:\Users\DIYA GOEL\Downloads\EBDESIGN\backend\src\routes\M87Routes.js","M87Routes.js","39","949","6","0","0","1","0","0"
"GENERATED_OR_COMPATIBILITY_MXXX","Top-level Mxxx route naming matches generated/compatibility estate.","TOP_LEVEL_ROUTE","C:\Users\DIYA GOEL\Downloads\EBDESIGN\backend\src\routes\M88Routes.js","M88Routes.js","39","949","6","0","0","1","0","0"
"GENERATED_OR_COMPATIBILITY_MXXX","Top-level Mxxx route naming matches generated/compatibility estate.","TOP_LEVEL_ROUTE","C:\Users\DIYA GOEL\Downloads\EBDESIGN\backend\src\routes\M89Routes.js","M89Routes.js","39","949","6","0","0","1","0","0"
"GENERATED_OR_COMPATIBILITY_MXXX","Top-level Mxxx route naming matches generated/compatibility estate.","TOP_LEVEL_ROUTE","C:\Users\DIYA GOEL\Downloads\EBDESIGN\backend\src\routes\M90Routes.js","M90Routes.js","39","949","6","0","0","1","0","0"
"GENERATED_OR_COMPATIBILITY_MXXX","Top-level Mxxx route naming matches generated/compatibility estate.","TOP_LEVEL_ROUTE","C:\Users\DIYA GOEL\Downloads\EBDESIGN\backend\src\routes\M91Routes.js","M91Routes.js","39","949","6","0","0","1","0","0"
"GENERATED_OR_COMPATIBILITY_MXXX","Top-level Mxxx route naming matches generated/compatibility estate.","TOP_LEVEL_ROUTE","C:\Users\DIYA GOEL\Downloads\EBDESIGN\backend\src\routes\M92Routes.js","M92Routes.js","39","949","6","0","0","1","0","0"
"GENERATED_OR_COMPATIBILITY_MXXX","Top-level Mxxx route naming matches generated/compatibility estate.","TOP_LEVEL_ROUTE","C:\Users\DIYA GOEL\Downloads\EBDESIGN\backend\src\routes\M93Routes.js","M93Routes.js","39","949","6","0","0","1","0","0"
"GENERATED_OR_COMPATIBILITY_MXXX","Top-level Mxxx route naming matches generated/compatibility estate.","TOP_LEVEL_ROUTE","C:\Users\DIYA GOEL\Downloads\EBDESIGN\backend\src\routes\M94Routes.js","M94Routes.js","39","949","6","0","0","1","0","0"
"GENERATED_OR_COMPATIBILITY_MXXX","Top-level Mxxx route naming matches generated/compatibility estate.","TOP_LEVEL_ROUTE","C:\Users\DIYA GOEL\Downloads\EBDESIGN\backend\src\routes\M95Routes.js","M95Routes.js","39","949","6","0","0","1","0","0"
"GENERATED_OR_COMPATIBILITY_MXXX","Top-level Mxxx route naming matches generated/compatibility estate.","TOP_LEVEL_ROUTE","C:\Users\DIYA GOEL\Downloads\EBDESIGN\backend\src\routes\M96Routes.js","M96Routes.js","39","949","6","0","0","1","0","0"
"GENERATED_OR_COMPATIBILITY_MXXX","Top-level Mxxx route naming matches generated/compatibility estate.","TOP_LEVEL_ROUTE","C:\Users\DIYA GOEL\Downloads\EBDESIGN\backend\src\routes\M97Routes.js","M97Routes.js","39","949","6","0","0","1","0","0"
"GENERATED_OR_COMPATIBILITY_MXXX","Top-level Mxxx route naming matches generated/compatibility estate.","TOP_LEVEL_ROUTE","C:\Users\DIYA GOEL\Downloads\EBDESIGN\backend\src\routes\M98Routes.js","M98Routes.js","39","949","6","0","0","1","0","0"
"GENERATED_OR_COMPATIBILITY_MXXX","Top-level Mxxx route naming matches generated/compatibility estate.","TOP_LEVEL_ROUTE","C:\Users\DIYA GOEL\Downloads\EBDESIGN\backend\src\routes\M99Routes.js","M99Routes.js","39","949","6","0","0","1","0","0"
"SUBSTANTIAL_UNMOUNTED_IMPLEMENTATION","Substantial size and/or controller/service dependencies.","TOP_LEVEL_ROUTE","C:\Users\DIYA GOEL\Downloads\EBDESIGN\backend\src\routes\machineryVillageOpsRoutes.js","machineryVillageOpsRoutes.js","200","5755","8","1","0","1","0","0"
"SAME_ENDPOINT_SIGNATURE_AS_MOUNTED","Same literal METHOD/path signature exists in mounted route population.","TOP_LEVEL_ROUTE","C:\Users\DIYA GOEL\Downloads\EBDESIGN\backend\src\routes\migrationRoutes.js","migrationRoutes.js","23","492","2","0","0","1","0","1"
"SUBSTANTIAL_UNMOUNTED_IMPLEMENTATION","Substantial size and/or controller/service dependencies.","TOP_LEVEL_ROUTE","C:\Users\DIYA GOEL\Downloads\EBDESIGN\backend\src\routes\moduleSupportInfrastructureRoutes.js","moduleSupportInfrastructureRoutes.js","460","10707","22","1","0","0","0","0"
"LIKELY_SHALLOW_OR_SCAFFOLD","Small file with few endpoints and no obvious controller/service dependency.","TOP_LEVEL_ROUTE","C:\Users\DIYA GOEL\Downloads\EBDESIGN\backend\src\routes\moduleSystemsRoutes.js","moduleSystemsRoutes.js","27","1077","2","0","0","0","0","0"
"SAME_ENDPOINT_SIGNATURE_AS_MOUNTED","Same literal METHOD/path signature exists in mounted route population.","TOP_LEVEL_ROUTE","C:\Users\DIYA GOEL\Downloads\EBDESIGN\backend\src\routes\notificationRoutes.js","notificationRoutes.js","23","501","2","0","0","1","0","1"
"SAME_ENDPOINT_SIGNATURE_AS_MOUNTED","Same literal METHOD/path signature exists in mounted route population.","TOP_LEVEL_ROUTE","C:\Users\DIYA GOEL\Downloads\EBDESIGN\backend\src\routes\performanceRoutes.js","performanceRoutes.js","23","498","2","0","0","1","0","1"
"SAME_ENDPOINT_SIGNATURE_AS_MOUNTED","Same literal METHOD/path signature exists in mounted route population.","TOP_LEVEL_ROUTE","C:\Users\DIYA GOEL\Downloads\EBDESIGN\backend\src\routes\permissionRoutes.js","permissionRoutes.js","23","495","2","0","0","1","0","1"
"SAME_ENDPOINT_SIGNATURE_AS_MOUNTED","Same literal METHOD/path signature exists in mounted route population.","TOP_LEVEL_ROUTE","C:\Users\DIYA GOEL\Downloads\EBDESIGN\backend\src\routes\platformFoundationRoutes.js","platformFoundationRoutes.js","38","654","2","0","0","1","0","69"
"HISTORICAL_OR_ALTERNATE","Filename indicates historical/alternate implementation.","TOP_LEVEL_ROUTE","C:\Users\DIYA GOEL\Downloads\EBDESIGN\backend\src\routes\publicDomainDataExtractionRoutes_merged.js","publicDomainDataExtractionRoutes_merged.js","20","365","1","0","0","0","0","43"
"SAME_ENDPOINT_SIGNATURE_AS_MOUNTED","Same literal METHOD/path signature exists in mounted route population.","TOP_LEVEL_ROUTE","C:\Users\DIYA GOEL\Downloads\EBDESIGN\backend\src\routes\reportingRoutes.js","reportingRoutes.js","23","492","2","0","0","1","0","1"
"SAME_ENDPOINT_SIGNATURE_AS_MOUNTED","Same literal METHOD/path signature exists in mounted route population.","TOP_LEVEL_ROUTE","C:\Users\DIYA GOEL\Downloads\EBDESIGN\backend\src\routes\resourceRouteFactory.js","resourceRouteFactory.js","20","332","1","0","0","0","0","43"
"SAME_ENDPOINT_SIGNATURE_AS_MOUNTED","Same literal METHOD/path signature exists in mounted route population.","TOP_LEVEL_ROUTE","C:\Users\DIYA GOEL\Downloads\EBDESIGN\backend\src\routes\roleRoutes.js","roleRoutes.js","23","477","2","0","0","1","0","1"
"SAME_ENDPOINT_SIGNATURE_AS_MOUNTED","Same literal METHOD/path signature exists in mounted route population.","TOP_LEVEL_ROUTE","C:\Users\DIYA GOEL\Downloads\EBDESIGN\backend\src\routes\searchRoutes.js","searchRoutes.js","23","483","2","0","0","1","0","1"
"SAME_ENDPOINT_SIGNATURE_AS_MOUNTED","Same literal METHOD/path signature exists in mounted route population.","TOP_LEVEL_ROUTE","C:\Users\DIYA GOEL\Downloads\EBDESIGN\backend\src\routes\securityRoutes.js","securityRoutes.js","23","489","2","0","0","1","0","1"
"SUBSTANTIAL_UNMOUNTED_IMPLEMENTATION","Substantial size and/or controller/service dependencies.","TOP_LEVEL_ROUTE","C:\Users\DIYA GOEL\Downloads\EBDESIGN\backend\src\routes\serverManagementRoutes.js","serverManagementRoutes.js","578","13299","23","1","0","2","0","0"
"SAME_ENDPOINT_SIGNATURE_AS_MOUNTED","Same literal METHOD/path signature exists in mounted route population.","TOP_LEVEL_ROUTE","C:\Users\DIYA GOEL\Downloads\EBDESIGN\backend\src\routes\settingsRoutes.js","settingsRoutes.js","23","489","2","0","0","1","0","1"
"SUBSTANTIAL_UNMOUNTED_IMPLEMENTATION","Substantial size and/or controller/service dependencies.","TOP_LEVEL_ROUTE","C:\Users\DIYA GOEL\Downloads\EBDESIGN\backend\src\routes\soilNutrientLandRoutes.js","soilNutrientLandRoutes.js","200","5522","8","1","0","1","0","0"
"SUBSTANTIAL_UNMOUNTED_IMPLEMENTATION","Substantial size and/or controller/service dependencies.","TOP_LEVEL_ROUTE","C:\Users\DIYA GOEL\Downloads\EBDESIGN\backend\src\routes\startupEnvironmentRoutes.js","startupEnvironmentRoutes.js","477","11424","22","1","0","1","0","0"
"SAME_ENDPOINT_SIGNATURE_AS_MOUNTED","Same literal METHOD/path signature exists in mounted route population.","TOP_LEVEL_ROUTE","C:\Users\DIYA GOEL\Downloads\EBDESIGN\backend\src\routes\systemConfigRoutes.js","systemConfigRoutes.js","23","501","2","0","0","1","0","1"
"HISTORICAL_OR_ALTERNATE","Filename indicates historical/alternate implementation.","TOP_LEVEL_ROUTE","C:\Users\DIYA GOEL\Downloads\EBDESIGN\backend\src\routes\unifiedLedgerRoutes_merged.js","unifiedLedgerRoutes_merged.js","20","337","1","0","0","0","0","43"
"SUBSTANTIAL_UNMOUNTED_IMPLEMENTATION","Substantial size and/or controller/service dependencies.","TOP_LEVEL_ROUTE","C:\Users\DIYA GOEL\Downloads\EBDESIGN\backend\src\routes\vendorProcurementRoutes.js","vendorProcurementRoutes.js","280","7753","11","1","0","1","0","0"
"SAME_ENDPOINT_SIGNATURE_AS_MOUNTED","Same literal METHOD/path signature exists in mounted route population.","TOP_LEVEL_ROUTE","C:\Users\DIYA GOEL\Downloads\EBDESIGN\backend\src\routes\versionRoutes.js","versionRoutes.js","23","486","2","0","0","1","0","1"
"SUBSTANTIAL_UNMOUNTED_IMPLEMENTATION","Substantial size and/or controller/service dependencies.","TOP_LEVEL_ROUTE","C:\Users\DIYA GOEL\Downloads\EBDESIGN\backend\src\routes\waterIrrigationRoutes.js","waterIrrigationRoutes.js","244","6697","10","1","0","1","0","0"
"SAME_ENDPOINT_SIGNATURE_AS_MOUNTED","Same literal METHOD/path signature exists in mounted route population.","TOP_LEVEL_ROUTE","C:\Users\DIYA GOEL\Downloads\EBDESIGN\backend\src\routes\webhookRoutes.js","webhookRoutes.js","23","486","2","0","0","1","0","1"
"SAME_ENDPOINT_SIGNATURE_AS_MOUNTED","Same literal METHOD/path signature exists in mounted route population.","TOP_LEVEL_ROUTE","C:\Users\DIYA GOEL\Downloads\EBDESIGN\backend\src\routes\claude\backendModuleBridge.js","backendModuleBridge.js","20","330","1","0","0","0","0","43"
"SAME_ENDPOINT_SIGNATURE_AS_MOUNTED","Same literal METHOD/path signature exists in mounted route population.","TOP_LEVEL_ROUTE","C:\Users\DIYA GOEL\Downloads\EBDESIGN\backend\src\routes\finance\unifiedLedgerRoutes.js","unifiedLedgerRoutes.js","39","1461","5","0","0","1","0","13"
"SUBSTANTIAL_UNMOUNTED_IMPLEMENTATION","Substantial size and/or controller/service dependencies.","TOP_LEVEL_ROUTE","C:\Users\DIYA GOEL\Downloads\EBDESIGN\backend\src\routes\generated\all_routes.js","all_routes.js","1076","26050","134","0","0","0","0","0"
"HISTORICAL_OR_ALTERNATE","Filename indicates historical/alternate implementation.","TOP_LEVEL_ROUTE","C:\Users\DIYA GOEL\Downloads\EBDESIGN\backend\src\routes\livestock\dairyRoutes_merged.js","dairyRoutes_merged.js","39","1453","5","0","0","1","0","13"
"HISTORICAL_OR_ALTERNATE","Filename indicates historical/alternate implementation.","TOP_LEVEL_ROUTE","C:\Users\DIYA GOEL\Downloads\EBDESIGN\backend\src\routes\logistics\geofencingRoutes_merged.js","geofencingRoutes_merged.js","20","330","1","0","0","0","0","43"
"HISTORICAL_OR_ALTERNATE","Filename indicates historical/alternate implementation.","TOP_LEVEL_ROUTE","C:\Users\DIYA GOEL\Downloads\EBDESIGN\backend\src\routes\platform\completeERPIntegrationRoutes_merged.js","completeERPIntegrationRoutes_merged.js","39","1470","5","0","0","1","0","13"
"HISTORICAL_OR_ALTERNATE","Filename indicates historical/alternate implementation.","TOP_LEVEL_ROUTE","C:\Users\DIYA GOEL\Downloads\EBDESIGN\backend\src\routes\platform\comprehensiveERPRoutes_merged.js","comprehensiveERPRoutes_merged.js","39","1464","5","0","0","1","0","13"
"HISTORICAL_OR_ALTERNATE","Filename indicates historical/alternate implementation.","TOP_LEVEL_ROUTE","C:\Users\DIYA GOEL\Downloads\EBDESIGN\backend\src\routes\platform\informationSharingRoutes_merged.js","informationSharingRoutes_merged.js","39","1466","5","0","0","1","0","13"
"HISTORICAL_OR_ALTERNATE","Filename indicates historical/alternate implementation.","TOP_LEVEL_ROUTE","C:\Users\DIYA GOEL\Downloads\EBDESIGN\backend\src\routes\platform\knowledgeRoutes_merged.js","knowledgeRoutes_merged.js","39","1457","5","0","0","1","0","13"
"HISTORICAL_OR_ALTERNATE","Filename indicates historical/alternate implementation.","TOP_LEVEL_ROUTE","C:\Users\DIYA GOEL\Downloads\EBDESIGN\backend\src\routes\platform\organizationManagementRoutes_merged.js","organizationManagementRoutes_merged.js","39","1470","5","0","0","1","0","13"
"SAME_ENDPOINT_SIGNATURE_AS_MOUNTED","Same literal METHOD/path signature exists in mounted route population.","TOP_LEVEL_ROUTE","C:\Users\DIYA GOEL\Downloads\EBDESIGN\backend\src\routes\platform\publicDomainDataExtractionRoutes.js","publicDomainDataExtractionRoutes.js","39","1474","5","0","0","1","0","13"
"TEST_OR_TEST_SUPPORT","Filename/path indicates test population.","TOP_LEVEL_ROUTE","C:\Users\DIYA GOEL\Downloads\EBDESIGN\backend\src\routes\__tests__\climateRoutes.test.js","climateRoutes.test.js","12","231","1","0","0","0","0","43"
"TEST_OR_TEST_SUPPORT","Filename/path indicates test population.","TOP_LEVEL_ROUTE","C:\Users\DIYA GOEL\Downloads\EBDESIGN\backend\src\routes\__tests__\enterpriseCommerceSafety.test.js","enterpriseCommerceSafety.test.js","12","261","1","0","0","0","0","43"
"TEST_OR_TEST_SUPPORT","Filename/path indicates test population.","TOP_LEVEL_ROUTE","C:\Users\DIYA GOEL\Downloads\EBDESIGN\backend\src\routes\__tests__\livestockFisheriesRoutes.test.js","livestockFisheriesRoutes.test.js","12","254","1","0","0","0","0","43"
"TEST_OR_TEST_SUPPORT","Filename/path indicates test population.","TOP_LEVEL_ROUTE","C:\Users\DIYA GOEL\Downloads\EBDESIGN\backend\src\routes\__tests__\operationsMachineryRoutes.test.js","operationsMachineryRoutes.test.js","12","256","1","0","0","0","0","43"
"TEST_OR_TEST_SUPPORT","Filename/path indicates test population.","TOP_LEVEL_ROUTE","C:\Users\DIYA GOEL\Downloads\EBDESIGN\backend\src\routes\__tests__\platformFoundationRoutes.test.js","platformFoundationRoutes.test.js","12","254","1","0","0","0","0","43"
"TEST_OR_TEST_SUPPORT","Filename/path indicates test population.","TOP_LEVEL_ROUTE","C:\Users\DIYA GOEL\Downloads\EBDESIGN\backend\src\routes\__tests__\roboticsRoutes.test.js","roboticsRoutes.test.js","44","2410","0","1","0","0","0","0"
"TEST_OR_TEST_SUPPORT","Filename/path indicates test population.","TOP_LEVEL_ROUTE","C:\Users\DIYA GOEL\Downloads\EBDESIGN\backend\src\routes\__tests__\waterSoilManagementRoutes.test.js","waterSoilManagementRoutes.test.js","12","257","1","0","0","0","0","43"
"SUBSTANTIAL_UNMOUNTED_IMPLEMENTATION","Substantial size and/or controller/service dependencies.","MODULE_ROUTE","C:\Users\DIYA GOEL\Downloads\EBDESIGN\backend\src\modules\M645100_LIBRARYKNOWLEDGE\api\routes.js","routes.js","64","2401","7","1","0","0","0","0"
"SUBSTANTIAL_UNMOUNTED_IMPLEMENTATION","Substantial size and/or controller/service dependencies.","MODULE_ROUTE","C:\Users\DIYA GOEL\Downloads\EBDESIGN\backend\src\modules\TEMPLATES\MODULE_TEMPLATE\backend\routes.js","routes.js","224","4724","12","0","0","0","0","0"
