"File","Imported","Category","Lines","Bytes","HasRouter","HasExport","Modified"
"adminAuditDomainRoutes.js","True","TOOL_OR_GENERATED","35","1166","True","True","12-09-2026 13:07:13"
"adminRoutes.js","False","ROUTE_CANDIDATE","24","480","True","True","11-09-2026 00:00:30"
"advancedAnalyticsRoutes.js","True","ROUTE_CANDIDATE","39","651","True","True","10-09-2026 23:48:44"
"advancedFeatures.js","True","ROUTE_CANDIDATE","105","3777","True","True","10-09-2026 23:37:07"
"advancedSearchRoutes.js","True","ROUTE_CANDIDATE","39","642","True","True","10-09-2026 23:48:44"
"agriculturalIntelligenceDomainRoutes.js","True","ROUTE_CANDIDATE","38","1702","True","True","12-09-2026 12:07:57"
"agriculturalIntelligenceRoutes.js","True","ROUTE_CANDIDATE","100","3720","True","True","10-09-2026 23:37:07"
"aiAgentDomainRoutes.js","True","ROUTE_CANDIDATE","50","2439","True","True","12-09-2026 12:05:29"
"aiAgentRoutes.js","True","ROUTE_CANDIDATE","39","621","True","True","13-09-2026 07:19:13"
"aiApprovalRoutes.js","True","ROUTE_CANDIDATE","47","1584","True","True","10-09-2026 23:37:07"
"aiBackboneDomainRoutes.js","True","ROUTE_CANDIDATE","32","1009","True","True","12-09-2026 12:45:10"
"aiBackboneRoutes.js","True","ROUTE_CANDIDATE","59","2593","True","True","13-09-2026 07:19:13"
"aiBrainDomainRoutes.js","True","ROUTE_CANDIDATE","57","2293","True","True","12-09-2026 12:06:23"
"aiBrainRoutes.js","True","ROUTE_CANDIDATE","401","9572","True","True","13-09-2026 07:19:13"
"aiCollaborationRoutes.js","True","ROUTE_CANDIDATE","146","5126","True","True","14-09-2026 11:04:21"
"aiDomainAdapterRoutes.js","True","ROUTE_CANDIDATE","39","646","True","True","10-09-2026 23:48:44"
"aiGatewayRoutes.js","True","ROUTE_CANDIDATE","123","4617","True","True","15-09-2026 07:13:19"
"aiImageGenerationEnhancedRoutes.js","True","TOOL_OR_GENERATED","39","668","True","True","10-09-2026 23:48:44"
"aiModelsRoutes.js","True","ROUTE_CANDIDATE","39","624","True","True","10-09-2026 23:48:44"
"aiOperationIntelligenceDomainRoutes.js","True","ROUTE_CANDIDATE","53","2906","True","True","12-09-2026 11:56:19"
"aiOperationIntelligenceRoutes.js","True","ROUTE_CANDIDATE","367","10178","True","True","13-09-2026 07:19:13"
"aiSelfHealingDomainRoutes.js","True","ROUTE_CANDIDATE","51","2506","True","True","12-09-2026 11:57:06"
"aiSelfHealingRoutes.js","True","ROUTE_CANDIDATE","327","8343","True","True","13-09-2026 07:19:13"
"aiTrainingEvaluationRoutes.js","True","ROUTE_CANDIDATE","235","6380","True","True","10-09-2026 23:37:07"
"analyticsReportRoutes.js","True","ROUTE_CANDIDATE","39","645","True","True","10-09-2026 23:48:44"
"analyticsRoutes.js","False","ROUTE_CANDIDATE","24","492","True","True","11-09-2026 00:00:30"
"animalHealthDomainRoutes.js","True","ROUTE_CANDIDATE","53","2581","True","True","12-09-2026 11:53:19"
"animalHealthRoutes.js","True","ROUTE_CANDIDATE","413","13036","True","True","13-09-2026 01:34:28"
"apiCompatibilityRoutes.js","True","ROUTE_CANDIDATE","39","648","True","True","10-09-2026 23:48:44"
"apicultureRoutes.js","True","ROUTE_CANDIDATE","78","2728","True","True","13-09-2026 07:19:14"
"apiDocumentationRoutes.js","False","ROUTE_CANDIDATE","24","513","True","True","11-09-2026 00:00:30"
"apiWarningRoutes.js","True","ROUTE_CANDIDATE","39","630","True","True","10-09-2026 23:48:44"
"ar.js","True","ROUTE_CANDIDATE","21","294","True","True","10-09-2026 23:40:01"
"artificialScientistRoutes.js","True","ROUTE_CANDIDATE","36","2801","True","True","15-09-2026 07:22:21"
"assetAccountingDomainRoutes.js","True","ROUTE_CANDIDATE","40","1993","True","True","12-09-2026 12:11:13"
"assetAccountingRoutes.js","True","ROUTE_CANDIDATE","102","3839","True","True","10-09-2026 23:37:07"
"auditLogRoutes.js","False","TOOL_OR_GENERATED","24","489","True","True","11-09-2026 00:00:30"
"auditRoutes.js","True","TOOL_OR_GENERATED","98","3539","True","True","10-09-2026 23:37:07"
"auditTrail.js","True","TOOL_OR_GENERATED","21","311","True","True","10-09-2026 23:40:01"
"authorizationDomainRoutes.js","True","ROUTE_CANDIDATE","39","1383","True","True","12-09-2026 12:53:21"
"authRoutes.js","True","NOT_OBVIOUS_ROUTE","29","1377","False","True","13-09-2026 13:11:49"
"automation.js","True","ROUTE_CANDIDATE","21","310","True","True","10-09-2026 23:40:01"
"backupRoutes.js","False","ROUTE_CANDIDATE","24","483","True","True","11-09-2026 00:00:30"
"biometric.js","True","ROUTE_CANDIDATE","21","308","True","True","10-09-2026 23:40:01"
"blockchainTrace.js","True","ROUTE_CANDIDATE","21","321","True","True","10-09-2026 23:40:01"
"blockchainVerificationDomainRoutes.js","True","ROUTE_CANDIDATE","31","910","True","True","12-09-2026 12:51:23"
"blockchainVerificationRoutes.js","True","ROUTE_CANDIDATE","39","666","True","True","10-09-2026 23:48:44"
"bulkOperationRoutes.js","False","ROUTE_CANDIDATE","24","504","True","True","11-09-2026 00:00:30"
"bulkOrderDomainRoutes.js","True","ROUTE_CANDIDATE","37","1728","True","True","12-09-2026 12:24:42"
"bulkOrderRoutes.js","True","ROUTE_CANDIDATE","69","1823","True","True","10-09-2026 23:43:17"
"bulkOrders.js","True","ROUTE_CANDIDATE","21","311","True","True","10-09-2026 23:40:01"
"buyerTrust.js","True","ROUTE_CANDIDATE","101","2488","True","True","10-09-2026 23:37:07"
"cacheRoutes.js","False","ROUTE_CANDIDATE","24","480","True","True","11-09-2026 00:00:30"
"certificationManagement.js","True","ROUTE_CANDIDATE","21","337","True","True","10-09-2026 23:40:01"
"civilDisruptionDomainRoutes.js","True","ROUTE_CANDIDATE","34","1201","True","True","12-09-2026 12:25:21"
"civilDisruptionRoutes.js","True","ROUTE_CANDIDATE","59","2019","True","True","10-09-2026 23:37:07"
"climateAdvisory.js","True","ROUTE_CANDIDATE","21","321","True","True","10-09-2026 23:40:01"
"climateAdvisoryRoutes.js","True","ROUTE_CANDIDATE","39","645","True","True","13-09-2026 07:19:12"
"climateMonitoringDomainRoutes.js","True","ROUTE_CANDIDATE","66","2364","True","True","12-09-2026 12:30:51"
"climateMonitoringRoutes.js","True","ROUTE_CANDIDATE","39","651","True","True","10-09-2026 23:48:44"
"climateRouteSupport.js","True","ROUTE_CANDIDATE","105","4700","True","True","13-09-2026 01:29:39"
"cloudManagementRoutes.js","False","ROUTE_CANDIDATE","548","13356","True","True","12-09-2026 14:51:05"
"coldChainMonitoring.js","True","ROUTE_CANDIDATE","21","330","True","True","10-09-2026 23:40:01"
"coldStorageDomainRoutes.js","True","ROUTE_CANDIDATE","48","2239","True","True","12-09-2026 12:01:31"
"coldStorageRoutes.js","True","ROUTE_CANDIDATE","39","633","True","True","10-09-2026 23:48:44"
"communityManagementDomainRoutes.js","True","ROUTE_CANDIDATE","66","2327","True","True","12-09-2026 12:37:32"
"communityManagementRoutes.js","True","ROUTE_CANDIDATE","39","657","True","True","10-09-2026 23:48:44"
"communityRoutes.js","False","ROUTE_CANDIDATE","581","12325","True","True","12-09-2026 14:55:10"
"companyDomainRoutes.js","True","ROUTE_CANDIDATE","33","1039","True","True","12-09-2026 12:45:30"
"companyRoutes.js","True","ROUTE_CANDIDATE","78","2268","True","True","10-09-2026 23:37:07"
"completeAIIntegrationDomainRoutes.js","True","ROUTE_CANDIDATE","45","2724","True","True","12-09-2026 11:53:57"
"completeAIIntegrationRoutes.js","True","ROUTE_CANDIDATE","148","6370","True","True","13-09-2026 07:19:13"
"completeERPIntegrationDomainRoutes.js","True","ROUTE_CANDIDATE","47","2969","True","True","12-09-2026 11:54:41"
"completeERPIntegrationRoutes.js","True","ROUTE_CANDIDATE","39","657","True","True","10-09-2026 23:48:44"
"complianceDomainRoutes.js","True","ROUTE_CANDIDATE","33","1044","True","True","12-09-2026 12:46:16"
"complianceRoutes.js","True","ROUTE_CANDIDATE","37","1871","True","True","10-09-2026 23:37:07"
"complianceTracking.js","True","ROUTE_CANDIDATE","21","327","True","True","10-09-2026 23:40:01"
"comprehensiveERPDomainRoutes.js","True","ROUTE_CANDIDATE","141","9963","True","True","15-09-2026 00:49:22"
"comprehensiveERPRoutes.js","True","ROUTE_CANDIDATE","39","650","True","True","10-09-2026 23:48:44"
"contractFarmingRoutes.js","True","ROUTE_CANDIDATE","144","5824","True","True","13-09-2026 07:19:14"
"conversationalAIDomainRoutes.js","True","ROUTE_CANDIDATE","35","1359","True","True","12-09-2026 12:43:38"
"cooperativeShareDomainRoutes.js","True","ROUTE_CANDIDATE","37","1469","True","True","12-09-2026 12:19:18"
"cooperativeShareRoutes.js","True","ROUTE_CANDIDATE","82","2820","True","True","10-09-2026 23:37:07"
"costControlDomainRoutes.js","True","ROUTE_CANDIDATE","47","2480","True","True","12-09-2026 12:02:48"
"costControlRoutes.js","True","ROUTE_CANDIDATE","158","5755","True","True","10-09-2026 23:37:07"
"costRoutes.js","True","ROUTE_CANDIDATE","48","1924","True","True","13-09-2026 07:16:37"
"cropDomainRoutes.js","True","ROUTE_CANDIDATE","162","5881","True","True","12-09-2026 12:34:29"
"cropManagementRoutes.js","True","ROUTE_CANDIDATE","39","642","True","True","10-09-2026 23:48:44"
"cropPlanningRoutes.js","True","ROUTE_CANDIDATE","94","3326","True","True","10-09-2026 23:37:07"
"cropRecommendations.js","True","ROUTE_CANDIDATE","34","1383","True","True","10-09-2026 23:37:07"
"cropValueResearchDomainRoutes.js","True","ROUTE_CANDIDATE","28","934","True","True","12-09-2026 12:52:49"
"cropValueResearchRoutes.js","True","ROUTE_CANDIDATE","39","652","True","True","10-09-2026 23:48:44"
"dairyDomainRoutes.js","True","ROUTE_CANDIDATE","111","3670","True","True","12-09-2026 11:32:03"
"dairyRoutes.js","True","ROUTE_CANDIDATE","39","614","True","True","10-09-2026 23:48:44"
"dashboardRoutes.js","True","ROUTE_CANDIDATE","39","626","True","True","10-09-2026 23:48:44"
"databaseManagementRoutes.js","True","ROUTE_CANDIDATE","730","17278","True","True","12-09-2026 14:46:42"
"dataExportRoutes.js","False","ROUTE_CANDIDATE","24","495","True","True","11-09-2026 00:00:30"
"dataVisualization.js","True","ROUTE_CANDIDATE","21","325","True","True","10-09-2026 23:40:01"
"decisionSupportDomainRoutes.js","True","ROUTE_CANDIDATE","41","1860","True","True","12-09-2026 12:15:21"
"decisionSupportRoutes.js","True","ROUTE_CANDIDATE","219","6807","True","True","13-09-2026 07:19:13"
"defenseFitnessPrepDomainRoutes.js","True","ROUTE_CANDIDATE","29","1146","True","True","12-09-2026 12:46:36"
"defenseFitnessPrepRoutes.js","True","ROUTE_CANDIDATE","22","834","True","True","10-09-2026 23:37:07"
"demandRoutes.js","True","ROUTE_CANDIDATE","53","2242","True","True","13-09-2026 01:24:05"
"devinRoutes.js","True","ROUTE_CANDIDATE","63","1404","True","True","10-09-2026 23:37:07"
"dietTherapyRoutes.js","True","ROUTE_CANDIDATE","39","633","True","True","10-09-2026 23:48:44"
"digitalTwinRoutes.js","True","ROUTE_CANDIDATE","39","633","True","True","10-09-2026 23:48:44"
"dprGenerationRoutes.js","True","TOOL_OR_GENERATED","94","4192","True","True","13-09-2026 07:19:14"
"ecommerceAIDomainRoutes.js","True","ROUTE_CANDIDATE","40","1835","True","True","12-09-2026 12:07:32"
"ecommerceAIRoutes.js","True","ROUTE_CANDIDATE","135","5576","True","True","13-09-2026 07:19:14"
"ecommerceBusinessSalesDomainRoutes.js","True","ROUTE_CANDIDATE","30","1285","True","True","12-09-2026 12:24:13"
"ecommerceBusinessSalesRoutes.js","True","ROUTE_CANDIDATE","121","5040","True","True","13-09-2026 07:19:14"
"ecommerceERPDomainRoutes.js","True","ROUTE_CANDIDATE","35","1338","True","True","12-09-2026 12:26:52"
"ecommerceERPRoutes.js","True","ROUTE_CANDIDATE","106","4508","True","True","13-09-2026 07:19:14"
"ecommerceImageIntegrationRoutes.js","True","ROUTE_CANDIDATE","39","664","True","True","10-09-2026 23:48:44"
"ecommerceIntegrationDomainRoutes.js","True","ROUTE_CANDIDATE","46","2449","True","True","12-09-2026 12:09:20"
"ecommerceIntegrationRoutes.js","True","ROUTE_CANDIDATE","133","5422","True","True","13-09-2026 07:19:14"
"ecommerceMarketingDomainRoutes.js","True","ROUTE_CANDIDATE","34","1071","True","True","12-09-2026 13:02:38"
"ecommerceMarketingRoutes.js","True","ROUTE_CANDIDATE","139","5696","True","True","13-09-2026 07:19:14"
"ecommerceMarketplaceDomainRoutes.js","True","ROUTE_CANDIDATE","37","2103","True","True","15-09-2026 13:01:22"
"ecommerceRoutes.js","True","ROUTE_CANDIDATE","138","5150","True","True","13-09-2026 07:19:14"
"ENDPOINT_MISMATCH_FIXER.js","True","TOOL_OR_GENERATED","21","356","True","True","10-09-2026 23:40:01"
"ENDPOINT_MISMATCH_FIXER_COMPLETE.js","False","TOOL_OR_GENERATED","21","382","True","True","10-09-2026 23:40:01"
"energyRoutes.js","True","ROUTE_CANDIDATE","39","617","True","True","13-09-2026 07:19:12"
"engineeringProjectDomainRoutes.js","True","ROUTE_CANDIDATE","31","1466","True","True","12-09-2026 12:25:44"
"engineeringProjectRoutes.js","True","ROUTE_CANDIDATE","73","2756","True","True","10-09-2026 23:37:07"
"enterpriseControlRoutes.js","False","ROUTE_CANDIDATE","502","14786","True","True","10-09-2026 23:37:07"
"enterpriseIntegrationDomainRoutes.js","True","ROUTE_CANDIDATE","33","1110","True","True","12-09-2026 12:48:09"
"enterpriseIntegrationRoutes.js","True","ROUTE_CANDIDATE","39","651","True","True","10-09-2026 23:48:44"
"enterpriseRouteSupport.js","True","ROUTE_CANDIDATE","140","5572","True","True","13-09-2026 01:29:39"
"equipmentExchangeDomainRoutes.js","True","ROUTE_CANDIDATE","32","1433","True","True","12-09-2026 12:21:28"
"erpRoutes.js","False","ROUTE_CANDIDATE","281","7591","True","True","10-09-2026 23:37:07"
"errorLogRoutes.js","False","ROUTE_CANDIDATE","24","489","True","True","11-09-2026 00:00:30"
"escrowDomainRoutes.js","True","ROUTE_CANDIDATE","29","1026","True","True","12-09-2026 12:48:27"
"escrowRoutes.js","True","ROUTE_CANDIDATE","39","617","True","True","10-09-2026 23:48:44"
"experienceLayerDomainRoutes.js","True","ROUTE_CANDIDATE","36","1344","True","True","12-09-2026 12:27:33"
"experienceRoutes.js","True","ROUTE_CANDIDATE","77","3576","True","True","10-09-2026 23:37:07"
"exportRoutes.js","False","ROUTE_CANDIDATE","24","483","True","True","11-09-2026 00:00:30"
"farmAnalytics.js","True","ROUTE_CANDIDATE","21","317","True","True","10-09-2026 23:40:01"
"farmCosting.js","True","ROUTE_CANDIDATE","322","10502","True","True","12-09-2026 08:57:16"
"farmerFamilyRoutes.js","True","ROUTE_CANDIDATE","39","636","True","True","10-09-2026 23:48:44"
"farmerHealthDomainRoutes.js","True","ROUTE_CANDIDATE","37","1613","True","True","12-09-2026 12:53:09"
"farmerImagePortalRoutes.js","True","ROUTE_CANDIDATE","24","493","True","True","10-09-2026 23:48:58"
"farmerKycDomainRoutes.js","True","ROUTE_CANDIDATE","34","1124","True","True","12-09-2026 12:39:09"
"farmerKycRoutes.js","False","ROUTE_CANDIDATE","38","1645","True","True","10-09-2026 23:37:07"
"farmerPortalEnhancements.js","True","ROUTE_CANDIDATE","282","12237","True","True","13-09-2026 07:19:12"
"farmerProcurementQuoteRoutes.js","True","ROUTE_CANDIDATE","41","1960","True","True","15-09-2026 13:20:13"
"farmerRoutes.js","True","ROUTE_CANDIDATE","142","5981","True","True","13-09-2026 07:19:12"
"farmerTrainingRoutes.js","True","ROUTE_CANDIDATE","60","2762","True","True","13-09-2026 07:19:12"
"farmerValueDomainRoutes.js","True","ROUTE_CANDIDATE","41","1597","True","True","12-09-2026 13:04:45"
"farmerValueRoutes.js","True","ROUTE_CANDIDATE","56","1961","True","True","10-09-2026 23:37:07"
"farmerVerificationDomainRoutes.js","True","ROUTE_CANDIDATE","34","1212","True","True","12-09-2026 12:39:15"
"farmerVerificationRoutes.js","False","ROUTE_CANDIDATE","34","1369","True","True","10-09-2026 23:37:07"
"fertilizerDomainRoutes.js","True","ROUTE_CANDIDATE","67","2164","True","True","12-09-2026 11:32:32"
"fertilizerRoutes.js","True","ROUTE_CANDIDATE","39","629","True","True","13-09-2026 07:19:13"
"financeDomainRoutes.js","True","ROUTE_CANDIDATE","33","1023","True","True","12-09-2026 12:45:54"
"financialAIDomainRoutes.js","True","ROUTE_CANDIDATE","28","855","True","True","12-09-2026 12:48:59"
"financialAnalytics.js","True","ROUTE_CANDIDATE","21","327","True","True","10-09-2026 23:40:01"
"fisheriesDomainRoutes.js","True","ROUTE_CANDIDATE","82","3599","True","True","12-09-2026 11:40:20"
"fisheriesManagementRoutes.js","True","ROUTE_CANDIDATE","39","657","True","True","10-09-2026 23:48:44"
"fisheriesRoutes.js","True","ROUTE_CANDIDATE","85","2927","True","True","13-09-2026 07:19:15"
"foluBenchmarkRoutes.js","True","ROUTE_CANDIDATE","51","2180","True","True","13-09-2026 01:24:05"
"foluRoutes.js","True","ROUTE_CANDIDATE","56","2877","True","True","13-09-2026 07:19:13"
"foodRoutes.js","True","ROUTE_CANDIDATE","39","611","True","True","13-09-2026 07:19:13"
"forestryRoutes.js","True","ROUTE_CANDIDATE","72","2360","True","True","13-09-2026 07:19:15"
"freightPooling.js","True","ROUTE_CANDIDATE","21","319","True","True","10-09-2026 23:40:01"
"freightPoolingRoutes.js","True","ROUTE_CANDIDATE","69","2498","True","True","10-09-2026 23:37:07"
"gdprComplianceRoutes.js","True","ROUTE_CANDIDATE","45","1174","True","True","10-09-2026 23:37:07"
"gdprRoutes.js","True","ROUTE_CANDIDATE","228","6417","True","True","13-09-2026 01:53:21"
"gdprRoutes_merged.js","False","MERGED_OR_HISTORICAL","35","1121","True","True","10-09-2026 23:37:07"
"geofencingRoutes.js","True","ROUTE_CANDIDATE","131","4939","True","True","15-09-2026 00:24:07"
"glutWarningRoutes.js","True","ROUTE_CANDIDATE","59","2489","True","True","13-09-2026 01:24:05"
"goatRoutes.js","True","ROUTE_CANDIDATE","435","13692","True","True","13-09-2026 01:34:28"
"governanceModule.js","True","ROUTE_CANDIDATE","265","9796","True","True","13-09-2026 07:16:37"
"governmentSubsidyRoutes.js","True","ROUTE_CANDIDATE","127","5444","True","True","13-09-2026 07:19:15"
"greenhouse.js","True","ROUTE_CANDIDATE","21","310","True","True","10-09-2026 23:40:01"
"healthCheckRoutes.js","False","ROUTE_CANDIDATE","24","498","True","True","11-09-2026 00:00:30"
"healthRoutes.js","True","ROUTE_CANDIDATE","39","617","True","True","10-09-2026 23:48:44"
"horticulture.js","True","ROUTE_CANDIDATE","21","314","True","True","10-09-2026 23:40:01"
"horticultureManagementDomainRoutes.js","True","ROUTE_CANDIDATE","71","2997","True","True","12-09-2026 12:41:02"
"horticultureManagementRoutes.js","True","ROUTE_CANDIDATE","39","666","True","True","10-09-2026 23:48:44"
"householdProcurementRoutes.js","True","ROUTE_CANDIDATE","105","4737","True","True","15-09-2026 13:31:24"
"hrRoutes.js","True","ROUTE_CANDIDATE","161","4824","True","True","10-09-2026 23:37:07"
"identityManagementRoutes.js","True","ROUTE_CANDIDATE","39","654","True","True","10-09-2026 23:48:44"
"index.js","True","ROUTE_CANDIDATE","13","211","True","True","10-09-2026 23:43:52"
"indiaCoverageRoutes.js","True","ROUTE_CANDIDATE","17","755","True","True","15-09-2026 12:47:28"
"informationSharingRoutes.js","True","ROUTE_CANDIDATE","39","654","True","True","10-09-2026 23:48:44"
"infrastructureMonitoringRoutes.js","True","ROUTE_CANDIDATE","45","1190","True","True","10-09-2026 23:37:07"
"inputSupplyManagementRoutes.js","True","ROUTE_CANDIDATE","39","664","True","True","10-09-2026 23:48:44"
"insuranceDomainRoutes.js","True","ROUTE_CANDIDATE","33","1057","True","True","12-09-2026 12:28:36"
"insuranceEnhancements.js","True","ROUTE_CANDIDATE","238","9568","True","True","13-09-2026 07:19:15"
"integrationRoutes.js","False","ROUTE_CANDIDATE","24","498","True","True","11-09-2026 00:00:30"
"integrationStatusRoutes.js","True","ROUTE_CANDIDATE","178","4687","True","True","10-09-2026 23:37:07"
"iotIntegrationRoutes.js","True","ROUTE_CANDIDATE","39","630","True","True","10-09-2026 23:48:44"
"iotSensors.js","True","ROUTE_CANDIDATE","21","311","True","True","10-09-2026 23:40:01"
"irrigationManagementRoutes.js","True","ROUTE_CANDIDATE","39","660","True","True","10-09-2026 23:48:44"
"knowledgeGraphDomainRoutes.js","True","ROUTE_CANDIDATE","30","812","True","True","12-09-2026 12:52:06"
"knowledgeRoutes.js","True","ROUTE_CANDIDATE","39","626","True","True","10-09-2026 23:48:44"
"labourRoutes.js","False","ROUTE_CANDIDATE","27","1024","True","True","13-09-2026 01:34:28"
"landManagementRoutes.js","True","ROUTE_CANDIDATE","39","642","True","True","10-09-2026 23:48:44"
"landRecordsDomainRoutes.js","True","ROUTE_CANDIDATE","31","1165","True","True","12-09-2026 12:41:24"
"landRecordsRoutes.js","True","ROUTE_CANDIDATE","94","3426","True","True","10-09-2026 23:37:07"
"libraryAIWorkspaceRoutes.js","True","ROUTE_CANDIDATE","128","3405","True","True","12-09-2026 19:34:05"
"libraryRoutes.js","True","ROUTE_CANDIDATE","780","24791","True","True","14-09-2026 18:08:51"
"libraryRoutes_merged.js","False","MERGED_OR_HISTORICAL","81","1636","True","True","10-09-2026 23:37:07"
"livestock.js","True","ROUTE_CANDIDATE","21","308","True","True","10-09-2026 23:40:01"
"livestockDomainRoutes.js","True","ROUTE_CANDIDATE","134","4696","True","True","12-09-2026 11:27:53"
"livestockManagementRoutes.js","True","ROUTE_CANDIDATE","39","657","True","True","10-09-2026 23:48:44"
"livestockRouteSupport.js","True","ROUTE_CANDIDATE","126","5814","True","True","13-09-2026 01:29:39"
"loanManagement.js","True","ROUTE_CANDIDATE","21","319","True","True","10-09-2026 23:40:01"
"logisticsAIDomainRoutes.js","True","ROUTE_CANDIDATE","30","775","True","True","12-09-2026 12:49:52"
"logisticsEnhancementRoutes.js","True","ROUTE_CANDIDATE","39","660","True","True","13-09-2026 07:19:15"
"logisticsEnhancements.js","True","ROUTE_CANDIDATE","251","10020","True","True","13-09-2026 07:19:15"
"M041VillageERP.js","False","ROUTE_CANDIDATE","422","12595","True","True","11-09-2026 23:31:13"
"M100Routes.js","False","ROUTE_CANDIDATE","40","956","True","True","11-09-2026 00:00:30"
"M101Routes.js","False","ROUTE_CANDIDATE","40","956","True","True","11-09-2026 00:00:30"
"M102Routes.js","False","ROUTE_CANDIDATE","40","956","True","True","11-09-2026 00:00:30"
"M103Routes.js","False","ROUTE_CANDIDATE","40","956","True","True","11-09-2026 00:00:30"
"M104Routes.js","False","ROUTE_CANDIDATE","40","956","True","True","11-09-2026 00:00:30"
"M105Routes.js","False","ROUTE_CANDIDATE","40","956","True","True","11-09-2026 00:00:30"
"M106Routes.js","False","ROUTE_CANDIDATE","40","956","True","True","11-09-2026 00:00:30"
"M107Routes.js","False","ROUTE_CANDIDATE","40","956","True","True","11-09-2026 00:00:30"
"M108Routes.js","False","ROUTE_CANDIDATE","40","956","True","True","11-09-2026 00:00:30"
"M109Routes.js","False","ROUTE_CANDIDATE","40","956","True","True","11-09-2026 00:00:30"
"M110Routes.js","False","ROUTE_CANDIDATE","40","956","True","True","11-09-2026 00:00:30"
"M111Routes.js","False","ROUTE_CANDIDATE","40","956","True","True","11-09-2026 00:00:30"
"M112Routes.js","False","ROUTE_CANDIDATE","40","956","True","True","11-09-2026 00:00:30"
"M113Routes.js","False","ROUTE_CANDIDATE","40","956","True","True","11-09-2026 00:00:30"
"M114Routes.js","False","ROUTE_CANDIDATE","40","956","True","True","11-09-2026 00:00:30"
"M115Routes.js","False","ROUTE_CANDIDATE","40","956","True","True","11-09-2026 00:00:30"
"M116Routes.js","False","ROUTE_CANDIDATE","40","956","True","True","11-09-2026 00:00:30"
"M117Routes.js","False","ROUTE_CANDIDATE","40","956","True","True","11-09-2026 00:00:30"
"M118Routes.js","False","ROUTE_CANDIDATE","40","956","True","True","11-09-2026 00:00:30"
"M119Routes.js","False","ROUTE_CANDIDATE","40","956","True","True","11-09-2026 00:00:30"
"M120Routes.js","False","ROUTE_CANDIDATE","40","956","True","True","11-09-2026 00:00:30"
"M121Routes.js","False","ROUTE_CANDIDATE","40","956","True","True","11-09-2026 00:00:30"
"M122Routes.js","False","ROUTE_CANDIDATE","40","956","True","True","11-09-2026 00:00:30"
"M123Routes.js","False","ROUTE_CANDIDATE","40","956","True","True","11-09-2026 00:00:30"
"M124Routes.js","False","ROUTE_CANDIDATE","40","956","True","True","11-09-2026 00:00:30"
"M125Routes.js","False","ROUTE_CANDIDATE","40","956","True","True","11-09-2026 00:00:30"
"M126Routes.js","False","ROUTE_CANDIDATE","40","956","True","True","11-09-2026 00:00:30"
"M127Routes.js","False","ROUTE_CANDIDATE","40","956","True","True","11-09-2026 00:00:30"
"M128Routes.js","False","ROUTE_CANDIDATE","40","956","True","True","11-09-2026 00:00:30"
"M129Routes.js","False","ROUTE_CANDIDATE","40","956","True","True","11-09-2026 00:00:30"
"M130Routes.js","False","ROUTE_CANDIDATE","40","956","True","True","11-09-2026 00:00:30"
"M131Routes.js","False","ROUTE_CANDIDATE","40","956","True","True","11-09-2026 00:00:30"
"M132Routes.js","False","ROUTE_CANDIDATE","40","956","True","True","11-09-2026 00:00:30"
"M133Routes.js","False","ROUTE_CANDIDATE","40","956","True","True","11-09-2026 00:00:30"
"M134Routes.js","False","ROUTE_CANDIDATE","40","956","True","True","11-09-2026 00:00:30"
"M135Routes.js","False","ROUTE_CANDIDATE","40","956","True","True","11-09-2026 00:00:30"
"M136Routes.js","False","ROUTE_CANDIDATE","40","956","True","True","11-09-2026 00:00:30"
"M137Routes.js","False","ROUTE_CANDIDATE","40","956","True","True","11-09-2026 00:00:30"
"M138Routes.js","False","ROUTE_CANDIDATE","40","956","True","True","11-09-2026 00:00:30"
"M139Routes.js","False","ROUTE_CANDIDATE","40","956","True","True","11-09-2026 00:00:30"
"M140Routes.js","False","ROUTE_CANDIDATE","40","956","True","True","11-09-2026 00:00:30"
"M141Routes.js","False","ROUTE_CANDIDATE","40","956","True","True","11-09-2026 00:00:30"
"M142Routes.js","False","ROUTE_CANDIDATE","40","956","True","True","11-09-2026 00:00:30"
"M143Routes.js","False","ROUTE_CANDIDATE","40","956","True","True","11-09-2026 00:00:30"
"M144Routes.js","False","ROUTE_CANDIDATE","40","956","True","True","11-09-2026 00:00:30"
"M145Routes.js","False","ROUTE_CANDIDATE","40","956","True","True","11-09-2026 00:00:30"
"M146Routes.js","False","ROUTE_CANDIDATE","40","956","True","True","11-09-2026 00:00:30"
"M147Routes.js","False","ROUTE_CANDIDATE","40","956","True","True","11-09-2026 00:00:30"
"M148Routes.js","False","ROUTE_CANDIDATE","40","956","True","True","11-09-2026 00:00:30"
"M149Routes.js","False","ROUTE_CANDIDATE","40","956","True","True","11-09-2026 00:00:30"
"M150Routes.js","False","ROUTE_CANDIDATE","40","956","True","True","11-09-2026 00:00:30"
"M151Routes.js","False","ROUTE_CANDIDATE","40","956","True","True","11-09-2026 00:00:30"
"M152Routes.js","False","ROUTE_CANDIDATE","40","956","True","True","11-09-2026 00:00:30"
"M153Routes.js","False","ROUTE_CANDIDATE","40","956","True","True","11-09-2026 00:00:30"
"M154Routes.js","False","ROUTE_CANDIDATE","40","956","True","True","11-09-2026 00:00:30"
"M155Routes.js","False","ROUTE_CANDIDATE","40","956","True","True","11-09-2026 00:00:30"
"M156Routes.js","False","ROUTE_CANDIDATE","40","956","True","True","11-09-2026 00:00:30"
"M157Routes.js","False","ROUTE_CANDIDATE","40","956","True","True","11-09-2026 00:00:30"
"M158Routes.js","False","ROUTE_CANDIDATE","40","956","True","True","11-09-2026 00:00:30"
"M159Routes.js","False","ROUTE_CANDIDATE","40","956","True","True","11-09-2026 00:00:30"
"M160Routes.js","False","ROUTE_CANDIDATE","40","956","True","True","11-09-2026 00:00:30"
"M161Routes.js","False","ROUTE_CANDIDATE","40","956","True","True","11-09-2026 00:00:30"
"M162Routes.js","False","ROUTE_CANDIDATE","40","956","True","True","11-09-2026 00:00:30"
"M163Routes.js","False","ROUTE_CANDIDATE","40","956","True","True","11-09-2026 00:00:30"
"M164Routes.js","False","ROUTE_CANDIDATE","40","956","True","True","11-09-2026 00:00:30"
"M165Routes.js","False","ROUTE_CANDIDATE","40","956","True","True","11-09-2026 00:00:30"
"M166Routes.js","False","ROUTE_CANDIDATE","40","956","True","True","11-09-2026 00:00:30"
"M167Routes.js","False","ROUTE_CANDIDATE","40","956","True","True","11-09-2026 00:00:30"
"M168Routes.js","False","ROUTE_CANDIDATE","40","956","True","True","11-09-2026 00:00:30"
"M169Routes.js","False","ROUTE_CANDIDATE","40","956","True","True","11-09-2026 00:00:30"
"M170Routes.js","False","ROUTE_CANDIDATE","40","956","True","True","11-09-2026 00:00:30"
"M171Routes.js","False","ROUTE_CANDIDATE","40","956","True","True","11-09-2026 00:00:30"
"M172Routes.js","False","ROUTE_CANDIDATE","40","956","True","True","11-09-2026 00:00:30"
"M173Routes.js","False","ROUTE_CANDIDATE","40","956","True","True","11-09-2026 00:00:30"
"M174Routes.js","False","ROUTE_CANDIDATE","40","956","True","True","11-09-2026 00:00:30"
"M175Routes.js","False","ROUTE_CANDIDATE","40","956","True","True","11-09-2026 00:00:30"
"M176Routes.js","False","ROUTE_CANDIDATE","40","956","True","True","11-09-2026 00:00:30"
"M177Routes.js","False","ROUTE_CANDIDATE","40","956","True","True","11-09-2026 00:00:30"
"M178Routes.js","False","ROUTE_CANDIDATE","40","956","True","True","11-09-2026 00:00:30"
"M179Routes.js","False","ROUTE_CANDIDATE","40","956","True","True","11-09-2026 00:00:30"
"M180Routes.js","False","ROUTE_CANDIDATE","40","956","True","True","11-09-2026 00:00:30"
"M181Routes.js","False","ROUTE_CANDIDATE","40","956","True","True","11-09-2026 00:00:30"
"M182Routes.js","False","ROUTE_CANDIDATE","40","956","True","True","11-09-2026 00:00:30"
"M183Routes.js","False","ROUTE_CANDIDATE","40","956","True","True","11-09-2026 00:00:30"
"M184Routes.js","False","ROUTE_CANDIDATE","40","956","True","True","11-09-2026 00:00:30"
"M185Routes.js","False","ROUTE_CANDIDATE","40","956","True","True","11-09-2026 00:00:30"
"M186Routes.js","False","ROUTE_CANDIDATE","40","956","True","True","11-09-2026 00:00:30"
"M187Routes.js","False","ROUTE_CANDIDATE","40","956","True","True","11-09-2026 00:00:30"
"M188Routes.js","False","ROUTE_CANDIDATE","40","956","True","True","11-09-2026 00:00:30"
"M189Routes.js","False","ROUTE_CANDIDATE","40","956","True","True","11-09-2026 00:00:30"
"M190Routes.js","False","ROUTE_CANDIDATE","40","956","True","True","11-09-2026 00:00:30"
"M191Routes.js","False","ROUTE_CANDIDATE","40","956","True","True","11-09-2026 00:00:30"
"M192Routes.js","False","ROUTE_CANDIDATE","40","956","True","True","11-09-2026 00:00:30"
"M193Routes.js","False","ROUTE_CANDIDATE","40","956","True","True","11-09-2026 00:00:30"
"M194Routes.js","False","ROUTE_CANDIDATE","40","956","True","True","11-09-2026 00:00:30"
"M195Routes.js","False","ROUTE_CANDIDATE","40","956","True","True","11-09-2026 00:00:30"
"M196Routes.js","False","ROUTE_CANDIDATE","40","956","True","True","11-09-2026 00:00:30"
"M197Routes.js","False","ROUTE_CANDIDATE","40","956","True","True","11-09-2026 00:00:30"
"M198Routes.js","False","ROUTE_CANDIDATE","40","956","True","True","11-09-2026 00:00:30"
"M199Routes.js","False","ROUTE_CANDIDATE","40","956","True","True","11-09-2026 00:00:30"
"M200Routes.js","False","ROUTE_CANDIDATE","40","956","True","True","11-09-2026 00:00:30"
"M201Routes.js","False","ROUTE_CANDIDATE","40","956","True","True","11-09-2026 00:00:30"
"M202Routes.js","False","ROUTE_CANDIDATE","40","956","True","True","11-09-2026 00:00:30"
"M203Routes.js","False","ROUTE_CANDIDATE","40","956","True","True","11-09-2026 00:00:30"
"M204Routes.js","False","ROUTE_CANDIDATE","40","956","True","True","11-09-2026 00:00:30"
"M205Routes.js","False","ROUTE_CANDIDATE","40","956","True","True","11-09-2026 00:00:30"
"M206Routes.js","False","ROUTE_CANDIDATE","40","956","True","True","11-09-2026 00:00:30"
"M207Routes.js","False","ROUTE_CANDIDATE","40","956","True","True","11-09-2026 00:00:30"
"M208Routes.js","False","ROUTE_CANDIDATE","40","956","True","True","11-09-2026 00:00:30"
"M209Routes.js","False","ROUTE_CANDIDATE","40","956","True","True","11-09-2026 00:00:30"
"M210Routes.js","False","ROUTE_CANDIDATE","40","956","True","True","11-09-2026 00:00:30"
"M211Routes.js","False","ROUTE_CANDIDATE","40","956","True","True","11-09-2026 00:00:30"
"M212Routes.js","False","ROUTE_CANDIDATE","40","956","True","True","11-09-2026 00:00:30"
"M213Routes.js","False","ROUTE_CANDIDATE","40","956","True","True","11-09-2026 00:00:30"
"M214Routes.js","False","ROUTE_CANDIDATE","40","956","True","True","11-09-2026 00:00:30"
"M215Routes.js","False","ROUTE_CANDIDATE","40","956","True","True","11-09-2026 00:00:30"
"M216Routes.js","False","ROUTE_CANDIDATE","40","956","True","True","11-09-2026 00:00:30"
"M217Routes.js","False","ROUTE_CANDIDATE","40","956","True","True","11-09-2026 00:00:30"
"M218Routes.js","False","ROUTE_CANDIDATE","40","956","True","True","11-09-2026 00:00:30"
"M219Routes.js","False","ROUTE_CANDIDATE","40","956","True","True","11-09-2026 00:00:30"
"M220Routes.js","False","ROUTE_CANDIDATE","40","956","True","True","11-09-2026 00:00:30"
"M221Routes.js","False","ROUTE_CANDIDATE","40","956","True","True","11-09-2026 00:00:30"
"M222Routes.js","False","ROUTE_CANDIDATE","40","956","True","True","11-09-2026 00:00:30"
"M223Routes.js","False","ROUTE_CANDIDATE","40","956","True","True","11-09-2026 00:00:30"
"M224Routes.js","False","ROUTE_CANDIDATE","40","956","True","True","11-09-2026 00:00:30"
"M225Routes.js","False","ROUTE_CANDIDATE","40","956","True","True","11-09-2026 00:00:30"
"M226Routes.js","False","ROUTE_CANDIDATE","40","956","True","True","11-09-2026 00:00:30"
"M227Routes.js","False","ROUTE_CANDIDATE","40","956","True","True","11-09-2026 00:00:30"
"M228Routes.js","False","ROUTE_CANDIDATE","40","956","True","True","11-09-2026 00:00:30"
"M229Routes.js","False","ROUTE_CANDIDATE","40","956","True","True","11-09-2026 00:00:30"
"M230Routes.js","False","ROUTE_CANDIDATE","40","956","True","True","11-09-2026 00:00:30"
"M231Routes.js","False","ROUTE_CANDIDATE","40","956","True","True","11-09-2026 00:00:30"
"M232Routes.js","False","ROUTE_CANDIDATE","40","956","True","True","11-09-2026 00:00:30"
"M233Routes.js","False","ROUTE_CANDIDATE","40","956","True","True","11-09-2026 00:00:30"
"M234Routes.js","False","ROUTE_CANDIDATE","40","956","True","True","11-09-2026 00:00:30"
"M235Routes.js","False","ROUTE_CANDIDATE","40","956","True","True","11-09-2026 00:00:30"
"M236Routes.js","False","ROUTE_CANDIDATE","40","956","True","True","11-09-2026 00:00:30"
"M237Routes.js","False","ROUTE_CANDIDATE","40","956","True","True","11-09-2026 00:00:30"
"M238Routes.js","False","ROUTE_CANDIDATE","40","956","True","True","11-09-2026 00:00:30"
"M239Routes.js","False","ROUTE_CANDIDATE","40","956","True","True","11-09-2026 00:00:30"
"M240Routes.js","False","ROUTE_CANDIDATE","40","956","True","True","11-09-2026 00:00:30"
"M241Routes.js","False","ROUTE_CANDIDATE","40","956","True","True","11-09-2026 00:00:30"
"M242Routes.js","False","ROUTE_CANDIDATE","40","956","True","True","11-09-2026 00:00:30"
"M243Routes.js","False","ROUTE_CANDIDATE","40","956","True","True","11-09-2026 00:00:30"
"M244Routes.js","False","ROUTE_CANDIDATE","40","956","True","True","11-09-2026 00:00:30"
"M245Routes.js","False","ROUTE_CANDIDATE","40","956","True","True","11-09-2026 00:00:30"
"M246Routes.js","False","ROUTE_CANDIDATE","40","956","True","True","11-09-2026 00:00:30"
"M247Routes.js","False","ROUTE_CANDIDATE","40","956","True","True","11-09-2026 00:00:30"
"M248Routes.js","False","ROUTE_CANDIDATE","40","956","True","True","11-09-2026 00:00:30"
"M249Routes.js","False","ROUTE_CANDIDATE","40","956","True","True","11-09-2026 00:00:30"
"M250Routes.js","False","ROUTE_CANDIDATE","40","956","True","True","11-09-2026 00:00:30"
"M251Routes.js","False","ROUTE_CANDIDATE","40","956","True","True","11-09-2026 00:00:30"
"M252Routes.js","False","ROUTE_CANDIDATE","40","956","True","True","11-09-2026 00:00:30"
"M253Routes.js","False","ROUTE_CANDIDATE","40","956","True","True","11-09-2026 00:00:30"
"M254Routes.js","False","ROUTE_CANDIDATE","40","956","True","True","11-09-2026 00:00:30"
"M255Routes.js","False","ROUTE_CANDIDATE","40","956","True","True","11-09-2026 00:00:30"
"M256Routes.js","False","ROUTE_CANDIDATE","40","956","True","True","11-09-2026 00:00:30"
"M257Routes.js","False","ROUTE_CANDIDATE","40","956","True","True","11-09-2026 00:00:30"
"M258Routes.js","False","ROUTE_CANDIDATE","40","956","True","True","11-09-2026 00:00:30"
"M259Routes.js","False","ROUTE_CANDIDATE","40","956","True","True","11-09-2026 00:00:30"
"M260Routes.js","False","ROUTE_CANDIDATE","40","956","True","True","11-09-2026 00:00:30"
"M261Routes.js","False","ROUTE_CANDIDATE","40","956","True","True","11-09-2026 00:00:30"
"M262Routes.js","False","ROUTE_CANDIDATE","40","956","True","True","11-09-2026 00:00:30"
"M263Routes.js","False","ROUTE_CANDIDATE","40","956","True","True","11-09-2026 00:00:30"
"M264Routes.js","False","ROUTE_CANDIDATE","40","956","True","True","11-09-2026 00:00:30"
"M265Routes.js","False","ROUTE_CANDIDATE","40","956","True","True","11-09-2026 00:00:30"
"M266Routes.js","False","ROUTE_CANDIDATE","40","956","True","True","11-09-2026 00:00:30"
"M267Routes.js","False","ROUTE_CANDIDATE","40","956","True","True","11-09-2026 00:00:30"
"M268Routes.js","False","ROUTE_CANDIDATE","40","956","True","True","11-09-2026 00:00:30"
"M269Routes.js","False","ROUTE_CANDIDATE","40","956","True","True","11-09-2026 00:00:30"
"M270Routes.js","False","ROUTE_CANDIDATE","40","956","True","True","11-09-2026 00:00:30"
"M271Routes.js","False","ROUTE_CANDIDATE","40","956","True","True","11-09-2026 00:00:30"
"M272Routes.js","False","ROUTE_CANDIDATE","40","956","True","True","11-09-2026 00:00:30"
"M273Routes.js","False","ROUTE_CANDIDATE","40","956","True","True","11-09-2026 00:00:30"
"M274Routes.js","False","ROUTE_CANDIDATE","40","956","True","True","11-09-2026 00:00:30"
"M275Routes.js","False","ROUTE_CANDIDATE","40","956","True","True","11-09-2026 00:00:30"
"M276Routes.js","False","ROUTE_CANDIDATE","40","956","True","True","11-09-2026 00:00:30"
"M277Routes.js","False","ROUTE_CANDIDATE","40","956","True","True","11-09-2026 00:00:30"
"M278Routes.js","False","ROUTE_CANDIDATE","40","956","True","True","11-09-2026 00:00:30"
"M279Routes.js","False","ROUTE_CANDIDATE","40","956","True","True","11-09-2026 00:00:30"
"M280Routes.js","False","ROUTE_CANDIDATE","40","956","True","True","11-09-2026 00:00:30"
"M281Routes.js","False","ROUTE_CANDIDATE","40","956","True","True","11-09-2026 00:00:30"
"M282Routes.js","False","ROUTE_CANDIDATE","40","956","True","True","11-09-2026 00:00:30"
"M283Routes.js","False","ROUTE_CANDIDATE","40","956","True","True","11-09-2026 00:00:30"
"M284Routes.js","False","ROUTE_CANDIDATE","40","956","True","True","11-09-2026 00:00:30"
"M285Routes.js","False","ROUTE_CANDIDATE","40","956","True","True","11-09-2026 00:00:30"
"M286Routes.js","False","ROUTE_CANDIDATE","40","956","True","True","11-09-2026 00:00:30"
"M287Routes.js","False","ROUTE_CANDIDATE","40","956","True","True","11-09-2026 00:00:30"
"M288Routes.js","False","ROUTE_CANDIDATE","40","956","True","True","11-09-2026 00:00:30"
"M289Routes.js","False","ROUTE_CANDIDATE","40","956","True","True","11-09-2026 00:00:30"
"M290Routes.js","False","ROUTE_CANDIDATE","40","956","True","True","11-09-2026 00:00:30"
"M291Routes.js","False","ROUTE_CANDIDATE","40","956","True","True","11-09-2026 00:00:30"
"M292Routes.js","False","ROUTE_CANDIDATE","40","956","True","True","11-09-2026 00:00:30"
"M293Routes.js","False","ROUTE_CANDIDATE","40","956","True","True","11-09-2026 00:00:30"
"M294Routes.js","False","ROUTE_CANDIDATE","40","956","True","True","11-09-2026 00:00:30"
"M295Routes.js","False","ROUTE_CANDIDATE","40","956","True","True","11-09-2026 00:00:30"
"M296Routes.js","False","ROUTE_CANDIDATE","40","956","True","True","11-09-2026 00:00:30"
"M297Routes.js","False","ROUTE_CANDIDATE","40","956","True","True","11-09-2026 00:00:30"
"M298Routes.js","False","ROUTE_CANDIDATE","40","956","True","True","11-09-2026 00:00:30"
"M299Routes.js","False","ROUTE_CANDIDATE","40","956","True","True","11-09-2026 00:00:30"
"M300Routes.js","False","ROUTE_CANDIDATE","40","956","True","True","11-09-2026 00:00:30"
"M301Routes.js","False","ROUTE_CANDIDATE","40","956","True","True","11-09-2026 00:00:30"
"M302Routes.js","False","ROUTE_CANDIDATE","40","956","True","True","11-09-2026 00:00:30"
"M303Routes.js","False","ROUTE_CANDIDATE","40","956","True","True","11-09-2026 00:00:30"
"M304Routes.js","False","ROUTE_CANDIDATE","40","956","True","True","11-09-2026 00:00:30"
"M305Routes.js","False","ROUTE_CANDIDATE","40","956","True","True","11-09-2026 00:00:30"
"M306Routes.js","False","ROUTE_CANDIDATE","40","956","True","True","11-09-2026 00:00:30"
"M307Routes.js","False","ROUTE_CANDIDATE","40","956","True","True","11-09-2026 00:00:30"
"M308Routes.js","False","ROUTE_CANDIDATE","40","956","True","True","11-09-2026 00:00:30"
"M309Routes.js","False","ROUTE_CANDIDATE","40","956","True","True","11-09-2026 00:00:30"
"M310Routes.js","False","ROUTE_CANDIDATE","40","956","True","True","11-09-2026 00:00:30"
"M311Routes.js","False","ROUTE_CANDIDATE","40","956","True","True","11-09-2026 00:00:30"
"M312Routes.js","False","ROUTE_CANDIDATE","40","956","True","True","11-09-2026 00:00:30"
"M313Routes.js","False","ROUTE_CANDIDATE","40","956","True","True","11-09-2026 00:00:30"
"M314Routes.js","False","ROUTE_CANDIDATE","40","956","True","True","11-09-2026 00:00:30"
"M315Routes.js","False","ROUTE_CANDIDATE","40","956","True","True","11-09-2026 00:00:30"
"M316Routes.js","False","ROUTE_CANDIDATE","40","956","True","True","11-09-2026 00:00:30"
"M317Routes.js","False","ROUTE_CANDIDATE","40","956","True","True","11-09-2026 00:00:30"
"M318Routes.js","False","ROUTE_CANDIDATE","40","956","True","True","11-09-2026 00:00:30"
"M319Routes.js","False","ROUTE_CANDIDATE","40","956","True","True","11-09-2026 00:00:30"
"M31Routes.js","False","ROUTE_CANDIDATE","40","949","True","True","11-09-2026 00:00:30"
"M320Routes.js","False","ROUTE_CANDIDATE","40","956","True","True","11-09-2026 00:00:30"
"M321Routes.js","False","ROUTE_CANDIDATE","40","956","True","True","11-09-2026 00:00:30"
"M322Routes.js","False","ROUTE_CANDIDATE","40","956","True","True","11-09-2026 00:00:30"
"M323Routes.js","False","ROUTE_CANDIDATE","40","956","True","True","11-09-2026 00:00:30"
"M324Routes.js","False","ROUTE_CANDIDATE","40","956","True","True","11-09-2026 00:00:30"
"M325Routes.js","False","ROUTE_CANDIDATE","40","956","True","True","11-09-2026 00:00:30"
"M326Routes.js","False","ROUTE_CANDIDATE","40","956","True","True","11-09-2026 00:00:30"
"M327Routes.js","False","ROUTE_CANDIDATE","40","956","True","True","11-09-2026 00:00:30"
"M328Routes.js","False","ROUTE_CANDIDATE","40","956","True","True","11-09-2026 00:00:30"
"M329Routes.js","False","ROUTE_CANDIDATE","40","956","True","True","11-09-2026 00:00:30"
"M32Routes.js","False","ROUTE_CANDIDATE","40","949","True","True","11-09-2026 00:00:30"
"M330Routes.js","False","ROUTE_CANDIDATE","40","956","True","True","11-09-2026 00:00:30"
"M331Routes.js","False","ROUTE_CANDIDATE","40","956","True","True","11-09-2026 00:00:30"
"M332Routes.js","False","ROUTE_CANDIDATE","40","956","True","True","11-09-2026 00:00:30"
"M333Routes.js","False","ROUTE_CANDIDATE","40","956","True","True","11-09-2026 00:00:30"
"M334Routes.js","False","ROUTE_CANDIDATE","40","956","True","True","11-09-2026 00:00:30"
"M335Routes.js","False","ROUTE_CANDIDATE","40","956","True","True","11-09-2026 00:00:30"
"M336Routes.js","False","ROUTE_CANDIDATE","40","956","True","True","11-09-2026 00:00:30"
"M337Routes.js","False","ROUTE_CANDIDATE","40","956","True","True","11-09-2026 00:00:30"
"M338Routes.js","False","ROUTE_CANDIDATE","40","956","True","True","11-09-2026 00:00:30"
"M339Routes.js","False","ROUTE_CANDIDATE","40","956","True","True","11-09-2026 00:00:30"
"M33Routes.js","False","ROUTE_CANDIDATE","40","949","True","True","11-09-2026 00:00:30"
"M340Routes.js","False","ROUTE_CANDIDATE","40","956","True","True","11-09-2026 00:00:30"
"M341Routes.js","False","ROUTE_CANDIDATE","40","956","True","True","11-09-2026 00:00:30"
"M342Routes.js","False","ROUTE_CANDIDATE","40","956","True","True","11-09-2026 00:00:30"
"M343Routes.js","False","ROUTE_CANDIDATE","40","956","True","True","11-09-2026 00:00:30"
"M344Routes.js","False","ROUTE_CANDIDATE","40","956","True","True","11-09-2026 00:00:30"
"M34Routes.js","False","ROUTE_CANDIDATE","40","949","True","True","11-09-2026 00:00:30"
"M35Routes.js","False","ROUTE_CANDIDATE","40","949","True","True","11-09-2026 00:00:30"
"M36Routes.js","False","ROUTE_CANDIDATE","40","949","True","True","11-09-2026 00:00:30"
"M37Routes.js","False","ROUTE_CANDIDATE","40","949","True","True","11-09-2026 00:00:30"
"M38Routes.js","False","ROUTE_CANDIDATE","40","949","True","True","11-09-2026 00:00:30"
"M39Routes.js","False","ROUTE_CANDIDATE","40","949","True","True","11-09-2026 00:00:30"
"m400AiBackboneRoutes.js","True","ROUTE_CANDIDATE","186","7237","True","True","13-09-2026 15:35:33"
"M40Routes.js","False","ROUTE_CANDIDATE","40","949","True","True","11-09-2026 00:00:30"
"M41Routes.js","False","ROUTE_CANDIDATE","40","949","True","True","11-09-2026 00:00:30"
"M42Routes.js","False","ROUTE_CANDIDATE","40","949","True","True","11-09-2026 00:00:30"
"M43Routes.js","False","ROUTE_CANDIDATE","40","949","True","True","11-09-2026 00:00:30"
"M44Routes.js","False","ROUTE_CANDIDATE","40","949","True","True","11-09-2026 00:00:30"
"M45Routes.js","False","ROUTE_CANDIDATE","40","949","True","True","11-09-2026 00:00:30"
"M46Routes.js","False","ROUTE_CANDIDATE","40","949","True","True","11-09-2026 00:00:30"
"M47Routes.js","False","ROUTE_CANDIDATE","40","949","True","True","11-09-2026 00:00:30"
"M48Routes.js","False","ROUTE_CANDIDATE","40","949","True","True","11-09-2026 00:00:30"
"M49Routes.js","False","ROUTE_CANDIDATE","40","949","True","True","11-09-2026 00:00:30"
"M50Routes.js","False","ROUTE_CANDIDATE","40","949","True","True","11-09-2026 00:00:30"
"M51Routes.js","False","ROUTE_CANDIDATE","40","949","True","True","11-09-2026 00:00:30"
"M52Routes.js","False","ROUTE_CANDIDATE","40","949","True","True","11-09-2026 00:00:30"
"M53Routes.js","False","ROUTE_CANDIDATE","40","949","True","True","11-09-2026 00:00:30"
"M54Routes.js","False","ROUTE_CANDIDATE","40","949","True","True","11-09-2026 00:00:30"
"M55Routes.js","False","ROUTE_CANDIDATE","40","949","True","True","11-09-2026 00:00:30"
"M56Routes.js","False","ROUTE_CANDIDATE","40","949","True","True","11-09-2026 00:00:30"
"M57Routes.js","False","ROUTE_CANDIDATE","40","949","True","True","11-09-2026 00:00:30"
"M58Routes.js","False","ROUTE_CANDIDATE","40","949","True","True","11-09-2026 00:00:30"
"M59Routes.js","False","ROUTE_CANDIDATE","40","949","True","True","11-09-2026 00:00:30"
"M60Routes.js","False","ROUTE_CANDIDATE","40","949","True","True","11-09-2026 00:00:30"
"M61Routes.js","False","ROUTE_CANDIDATE","40","949","True","True","11-09-2026 00:00:30"
"M62Routes.js","False","ROUTE_CANDIDATE","40","949","True","True","11-09-2026 00:00:30"
"M63Routes.js","False","ROUTE_CANDIDATE","40","949","True","True","11-09-2026 00:00:30"
"M64Routes.js","False","ROUTE_CANDIDATE","40","949","True","True","11-09-2026 00:00:30"
"M65Routes.js","False","ROUTE_CANDIDATE","40","949","True","True","11-09-2026 00:00:30"
"M66Routes.js","False","ROUTE_CANDIDATE","40","949","True","True","11-09-2026 00:00:30"
"M67Routes.js","False","ROUTE_CANDIDATE","40","949","True","True","11-09-2026 00:00:30"
"M68Routes.js","False","ROUTE_CANDIDATE","40","949","True","True","11-09-2026 00:00:30"
"M69Routes.js","False","ROUTE_CANDIDATE","40","949","True","True","11-09-2026 00:00:30"
"M70Routes.js","False","ROUTE_CANDIDATE","40","949","True","True","11-09-2026 00:00:30"
"M71Routes.js","False","ROUTE_CANDIDATE","40","949","True","True","11-09-2026 00:00:30"
"M72Routes.js","False","ROUTE_CANDIDATE","40","949","True","True","11-09-2026 00:00:30"
"M73Routes.js","False","ROUTE_CANDIDATE","40","949","True","True","11-09-2026 00:00:30"
"M74Routes.js","False","ROUTE_CANDIDATE","40","949","True","True","11-09-2026 00:00:30"
"M75Routes.js","False","ROUTE_CANDIDATE","40","949","True","True","11-09-2026 00:00:30"
"M76Routes.js","False","ROUTE_CANDIDATE","40","949","True","True","11-09-2026 00:00:30"
"M77Routes.js","False","ROUTE_CANDIDATE","40","949","True","True","11-09-2026 00:00:30"
"M78Routes.js","False","ROUTE_CANDIDATE","40","949","True","True","11-09-2026 00:00:30"
"M79Routes.js","False","ROUTE_CANDIDATE","40","949","True","True","11-09-2026 00:00:30"
"M80Routes.js","False","ROUTE_CANDIDATE","40","949","True","True","11-09-2026 00:00:30"
"M81Routes.js","False","ROUTE_CANDIDATE","40","949","True","True","11-09-2026 00:00:30"
"M82Routes.js","False","ROUTE_CANDIDATE","40","949","True","True","11-09-2026 00:00:30"
"M83Routes.js","False","ROUTE_CANDIDATE","40","949","True","True","11-09-2026 00:00:30"
"M84Routes.js","False","ROUTE_CANDIDATE","40","949","True","True","11-09-2026 00:00:30"
"M85Routes.js","False","ROUTE_CANDIDATE","40","949","True","True","11-09-2026 00:00:30"
"M86Routes.js","False","ROUTE_CANDIDATE","40","949","True","True","11-09-2026 00:00:30"
"M87Routes.js","False","ROUTE_CANDIDATE","40","949","True","True","11-09-2026 00:00:30"
"M88Routes.js","False","ROUTE_CANDIDATE","40","949","True","True","11-09-2026 00:00:30"
"M89Routes.js","False","ROUTE_CANDIDATE","40","949","True","True","11-09-2026 00:00:30"
"M90Routes.js","False","ROUTE_CANDIDATE","40","949","True","True","11-09-2026 00:00:30"
"M91Routes.js","False","ROUTE_CANDIDATE","40","949","True","True","11-09-2026 00:00:30"
"M92Routes.js","False","ROUTE_CANDIDATE","40","949","True","True","11-09-2026 00:00:30"
"M93Routes.js","False","ROUTE_CANDIDATE","40","949","True","True","11-09-2026 00:00:30"
"M94Routes.js","False","ROUTE_CANDIDATE","40","949","True","True","11-09-2026 00:00:30"
"M95Routes.js","False","ROUTE_CANDIDATE","40","949","True","True","11-09-2026 00:00:30"
"M96Routes.js","False","ROUTE_CANDIDATE","40","949","True","True","11-09-2026 00:00:30"
"M97Routes.js","False","ROUTE_CANDIDATE","40","949","True","True","11-09-2026 00:00:30"
"M98Routes.js","False","ROUTE_CANDIDATE","40","949","True","True","11-09-2026 00:00:30"
"M99Routes.js","False","ROUTE_CANDIDATE","40","949","True","True","11-09-2026 00:00:30"
"machineryVillageOpsRoutes.js","False","ROUTE_CANDIDATE","200","5755","True","True","10-09-2026 23:37:07"
"marketAnalytics.js","True","ROUTE_CANDIDATE","21","321","True","True","10-09-2026 23:40:01"
"marketDataRoutes.js","True","ROUTE_CANDIDATE","66","3210","True","True","13-09-2026 07:19:14"
"marketplaceEnhancements.js","True","ROUTE_CANDIDATE","279","10819","True","True","13-09-2026 07:19:14"
"mfaDomainRoutes.js","True","ROUTE_CANDIDATE","27","814","True","True","12-09-2026 12:58:05"
"migrationRoutes.js","False","TOOL_OR_GENERATED","24","492","True","True","11-09-2026 00:00:30"
"mlOptimization.js","True","ROUTE_CANDIDATE","21","319","True","True","10-09-2026 23:40:01"
"moduleRegistryRoutes.js","True","ROUTE_CANDIDATE","175","6420","True","True","13-09-2026 07:21:08"
"moduleSupportInfrastructureRoutes.js","False","ROUTE_CANDIDATE","461","10707","True","True","12-09-2026 14:54:30"
"moduleSystemsRoutes.js","False","ROUTE_CANDIDATE","28","1077","True","True","11-09-2026 13:52:06"
"multilingualDomainRoutes.js","True","ROUTE_CANDIDATE","41","1652","True","True","12-09-2026 12:22:55"
"mushroomRoutes.js","True","ROUTE_CANDIDATE","74","2492","True","True","13-09-2026 01:53:21"
"nervousSystemRoutes.js","True","ROUTE_CANDIDATE","230","8307","True","True","13-09-2026 07:19:13"
"neVarietiesRoutes.js","True","ROUTE_CANDIDATE","377","9819","True","True","10-09-2026 23:37:07"
"nlp.js","True","ROUTE_CANDIDATE","21","296","True","True","10-09-2026 23:40:01"
"notificationDomainRoutes.js","True","ROUTE_CANDIDATE","29","981","True","True","12-09-2026 13:04:51"
"notificationRoutes.js","False","ROUTE_CANDIDATE","24","501","True","True","11-09-2026 00:00:30"
"nutrientValueSalesRoutes.js","True","ROUTE_CANDIDATE","147","6248","True","True","13-09-2026 07:19:14"
"nutritionIntelligenceRoutes.js","True","ROUTE_CANDIDATE","286","10105","True","True","10-09-2026 23:37:07"
"operationsManagementRoutes.js","True","ROUTE_CANDIDATE","39","660","True","True","10-09-2026 23:48:44"
"operationsRouteSupport.js","True","ROUTE_CANDIDATE","13","240","True","True","10-09-2026 23:44:22"
"optimizationRoutes.js","True","ROUTE_CANDIDATE","20","1207","True","True","15-09-2026 01:06:00"
"orderRoutes.js","True","ROUTE_CANDIDATE","39","614","True","True","10-09-2026 23:48:44"
"ordersDomainRoutes.js","True","ROUTE_CANDIDATE","43","2012","True","True","12-09-2026 12:17:20"
"organicTraceabilityDomainRoutes.js","True","ROUTE_CANDIDATE","24","770","True","True","12-09-2026 13:02:34"
"organizationDomainRoutes.js","True","ROUTE_CANDIDATE","53","1764","True","True","12-09-2026 11:37:44"
"organizationManagementRoutes.js","True","ROUTE_CANDIDATE","39","666","True","True","10-09-2026 23:48:44"
"ORPHANED_SERVICES_MOUNT.js","True","ROUTE_CANDIDATE","117","4202","True","True","10-09-2026 23:37:07"
"paymentGatewayRoutes.js","True","ROUTE_CANDIDATE","20","697","True","True","10-09-2026 23:37:07"
"paymentRoutes.js","True","ROUTE_CANDIDATE","39","620","True","True","10-09-2026 23:48:44"
"performanceRoutes.js","False","ROUTE_CANDIDATE","24","498","True","True","11-09-2026 00:00:30"
"permissionRoutes.js","False","ROUTE_CANDIDATE","24","495","True","True","11-09-2026 00:00:30"
"pestForecastingDomainRoutes.js","True","ROUTE_CANDIDATE","32","989","True","True","12-09-2026 13:04:57"
"phase10.js","True","ROUTE_CANDIDATE","21","304","True","True","10-09-2026 23:40:01"
"phase11.js","True","ROUTE_CANDIDATE","21","304","True","True","10-09-2026 23:40:01"
"phase12.js","True","ROUTE_CANDIDATE","21","304","True","True","10-09-2026 23:40:01"
"phase8.js","True","ROUTE_CANDIDATE","21","302","True","True","10-09-2026 23:40:01"
"phase9.js","True","ROUTE_CANDIDATE","21","302","True","True","10-09-2026 23:40:01"
"pigRoutes.js","True","ROUTE_CANDIDATE","427","13928","True","True","13-09-2026 07:19:15"
"platformConfigurationRoutes.js","True","ROUTE_CANDIDATE","39","663","True","True","13-09-2026 07:19:15"
"platformCoreDomainRoutes.js","True","ROUTE_CANDIDATE","32","934","True","True","12-09-2026 12:58:13"
"platformCoreRoutes.js","True","ROUTE_CANDIDATE","171","6480","True","True","13-09-2026 07:19:15"
"platformFoundationRoutes.js","False","ROUTE_CANDIDATE","39","654","True","True","10-09-2026 23:48:44"
"platformTelemetryRoutes.js","True","ROUTE_CANDIDATE","39","651","True","True","10-09-2026 23:48:44"
"poultryDomainRoutes.js","True","ROUTE_CANDIDATE","47","1948","True","True","12-09-2026 12:09:48"
"poultryRoutes.js","True","ROUTE_CANDIDATE","354","11503","True","True","13-09-2026 07:19:15"
"predictiveAnalytics.js","True","ROUTE_CANDIDATE","21","329","True","True","10-09-2026 23:40:01"
"predictiveIntelligenceRoutes.js","True","ROUTE_CANDIDATE","39","666","True","True","10-09-2026 23:48:44"
"preSeasonPurchaseRoutes.js","True","ROUTE_CANDIDATE","94","3951","True","True","13-09-2026 07:19:16"
"preventiveMaintenanceRoutes.js","True","ROUTE_CANDIDATE","39","663","True","True","10-09-2026 23:48:44"
"priceForecasting.js","True","ROUTE_CANDIDATE","25","975","True","True","10-09-2026 23:37:07"
"privacyDomainRoutes.js","True","ROUTE_CANDIDATE","28","943","True","True","12-09-2026 13:04:54"
"productCertifications.js","True","ROUTE_CANDIDATE","21","333","True","True","10-09-2026 23:40:01"
"productImageAutoGenerationRoutes.js","True","TOOL_OR_GENERATED","39","680","True","True","10-09-2026 23:48:44"
"productMediaAIRoutes.js","True","ROUTE_CANDIDATE","23","968","True","True","12-09-2026 09:12:06"
"productReviewRoutes.js","True","ROUTE_CANDIDATE","103","3728","True","True","10-09-2026 23:37:07"
"productRoutes.js","True","ROUTE_CANDIDATE","39","620","True","True","10-09-2026 23:48:44"
"projectSystemsRoutes.js","True","ROUTE_CANDIDATE","180","7109","True","True","13-09-2026 07:19:16"
"publicDataRoutes.js","True","ROUTE_CANDIDATE","39","630","True","True","10-09-2026 23:48:44"
"publicDomainDataExtractionRoutes_merged.js","False","MERGED_OR_HISTORICAL","21","365","True","True","10-09-2026 23:40:01"
"qualityAssurance.js","True","ROUTE_CANDIDATE","21","323","True","True","10-09-2026 23:40:01"
"realtimeMonitoringDomainRoutes.js","True","ROUTE_CANDIDATE","33","1159","True","True","12-09-2026 12:43:13"
"realtimeMonitoringRoutes.js","True","ROUTE_CANDIDATE","39","654","True","True","10-09-2026 23:48:44"
"recoveredFinanceRoutes.js","True","ROUTE_CANDIDATE","163","7084","True","True","13-09-2026 01:24:05"
"regionalVarietyRoutes.js","True","ROUTE_CANDIDATE","90","3589","True","True","13-09-2026 07:19:13"
"reportingRoutes.js","False","ROUTE_CANDIDATE","24","492","True","True","11-09-2026 00:00:30"
"researchAndDevelopmentDomainRoutes.js","True","ROUTE_CANDIDATE","63","3341","True","True","15-09-2026 07:22:18"
"researchAndDevelopmentRoutes.js","True","ROUTE_CANDIDATE","39","667","True","True","13-09-2026 07:19:16"
"resourceRouteFactory.js","False","TOOL_OR_GENERATED","21","332","True","True","10-09-2026 23:40:01"
"returnLoadBoardDomainRoutes.js","True","ROUTE_CANDIDATE","29","1110","True","True","12-09-2026 12:42:56"
"returnLoadBoardRoutes.js","True","ROUTE_CANDIDATE","75","3149","True","True","13-09-2026 07:19:15"
"revenueRoutes.js","True","ROUTE_CANDIDATE","55","2441","True","True","13-09-2026 01:24:05"
"rfqDomainRoutes.js","True","ROUTE_CANDIDATE","32","959","True","True","12-09-2026 12:32:46"
"rfqRoutes.js","True","ROUTE_CANDIDATE","81","3968","True","True","13-09-2026 07:19:14"
"riskAssessment.js","True","ROUTE_CANDIDATE","21","319","True","True","10-09-2026 23:40:01"
"riskPricingRoutes.js","True","ROUTE_CANDIDATE","209","8565","True","True","13-09-2026 07:19:15"
"roboticsRoutes.js","True","ROUTE_CANDIDATE","50","3897","True","True","15-09-2026 07:20:03"
"roleManagementRoutes.js","True","ROUTE_CANDIDATE","113","3969","True","True","10-09-2026 23:37:07"
"roleRoutes.js","False","ROUTE_CANDIDATE","24","477","True","True","11-09-2026 00:00:30"
"sapModuleArchitectureDomainRoutes.js","True","ROUTE_CANDIDATE","52","3194","True","True","12-09-2026 11:50:19"
"sapModuleArchitectureRoutes.js","True","ROUTE_CANDIDATE","47","1088","True","True","13-09-2026 07:19:16"
"searchRoutes.js","False","ROUTE_CANDIDATE","24","483","True","True","11-09-2026 00:00:30"
"securityRoutes.js","False","ROUTE_CANDIDATE","24","489","True","True","11-09-2026 00:00:30"
"seedVaultRoutes.js","True","ROUTE_CANDIDATE","111","4462","True","True","13-09-2026 01:24:05"
"sellerRankingDomainRoutes.js","True","ROUTE_CANDIDATE","27","936","True","True","12-09-2026 13:02:41"
"sellerRankingRoutes.js","True","ROUTE_CANDIDATE","39","639","True","True","10-09-2026 23:48:44"
"sellerVerifications.js","True","ROUTE_CANDIDATE","21","329","True","True","10-09-2026 23:40:01"
"sericultureRoutes.js","True","ROUTE_CANDIDATE","74","2546","True","True","13-09-2026 01:53:21"
"serverManagementRoutes.js","False","ROUTE_CANDIDATE","579","13299","True","True","13-09-2026 07:19:16"
"settingsRoutes.js","False","ROUTE_CANDIDATE","24","489","True","True","11-09-2026 00:00:30"
"sharedCapacityRoutes.js","True","ROUTE_CANDIDATE","10","1446","True","True","15-09-2026 07:49:24"
"sheepDomainRoutes.js","True","ROUTE_CANDIDATE","50","2201","True","True","12-09-2026 12:04:40"
"sheepRoutes.js","True","ROUTE_CANDIDATE","407","13238","True","True","13-09-2026 07:19:15"
"soilDomainRoutes.js","True","ROUTE_CANDIDATE","72","2759","True","True","12-09-2026 11:28:22"
"soilHealth.js","True","ROUTE_CANDIDATE","21","311","True","True","10-09-2026 23:40:01"
"soilManagementRoutes.js","True","ROUTE_CANDIDATE","39","642","True","True","10-09-2026 23:48:44"
"soilNutrientLandRoutes.js","False","ROUTE_CANDIDATE","200","5522","True","True","10-09-2026 23:37:07"
"startupEnvironmentRoutes.js","False","ROUTE_CANDIDATE","478","11424","True","True","13-09-2026 07:19:16"
"stripeWebhookRoutes.js","True","ROUTE_CANDIDATE","287","7984","True","True","10-09-2026 23:37:07"
"subscriptions.js","True","ROUTE_CANDIDATE","40","1850","True","True","10-09-2026 23:37:07"
"supplyChainAnalytics.js","True","ROUTE_CANDIDATE","21","332","True","True","10-09-2026 23:40:01"
"supplyChainDecisionRoutes.js","True","ROUTE_CANDIDATE","39","658","True","True","10-09-2026 23:48:44"
"supplyChainTracking.js","True","ROUTE_CANDIDATE","21","330","True","True","10-09-2026 23:40:01"
"systemAdministrationDomainRoutes.js","True","ROUTE_CANDIDATE","31","977","True","True","12-09-2026 12:49:16"
"systemAdministrationRoutes.js","True","ROUTE_CANDIDATE","39","660","True","True","13-09-2026 07:19:16"
"systemConfigRoutes.js","False","ROUTE_CANDIDATE","24","501","True","True","11-09-2026 00:00:30"
"tenantManagementDomainRoutes.js","True","ROUTE_CANDIDATE","32","949","True","True","12-09-2026 12:58:19"
"tenantManagementRoutes.js","True","ROUTE_CANDIDATE","39","648","True","True","13-09-2026 07:19:16"
"trackDartRoutes.js","True","ROUTE_CANDIDATE","81","3815","True","True","13-09-2026 07:19:15"
"transactionDomainRoutes.js","True","ROUTE_CANDIDATE","28","933","True","True","12-09-2026 13:04:48"
"transactionRoutes.js","True","ROUTE_CANDIDATE","22","748","True","True","10-09-2026 23:37:07"
"unifiedAIGateway.js","True","ROUTE_CANDIDATE","21","325","True","True","10-09-2026 23:40:01"
"unifiedAIRoutes.js","True","ROUTE_CANDIDATE","133","4617","True","True","13-09-2026 01:34:28"
"unifiedLedgerRoutes_merged.js","False","MERGED_OR_HISTORICAL","21","337","True","True","10-09-2026 23:40:01"
"userRoutes.js","True","ROUTE_CANDIDATE","39","611","True","True","10-09-2026 23:48:44"
"vendorProcurementRoutes.js","False","ROUTE_CANDIDATE","280","7753","True","True","10-09-2026 23:37:07"
"vendorRoutes.js","True","ROUTE_CANDIDATE","39","617","True","True","13-09-2026 07:19:14"
"vermicompostRoutes.js","True","ROUTE_CANDIDATE","74","2578","True","True","13-09-2026 01:53:21"
"versionRoutes.js","False","ROUTE_CANDIDATE","24","486","True","True","11-09-2026 00:00:30"
"videoAnalytics.js","True","ROUTE_CANDIDATE","21","319","True","True","10-09-2026 23:40:01"
"visionRoutes.js","True","ROUTE_CANDIDATE","156","5943","True","True","13-09-2026 07:19:13"
"voiceAIDomainRoutes.js","True","ROUTE_CANDIDATE","31","1390","True","True","15-09-2026 12:40:34"
"vr.js","True","ROUTE_CANDIDATE","21","294","True","True","10-09-2026 23:40:01"
"walletDomainRoutes.js","True","ROUTE_CANDIDATE","53","2023","True","True","12-09-2026 12:20:47"
"walletRoutes.js","True","ROUTE_CANDIDATE","22","707","True","True","10-09-2026 23:37:07"
"warehouseManagement.js","True","ROUTE_CANDIDATE","21","329","True","True","10-09-2026 23:40:01"
"waterIrrigationRoutes.js","False","ROUTE_CANDIDATE","244","6697","True","True","10-09-2026 23:37:07"
"waterManagementRoutes.js","True","ROUTE_CANDIDATE","39","645","True","True","10-09-2026 23:48:44"
"wearableIntegrationRoutes.js","True","ROUTE_CANDIDATE","28","1173","True","True","10-09-2026 23:37:07"
"weatherAdvisory.js","True","ROUTE_CANDIDATE","30","1266","True","True","10-09-2026 23:37:07"
"weatherDomainRoutes.js","True","ROUTE_CANDIDATE","46","1816","True","True","12-09-2026 12:51:46"
"weatherRoutes.js","True","ROUTE_CANDIDATE","89","6861","True","True","13-09-2026 07:19:13"
"webhookRoutes.js","False","ROUTE_CANDIDATE","24","486","True","True","11-09-2026 00:00:30"
"wikipediaRoutes.js","True","ROUTE_CANDIDATE","66","2819","True","True","13-09-2026 01:24:05"
"yieldManagement.js","True","ROUTE_CANDIDATE","21","321","True","True","10-09-2026 23:40:01"
"agriculture/farmerHealthRoutes.js","True","ROUTE_CANDIDATE","171","6929","True","True","13-09-2026 08:10:05"
"ai/enterpriseAIRoutes.js","True","ROUTE_CANDIDATE","143","4433","True","True","13-09-2026 08:10:05"
"claude/aiCoordinationRoutes.js","True","ROUTE_CANDIDATE","39","645","True","True","13-09-2026 08:10:05"
"claude/aiCopilotRoutes.js","True","ROUTE_CANDIDATE","88","2279","True","True","10-09-2026 23:37:07"
"claude/aiDecisionRoutes.js","True","ROUTE_CANDIDATE","378","9511","True","True","10-09-2026 23:37:07"
"claude/aiProviderRoutes.js","True","ROUTE_CANDIDATE","39","633","True","True","13-09-2026 08:10:05"
"claude/aiStrategyRoutes.js","True","ROUTE_CANDIDATE","88","2247","True","True","10-09-2026 23:37:07"
"claude/backendModuleBridge.js","False","ROUTE_CANDIDATE","21","330","True","True","10-09-2026 23:40:01"
"claude/financialAIRoutes.js","True","ROUTE_CANDIDATE","48","1645","True","True","10-09-2026 23:37:07"
"claude/insuranceAIRoutes.js","True","ROUTE_CANDIDATE","39","637","True","True","13-09-2026 08:10:05"
"claude/logisticsAIRoutes.js","True","ROUTE_CANDIDATE","39","637","True","True","13-09-2026 08:10:05"
"claude/orderAIRoutes.js","True","ROUTE_CANDIDATE","39","625","True","True","13-09-2026 08:10:05"
"claude/productAIRoutes.js","True","ROUTE_CANDIDATE","39","631","True","True","13-09-2026 08:10:05"
"commerce/equipmentExchangeRoutes.js","True","ROUTE_CANDIDATE","74","2706","True","True","13-09-2026 07:19:14"
"dual-use/mfaRoutes.js","True","ROUTE_CANDIDATE","188","4720","True","True","10-09-2026 23:37:07"
"finance/gstRoutes.js","True","ROUTE_CANDIDATE","420","13577","True","True","15-09-2026 00:56:54"
"finance/unifiedLedgerRoutes.js","False","ROUTE_CANDIDATE","40","1461","True","True","10-09-2026 23:37:07"
"generated/all_routes.js","False","TOOL_OR_GENERATED","1077","26050","True","True","10-09-2026 23:37:07"
"livestock/dairyRoutes_merged.js","False","MERGED_OR_HISTORICAL","40","1453","True","True","10-09-2026 23:37:07"
"logistics/geofencingRoutes_merged.js","False","MERGED_OR_HISTORICAL","21","330","True","True","10-09-2026 23:40:01"
"platform/completeERPIntegrationRoutes_merged.js","False","MERGED_OR_HISTORICAL","40","1470","True","True","10-09-2026 23:37:07"
"platform/comprehensiveERPRoutes_merged.js","False","MERGED_OR_HISTORICAL","40","1464","True","True","10-09-2026 23:37:07"
"platform/informationSharingRoutes_merged.js","False","MERGED_OR_HISTORICAL","40","1466","True","True","10-09-2026 23:37:07"
"platform/knowledgeRoutes_merged.js","False","MERGED_OR_HISTORICAL","40","1457","True","True","10-09-2026 23:37:07"
"platform/organizationManagementRoutes_merged.js","False","MERGED_OR_HISTORICAL","40","1470","True","True","10-09-2026 23:37:07"
"platform/publicDomainDataExtractionRoutes.js","False","ROUTE_CANDIDATE","40","1474","True","True","10-09-2026 23:37:07"
"__tests__/climateRoutes.test.js","False","TEST","13","231","True","True","10-09-2026 23:43:52"
"__tests__/enterpriseCommerceSafety.test.js","False","TEST","13","261","True","True","10-09-2026 23:43:52"
"__tests__/livestockFisheriesRoutes.test.js","False","TEST","13","254","True","True","10-09-2026 23:43:52"
"__tests__/operationsMachineryRoutes.test.js","False","TEST","13","256","True","True","10-09-2026 23:43:52"
"__tests__/platformFoundationRoutes.test.js","False","TEST","13","254","True","True","10-09-2026 23:43:52"
"__tests__/roboticsRoutes.test.js","False","TEST","45","2410","False","False","15-09-2026 07:20:10"
"__tests__/waterSoilManagementRoutes.test.js","False","TEST","13","257","True","True","10-09-2026 23:43:52"
