"FullPath","RelativeToLibrary","Name","Extension","Size","Modified"
"C:\Users\DIYA GOEL\Downloads\EBDESIGN\_EBDESIGN_LIBRARY\01_ARTIFACTS\MASTER_ARTIFACT_REGISTRY.csv","01_ARTIFACTS\MASTER_ARTIFACT_REGISTRY.csv","MASTER_ARTIFACT_REGISTRY.csv",".csv","3","2026-08-20T11:19:58.1919203+05:30"
"C:\Users\DIYA GOEL\Downloads\EBDESIGN\_EBDESIGN_LIBRARY\04_AUTHORITY\IDENTITY_REGISTRY\AUDIT\EBD_IDENTITY_STANDARD_v1.json","04_AUTHORITY\IDENTITY_REGISTRY\AUDIT\EBD_IDENTITY_STANDARD_v1.json","EBD_IDENTITY_STANDARD_v1.json",".json","2636","2026-08-19T14:10:34.9645324+05:30"
"C:\Users\DIYA GOEL\Downloads\EBDESIGN\_EBDESIGN_LIBRARY\04_AUTHORITY\IDENTITY_REGISTRY\AUDIT\IDENTITY_REGISTRY_MANIFEST.json","04_AUTHORITY\IDENTITY_REGISTRY\AUDIT\IDENTITY_REGISTRY_MANIFEST.json","IDENTITY_REGISTRY_MANIFEST.json",".json","894","2026-08-19T14:13:01.3832409+05:30"
"C:\Users\DIYA GOEL\Downloads\EBDESIGN\_EBDESIGN_LIBRARY\04_AUTHORITY\IDENTITY_REGISTRY\BATCHES\BATCH_000001_PHYSICAL.csv","04_AUTHORITY\IDENTITY_REGISTRY\BATCHES\BATCH_000001_PHYSICAL.csv","BATCH_000001_PHYSICAL.csv",".csv","3140004","2026-08-19T14:30:17.7262962+05:30"
"C:\Users\DIYA GOEL\Downloads\EBDESIGN\_EBDESIGN_LIBRARY\04_AUTHORITY\IDENTITY_REGISTRY\BATCHES\BATCH_000002_PHYSICAL.csv","04_AUTHORITY\IDENTITY_REGISTRY\BATCHES\BATCH_000002_PHYSICAL.csv","BATCH_000002_PHYSICAL.csv",".csv","3369448","2026-08-19T14:30:47.4039883+05:30"
"C:\Users\DIYA GOEL\Downloads\EBDESIGN\_EBDESIGN_LIBRARY\04_AUTHORITY\IDENTITY_REGISTRY\BATCHES\BATCH_000003_PHYSICAL.csv","04_AUTHORITY\IDENTITY_REGISTRY\BATCHES\BATCH_000003_PHYSICAL.csv","BATCH_000003_PHYSICAL.csv",".csv","3340080","2026-08-19T14:30:49.9326829+05:30"
"C:\Users\DIYA GOEL\Downloads\EBDESIGN\_EBDESIGN_LIBRARY\04_AUTHORITY\IDENTITY_REGISTRY\BATCHES\BATCH_000004_PHYSICAL.csv","04_AUTHORITY\IDENTITY_REGISTRY\BATCHES\BATCH_000004_PHYSICAL.csv","BATCH_000004_PHYSICAL.csv",".csv","3231926","2026-08-19T14:30:51.7249709+05:30"
"C:\Users\DIYA GOEL\Downloads\EBDESIGN\_EBDESIGN_LIBRARY\04_AUTHORITY\IDENTITY_REGISTRY\BATCHES\BATCH_000005_PHYSICAL.csv","04_AUTHORITY\IDENTITY_REGISTRY\BATCHES\BATCH_000005_PHYSICAL.csv","BATCH_000005_PHYSICAL.csv",".csv","3209841","2026-08-19T14:30:53.9558730+05:30"
"C:\Users\DIYA GOEL\Downloads\EBDESIGN\_EBDESIGN_LIBRARY\04_AUTHORITY\IDENTITY_REGISTRY\BATCHES\BATCH_000006_PHYSICAL.csv","04_AUTHORITY\IDENTITY_REGISTRY\BATCHES\BATCH_000006_PHYSICAL.csv","BATCH_000006_PHYSICAL.csv",".csv","3166811","2026-08-19T14:31:01.6340230+05:30"
"C:\Users\DIYA GOEL\Downloads\EBDESIGN\_EBDESIGN_LIBRARY\04_AUTHORITY\IDENTITY_REGISTRY\BATCHES\BATCH_000007_PHYSICAL.csv","04_AUTHORITY\IDENTITY_REGISTRY\BATCHES\BATCH_000007_PHYSICAL.csv","BATCH_000007_PHYSICAL.csv",".csv","3217771","2026-08-19T14:31:03.6036857+05:30"
"C:\Users\DIYA GOEL\Downloads\EBDESIGN\_EBDESIGN_LIBRARY\04_AUTHORITY\IDENTITY_REGISTRY\BATCHES\BATCH_000008_PHYSICAL.csv","04_AUTHORITY\IDENTITY_REGISTRY\BATCHES\BATCH_000008_PHYSICAL.csv","BATCH_000008_PHYSICAL.csv",".csv","3206321","2026-08-19T14:31:07.2133787+05:30"
"C:\Users\DIYA GOEL\Downloads\EBDESIGN\_EBDESIGN_LIBRARY\04_AUTHORITY\IDENTITY_REGISTRY\BATCHES\BATCH_000009_PHYSICAL.csv","04_AUTHORITY\IDENTITY_REGISTRY\BATCHES\BATCH_000009_PHYSICAL.csv","BATCH_000009_PHYSICAL.csv",".csv","3271864","2026-08-19T14:31:09.1491220+05:30"
"C:\Users\DIYA GOEL\Downloads\EBDESIGN\_EBDESIGN_LIBRARY\04_AUTHORITY\IDENTITY_REGISTRY\BATCHES\BATCH_000010_PHYSICAL.csv","04_AUTHORITY\IDENTITY_REGISTRY\BATCHES\BATCH_000010_PHYSICAL.csv","BATCH_000010_PHYSICAL.csv",".csv","3239121","2026-08-19T14:31:11.4214421+05:30"
"C:\Users\DIYA GOEL\Downloads\EBDESIGN\_EBDESIGN_LIBRARY\04_AUTHORITY\IDENTITY_REGISTRY\BATCHES\BATCH_000011_PHYSICAL.csv","04_AUTHORITY\IDENTITY_REGISTRY\BATCHES\BATCH_000011_PHYSICAL.csv","BATCH_000011_PHYSICAL.csv",".csv","3226051","2026-08-19T14:31:13.2470987+05:30"
"C:\Users\DIYA GOEL\Downloads\EBDESIGN\_EBDESIGN_LIBRARY\04_AUTHORITY\IDENTITY_REGISTRY\BATCHES\BATCH_000012_PHYSICAL.csv","04_AUTHORITY\IDENTITY_REGISTRY\BATCHES\BATCH_000012_PHYSICAL.csv","BATCH_000012_PHYSICAL.csv",".csv","3227984","2026-08-19T14:31:15.2787227+05:30"
"C:\Users\DIYA GOEL\Downloads\EBDESIGN\_EBDESIGN_LIBRARY\04_AUTHORITY\IDENTITY_REGISTRY\BATCHES\BATCH_000013_PHYSICAL.csv","04_AUTHORITY\IDENTITY_REGISTRY\BATCHES\BATCH_000013_PHYSICAL.csv","BATCH_000013_PHYSICAL.csv",".csv","3190073","2026-08-19T14:31:17.0204330+05:30"
"C:\Users\DIYA GOEL\Downloads\EBDESIGN\_EBDESIGN_LIBRARY\04_AUTHORITY\IDENTITY_REGISTRY\BATCHES\BATCH_000014_PHYSICAL.csv","04_AUTHORITY\IDENTITY_REGISTRY\BATCHES\BATCH_000014_PHYSICAL.csv","BATCH_000014_PHYSICAL.csv",".csv","3194209","2026-08-19T14:31:20.4727072+05:30"
"C:\Users\DIYA GOEL\Downloads\EBDESIGN\_EBDESIGN_LIBRARY\04_AUTHORITY\IDENTITY_REGISTRY\BATCHES\BATCH_000015_PHYSICAL.csv","04_AUTHORITY\IDENTITY_REGISTRY\BATCHES\BATCH_000015_PHYSICAL.csv","BATCH_000015_PHYSICAL.csv",".csv","3129349","2026-08-19T14:31:22.2650748+05:30"
"C:\Users\DIYA GOEL\Downloads\EBDESIGN\_EBDESIGN_LIBRARY\04_AUTHORITY\IDENTITY_REGISTRY\BATCHES\BATCH_000016_PHYSICAL.csv","04_AUTHORITY\IDENTITY_REGISTRY\BATCHES\BATCH_000016_PHYSICAL.csv","BATCH_000016_PHYSICAL.csv",".csv","3195242","2026-08-19T14:31:24.2944902+05:30"
"C:\Users\DIYA GOEL\Downloads\EBDESIGN\_EBDESIGN_LIBRARY\04_AUTHORITY\IDENTITY_REGISTRY\BATCHES\BATCH_000017_PHYSICAL.csv","04_AUTHORITY\IDENTITY_REGISTRY\BATCHES\BATCH_000017_PHYSICAL.csv","BATCH_000017_PHYSICAL.csv",".csv","3243982","2026-08-19T14:31:26.2338580+05:30"
"C:\Users\DIYA GOEL\Downloads\EBDESIGN\_EBDESIGN_LIBRARY\04_AUTHORITY\IDENTITY_REGISTRY\BATCHES\BATCH_000018_PHYSICAL.csv","04_AUTHORITY\IDENTITY_REGISTRY\BATCHES\BATCH_000018_PHYSICAL.csv","BATCH_000018_PHYSICAL.csv",".csv","3226656","2026-08-19T14:31:28.5935450+05:30"
"C:\Users\DIYA GOEL\Downloads\EBDESIGN\_EBDESIGN_LIBRARY\04_AUTHORITY\IDENTITY_REGISTRY\BATCHES\BATCH_000019_PHYSICAL.csv","04_AUTHORITY\IDENTITY_REGISTRY\BATCHES\BATCH_000019_PHYSICAL.csv","BATCH_000019_PHYSICAL.csv",".csv","3223230","2026-08-19T14:31:30.3731413+05:30"
"C:\Users\DIYA GOEL\Downloads\EBDESIGN\_EBDESIGN_LIBRARY\04_AUTHORITY\IDENTITY_REGISTRY\BATCHES\BATCH_000020_PHYSICAL.csv","04_AUTHORITY\IDENTITY_REGISTRY\BATCHES\BATCH_000020_PHYSICAL.csv","BATCH_000020_PHYSICAL.csv",".csv","3227039","2026-08-19T14:31:32.9710663+05:30"
"C:\Users\DIYA GOEL\Downloads\EBDESIGN\_EBDESIGN_LIBRARY\04_AUTHORITY\IDENTITY_REGISTRY\BATCHES\BATCH_000021_PHYSICAL.csv","04_AUTHORITY\IDENTITY_REGISTRY\BATCHES\BATCH_000021_PHYSICAL.csv","BATCH_000021_PHYSICAL.csv",".csv","3216876","2026-08-19T14:31:35.1242543+05:30"
"C:\Users\DIYA GOEL\Downloads\EBDESIGN\_EBDESIGN_LIBRARY\04_AUTHORITY\IDENTITY_REGISTRY\BATCHES\BATCH_000022_PHYSICAL.csv","04_AUTHORITY\IDENTITY_REGISTRY\BATCHES\BATCH_000022_PHYSICAL.csv","BATCH_000022_PHYSICAL.csv",".csv","3142338","2026-08-19T14:31:42.7212465+05:30"
"C:\Users\DIYA GOEL\Downloads\EBDESIGN\_EBDESIGN_LIBRARY\04_AUTHORITY\IDENTITY_REGISTRY\BATCHES\BATCH_000023_PHYSICAL.csv","04_AUTHORITY\IDENTITY_REGISTRY\BATCHES\BATCH_000023_PHYSICAL.csv","BATCH_000023_PHYSICAL.csv",".csv","3402011","2026-08-19T14:31:45.0491337+05:30"
"C:\Users\DIYA GOEL\Downloads\EBDESIGN\_EBDESIGN_LIBRARY\04_AUTHORITY\IDENTITY_REGISTRY\BATCHES\BATCH_000024_PHYSICAL.csv","04_AUTHORITY\IDENTITY_REGISTRY\BATCHES\BATCH_000024_PHYSICAL.csv","BATCH_000024_PHYSICAL.csv",".csv","3320675","2026-08-19T14:31:48.0577352+05:30"
"C:\Users\DIYA GOEL\Downloads\EBDESIGN\_EBDESIGN_LIBRARY\04_AUTHORITY\IDENTITY_REGISTRY\BATCHES\BATCH_000025_PHYSICAL.csv","04_AUTHORITY\IDENTITY_REGISTRY\BATCHES\BATCH_000025_PHYSICAL.csv","BATCH_000025_PHYSICAL.csv",".csv","3172530","2026-08-19T14:31:50.1815545+05:30"
"C:\Users\DIYA GOEL\Downloads\EBDESIGN\_EBDESIGN_LIBRARY\04_AUTHORITY\IDENTITY_REGISTRY\BATCHES\BATCH_000026_PHYSICAL.csv","04_AUTHORITY\IDENTITY_REGISTRY\BATCHES\BATCH_000026_PHYSICAL.csv","BATCH_000026_PHYSICAL.csv",".csv","3155435","2026-08-19T14:31:52.7130663+05:30"
"C:\Users\DIYA GOEL\Downloads\EBDESIGN\_EBDESIGN_LIBRARY\04_AUTHORITY\IDENTITY_REGISTRY\BATCHES\BATCH_000027_PHYSICAL.csv","04_AUTHORITY\IDENTITY_REGISTRY\BATCHES\BATCH_000027_PHYSICAL.csv","BATCH_000027_PHYSICAL.csv",".csv","3071559","2026-08-19T14:31:56.3625649+05:30"
"C:\Users\DIYA GOEL\Downloads\EBDESIGN\_EBDESIGN_LIBRARY\04_AUTHORITY\IDENTITY_REGISTRY\BATCHES\BATCH_000028_PHYSICAL.csv","04_AUTHORITY\IDENTITY_REGISTRY\BATCHES\BATCH_000028_PHYSICAL.csv","BATCH_000028_PHYSICAL.csv",".csv","3108808","2026-08-19T14:31:59.8420842+05:30"
"C:\Users\DIYA GOEL\Downloads\EBDESIGN\_EBDESIGN_LIBRARY\04_AUTHORITY\IDENTITY_REGISTRY\BATCHES\BATCH_000029_PHYSICAL.csv","04_AUTHORITY\IDENTITY_REGISTRY\BATCHES\BATCH_000029_PHYSICAL.csv","BATCH_000029_PHYSICAL.csv",".csv","3273340","2026-08-19T14:32:05.0262910+05:30"
"C:\Users\DIYA GOEL\Downloads\EBDESIGN\_EBDESIGN_LIBRARY\04_AUTHORITY\IDENTITY_REGISTRY\BATCHES\BATCH_000030_PHYSICAL.csv","04_AUTHORITY\IDENTITY_REGISTRY\BATCHES\BATCH_000030_PHYSICAL.csv","BATCH_000030_PHYSICAL.csv",".csv","3357598","2026-08-19T14:32:08.2806616+05:30"
"C:\Users\DIYA GOEL\Downloads\EBDESIGN\_EBDESIGN_LIBRARY\04_AUTHORITY\IDENTITY_REGISTRY\BATCHES\BATCH_000031_PHYSICAL.csv","04_AUTHORITY\IDENTITY_REGISTRY\BATCHES\BATCH_000031_PHYSICAL.csv","BATCH_000031_PHYSICAL.csv",".csv","3314970","2026-08-19T14:32:10.3577955+05:30"
"C:\Users\DIYA GOEL\Downloads\EBDESIGN\_EBDESIGN_LIBRARY\04_AUTHORITY\IDENTITY_REGISTRY\BATCHES\BATCH_000032_PHYSICAL.csv","04_AUTHORITY\IDENTITY_REGISTRY\BATCHES\BATCH_000032_PHYSICAL.csv","BATCH_000032_PHYSICAL.csv",".csv","3200168","2026-08-19T14:32:12.1089447+05:30"
"C:\Users\DIYA GOEL\Downloads\EBDESIGN\_EBDESIGN_LIBRARY\04_AUTHORITY\IDENTITY_REGISTRY\BATCHES\BATCH_000033_PHYSICAL.csv","04_AUTHORITY\IDENTITY_REGISTRY\BATCHES\BATCH_000033_PHYSICAL.csv","BATCH_000033_PHYSICAL.csv",".csv","3105972","2026-08-19T14:32:14.2675744+05:30"
"C:\Users\DIYA GOEL\Downloads\EBDESIGN\_EBDESIGN_LIBRARY\04_AUTHORITY\IDENTITY_REGISTRY\BATCHES\BATCH_000034_PHYSICAL.csv","04_AUTHORITY\IDENTITY_REGISTRY\BATCHES\BATCH_000034_PHYSICAL.csv","BATCH_000034_PHYSICAL.csv",".csv","3165246","2026-08-19T14:32:16.1702970+05:30"
"C:\Users\DIYA GOEL\Downloads\EBDESIGN\_EBDESIGN_LIBRARY\04_AUTHORITY\IDENTITY_REGISTRY\BATCHES\BATCH_000035_PHYSICAL.csv","04_AUTHORITY\IDENTITY_REGISTRY\BATCHES\BATCH_000035_PHYSICAL.csv","BATCH_000035_PHYSICAL.csv",".csv","3065883","2026-08-19T14:32:19.5766457+05:30"
"C:\Users\DIYA GOEL\Downloads\EBDESIGN\_EBDESIGN_LIBRARY\04_AUTHORITY\IDENTITY_REGISTRY\BATCHES\BATCH_000036_PHYSICAL.csv","04_AUTHORITY\IDENTITY_REGISTRY\BATCHES\BATCH_000036_PHYSICAL.csv","BATCH_000036_PHYSICAL.csv",".csv","3129130","2026-08-19T14:32:21.2426323+05:30"
"C:\Users\DIYA GOEL\Downloads\EBDESIGN\_EBDESIGN_LIBRARY\04_AUTHORITY\IDENTITY_REGISTRY\BATCHES\BATCH_000037_PHYSICAL.csv","04_AUTHORITY\IDENTITY_REGISTRY\BATCHES\BATCH_000037_PHYSICAL.csv","BATCH_000037_PHYSICAL.csv",".csv","3308753","2026-08-19T14:32:23.1858522+05:30"
"C:\Users\DIYA GOEL\Downloads\EBDESIGN\_EBDESIGN_LIBRARY\04_AUTHORITY\IDENTITY_REGISTRY\BATCHES\BATCH_000038_PHYSICAL.csv","04_AUTHORITY\IDENTITY_REGISTRY\BATCHES\BATCH_000038_PHYSICAL.csv","BATCH_000038_PHYSICAL.csv",".csv","3259841","2026-08-19T14:32:25.0077213+05:30"
"C:\Users\DIYA GOEL\Downloads\EBDESIGN\_EBDESIGN_LIBRARY\04_AUTHORITY\IDENTITY_REGISTRY\BATCHES\BATCH_000039_PHYSICAL.csv","04_AUTHORITY\IDENTITY_REGISTRY\BATCHES\BATCH_000039_PHYSICAL.csv","BATCH_000039_PHYSICAL.csv",".csv","3184866","2026-08-19T14:32:27.0302508+05:30"
"C:\Users\DIYA GOEL\Downloads\EBDESIGN\_EBDESIGN_LIBRARY\04_AUTHORITY\IDENTITY_REGISTRY\BATCHES\BATCH_000040_PHYSICAL.csv","04_AUTHORITY\IDENTITY_REGISTRY\BATCHES\BATCH_000040_PHYSICAL.csv","BATCH_000040_PHYSICAL.csv",".csv","3148218","2026-08-19T14:32:28.8072812+05:30"
"C:\Users\DIYA GOEL\Downloads\EBDESIGN\_EBDESIGN_LIBRARY\04_AUTHORITY\IDENTITY_REGISTRY\BATCHES\BATCH_000041_PHYSICAL.csv","04_AUTHORITY\IDENTITY_REGISTRY\BATCHES\BATCH_000041_PHYSICAL.csv","BATCH_000041_PHYSICAL.csv",".csv","3143962","2026-08-19T14:32:32.3932381+05:30"
"C:\Users\DIYA GOEL\Downloads\EBDESIGN\_EBDESIGN_LIBRARY\04_AUTHORITY\IDENTITY_REGISTRY\BATCHES\BATCH_000042_PHYSICAL.csv","04_AUTHORITY\IDENTITY_REGISTRY\BATCHES\BATCH_000042_PHYSICAL.csv","BATCH_000042_PHYSICAL.csv",".csv","3173561","2026-08-19T14:32:34.0568081+05:30"
"C:\Users\DIYA GOEL\Downloads\EBDESIGN\_EBDESIGN_LIBRARY\04_AUTHORITY\IDENTITY_REGISTRY\BATCHES\BATCH_000043_PHYSICAL.csv","04_AUTHORITY\IDENTITY_REGISTRY\BATCHES\BATCH_000043_PHYSICAL.csv","BATCH_000043_PHYSICAL.csv",".csv","3182739","2026-08-19T14:32:36.4695623+05:30"
"C:\Users\DIYA GOEL\Downloads\EBDESIGN\_EBDESIGN_LIBRARY\04_AUTHORITY\IDENTITY_REGISTRY\BATCHES\BATCH_000044_PHYSICAL.csv","04_AUTHORITY\IDENTITY_REGISTRY\BATCHES\BATCH_000044_PHYSICAL.csv","BATCH_000044_PHYSICAL.csv",".csv","3070847","2026-08-19T14:32:40.8738368+05:30"
"C:\Users\DIYA GOEL\Downloads\EBDESIGN\_EBDESIGN_LIBRARY\04_AUTHORITY\IDENTITY_REGISTRY\BATCHES\BATCH_000045_PHYSICAL.csv","04_AUTHORITY\IDENTITY_REGISTRY\BATCHES\BATCH_000045_PHYSICAL.csv","BATCH_000045_PHYSICAL.csv",".csv","3135769","2026-08-19T14:32:42.7476373+05:30"
"C:\Users\DIYA GOEL\Downloads\EBDESIGN\_EBDESIGN_LIBRARY\04_AUTHORITY\IDENTITY_REGISTRY\BATCHES\BATCH_000046_PHYSICAL.csv","04_AUTHORITY\IDENTITY_REGISTRY\BATCHES\BATCH_000046_PHYSICAL.csv","BATCH_000046_PHYSICAL.csv",".csv","3392861","2026-08-19T14:32:44.6399349+05:30"
"C:\Users\DIYA GOEL\Downloads\EBDESIGN\_EBDESIGN_LIBRARY\04_AUTHORITY\IDENTITY_REGISTRY\BATCHES\BATCH_000047_PHYSICAL.csv","04_AUTHORITY\IDENTITY_REGISTRY\BATCHES\BATCH_000047_PHYSICAL.csv","BATCH_000047_PHYSICAL.csv",".csv","3178368","2026-08-19T14:32:46.5928749+05:30"
"C:\Users\DIYA GOEL\Downloads\EBDESIGN\_EBDESIGN_LIBRARY\04_AUTHORITY\IDENTITY_REGISTRY\BATCHES\BATCH_000048_PHYSICAL.csv","04_AUTHORITY\IDENTITY_REGISTRY\BATCHES\BATCH_000048_PHYSICAL.csv","BATCH_000048_PHYSICAL.csv",".csv","3184182","2026-08-19T14:32:49.9475111+05:30"
"C:\Users\DIYA GOEL\Downloads\EBDESIGN\_EBDESIGN_LIBRARY\04_AUTHORITY\IDENTITY_REGISTRY\BATCHES\BATCH_000049_PHYSICAL.csv","04_AUTHORITY\IDENTITY_REGISTRY\BATCHES\BATCH_000049_PHYSICAL.csv","BATCH_000049_PHYSICAL.csv",".csv","3188488","2026-08-19T14:32:51.9080125+05:30"
"C:\Users\DIYA GOEL\Downloads\EBDESIGN\_EBDESIGN_LIBRARY\04_AUTHORITY\IDENTITY_REGISTRY\BATCHES\BATCH_000050_PHYSICAL.csv","04_AUTHORITY\IDENTITY_REGISTRY\BATCHES\BATCH_000050_PHYSICAL.csv","BATCH_000050_PHYSICAL.csv",".csv","3161817","2026-08-19T14:32:53.8722118+05:30"
"C:\Users\DIYA GOEL\Downloads\EBDESIGN\_EBDESIGN_LIBRARY\04_AUTHORITY\IDENTITY_REGISTRY\BATCHES\BATCH_000051_PHYSICAL.csv","04_AUTHORITY\IDENTITY_REGISTRY\BATCHES\BATCH_000051_PHYSICAL.csv","BATCH_000051_PHYSICAL.csv",".csv","3169590","2026-08-19T14:32:55.6111357+05:30"
"C:\Users\DIYA GOEL\Downloads\EBDESIGN\_EBDESIGN_LIBRARY\04_AUTHORITY\IDENTITY_REGISTRY\BATCHES\BATCH_000052_PHYSICAL.csv","04_AUTHORITY\IDENTITY_REGISTRY\BATCHES\BATCH_000052_PHYSICAL.csv","BATCH_000052_PHYSICAL.csv",".csv","2954916","2026-08-19T14:32:57.6555135+05:30"
"C:\Users\DIYA GOEL\Downloads\EBDESIGN\_EBDESIGN_LIBRARY\04_AUTHORITY\IDENTITY_REGISTRY\BATCHES\BATCH_000053_PHYSICAL.csv","04_AUTHORITY\IDENTITY_REGISTRY\BATCHES\BATCH_000053_PHYSICAL.csv","BATCH_000053_PHYSICAL.csv",".csv","2998769","2026-08-19T14:32:59.3624598+05:30"
"C:\Users\DIYA GOEL\Downloads\EBDESIGN\_EBDESIGN_LIBRARY\04_AUTHORITY\IDENTITY_REGISTRY\BATCHES\BATCH_000054_PHYSICAL.csv","04_AUTHORITY\IDENTITY_REGISTRY\BATCHES\BATCH_000054_PHYSICAL.csv","BATCH_000054_PHYSICAL.csv",".csv","2995219","2026-08-19T14:33:02.7268004+05:30"
"C:\Users\DIYA GOEL\Downloads\EBDESIGN\_EBDESIGN_LIBRARY\04_AUTHORITY\IDENTITY_REGISTRY\BATCHES\BATCH_000055_PHYSICAL.csv","04_AUTHORITY\IDENTITY_REGISTRY\BATCHES\BATCH_000055_PHYSICAL.csv","BATCH_000055_PHYSICAL.csv",".csv","2830731","2026-08-19T14:33:04.5465332+05:30"
"C:\Users\DIYA GOEL\Downloads\EBDESIGN\_EBDESIGN_LIBRARY\04_AUTHORITY\IDENTITY_REGISTRY\BATCHES\BATCH_000056_PHYSICAL.csv","04_AUTHORITY\IDENTITY_REGISTRY\BATCHES\BATCH_000056_PHYSICAL.csv","BATCH_000056_PHYSICAL.csv",".csv","2781071","2026-08-19T14:33:06.5593067+05:30"
"C:\Users\DIYA GOEL\Downloads\EBDESIGN\_EBDESIGN_LIBRARY\04_AUTHORITY\IDENTITY_REGISTRY\BATCHES\BATCH_000057_PHYSICAL.csv","04_AUTHORITY\IDENTITY_REGISTRY\BATCHES\BATCH_000057_PHYSICAL.csv","BATCH_000057_PHYSICAL.csv",".csv","2703537","2026-08-19T14:33:08.2333578+05:30"
"C:\Users\DIYA GOEL\Downloads\EBDESIGN\_EBDESIGN_LIBRARY\04_AUTHORITY\IDENTITY_REGISTRY\BATCHES\BATCH_000058_PHYSICAL.csv","04_AUTHORITY\IDENTITY_REGISTRY\BATCHES\BATCH_000058_PHYSICAL.csv","BATCH_000058_PHYSICAL.csv",".csv","2776610","2026-08-19T14:33:10.1875940+05:30"
"C:\Users\DIYA GOEL\Downloads\EBDESIGN\_EBDESIGN_LIBRARY\04_AUTHORITY\IDENTITY_REGISTRY\BATCHES\BATCH_000059_PHYSICAL.csv","04_AUTHORITY\IDENTITY_REGISTRY\BATCHES\BATCH_000059_PHYSICAL.csv","BATCH_000059_PHYSICAL.csv",".csv","2850803","2026-08-19T14:33:11.8935756+05:30"
"C:\Users\DIYA GOEL\Downloads\EBDESIGN\_EBDESIGN_LIBRARY\04_AUTHORITY\IDENTITY_REGISTRY\BATCHES\BATCH_000060_PHYSICAL.csv","04_AUTHORITY\IDENTITY_REGISTRY\BATCHES\BATCH_000060_PHYSICAL.csv","BATCH_000060_PHYSICAL.csv",".csv","2993861","2026-08-19T14:33:15.3209008+05:30"
"C:\Users\DIYA GOEL\Downloads\EBDESIGN\_EBDESIGN_LIBRARY\04_AUTHORITY\IDENTITY_REGISTRY\BATCHES\BATCH_000061_PHYSICAL.csv","04_AUTHORITY\IDENTITY_REGISTRY\BATCHES\BATCH_000061_PHYSICAL.csv","BATCH_000061_PHYSICAL.csv",".csv","2792760","2026-08-19T14:33:16.9916873+05:30"
"C:\Users\DIYA GOEL\Downloads\EBDESIGN\_EBDESIGN_LIBRARY\04_AUTHORITY\IDENTITY_REGISTRY\BATCHES\BATCH_000062_PHYSICAL.csv","04_AUTHORITY\IDENTITY_REGISTRY\BATCHES\BATCH_000062_PHYSICAL.csv","BATCH_000062_PHYSICAL.csv",".csv","2792258","2026-08-19T14:33:19.0226351+05:30"
"C:\Users\DIYA GOEL\Downloads\EBDESIGN\_EBDESIGN_LIBRARY\04_AUTHORITY\IDENTITY_REGISTRY\BATCHES\BATCH_000063_PHYSICAL.csv","04_AUTHORITY\IDENTITY_REGISTRY\BATCHES\BATCH_000063_PHYSICAL.csv","BATCH_000063_PHYSICAL.csv",".csv","2800607","2026-08-19T14:33:20.6582108+05:30"
"C:\Users\DIYA GOEL\Downloads\EBDESIGN\_EBDESIGN_LIBRARY\04_AUTHORITY\IDENTITY_REGISTRY\BATCHES\BATCH_000064_PHYSICAL.csv","04_AUTHORITY\IDENTITY_REGISTRY\BATCHES\BATCH_000064_PHYSICAL.csv","BATCH_000064_PHYSICAL.csv",".csv","2773200","2026-08-19T14:33:22.8853267+05:30"
"C:\Users\DIYA GOEL\Downloads\EBDESIGN\_EBDESIGN_LIBRARY\04_AUTHORITY\IDENTITY_REGISTRY\BATCHES\BATCH_000065_PHYSICAL.csv","04_AUTHORITY\IDENTITY_REGISTRY\BATCHES\BATCH_000065_PHYSICAL.csv","BATCH_000065_PHYSICAL.csv",".csv","2770777","2026-08-19T14:33:25.7762881+05:30"
"C:\Users\DIYA GOEL\Downloads\EBDESIGN\_EBDESIGN_LIBRARY\04_AUTHORITY\IDENTITY_REGISTRY\BATCHES\BATCH_000066_PHYSICAL.csv","04_AUTHORITY\IDENTITY_REGISTRY\BATCHES\BATCH_000066_PHYSICAL.csv","BATCH_000066_PHYSICAL.csv",".csv","786371","2026-08-19T14:33:29.8913748+05:30"
"C:\Users\DIYA GOEL\Downloads\EBDESIGN\_EBDESIGN_LIBRARY\04_AUTHORITY\IDENTITY_REGISTRY\PHYSICAL_AREA_INDEX.csv","04_AUTHORITY\IDENTITY_REGISTRY\PHYSICAL_AREA_INDEX.csv","PHYSICAL_AREA_INDEX.csv",".csv","22151","2026-08-20T08:46:41.9306922+05:30"
"C:\Users\DIYA GOEL\Downloads\EBDESIGN\_EBDESIGN_LIBRARY\04_AUTHORITY\IDENTITY_REGISTRY\PHYSICAL_CONTENT_INDEX.csv","04_AUTHORITY\IDENTITY_REGISTRY\PHYSICAL_CONTENT_INDEX.csv","PHYSICAL_CONTENT_INDEX.csv",".csv","1771964","2026-08-19T14:12:57.9188280+05:30"
"C:\Users\DIYA GOEL\Downloads\EBDESIGN\_EBDESIGN_LIBRARY\04_AUTHORITY\IDENTITY_REGISTRY\PHYSICAL_FILENAME_INDEX.csv","04_AUTHORITY\IDENTITY_REGISTRY\PHYSICAL_FILENAME_INDEX.csv","PHYSICAL_FILENAME_INDEX.csv",".csv","3","2026-08-19T15:15:22.4449951+05:30"
"C:\Users\DIYA GOEL\Downloads\EBDESIGN\_EBDESIGN_LIBRARY\04_AUTHORITY\IDENTITY_REGISTRY\PHYSICAL_ITEM_IDENTITY_REGISTRY.csv","04_AUTHORITY\IDENTITY_REGISTRY\PHYSICAL_ITEM_IDENTITY_REGISTRY.csv","PHYSICAL_ITEM_IDENTITY_REGISTRY.csv",".csv","204134343","2026-08-19T14:47:05.7382188+05:30"
"C:\Users\DIYA GOEL\Downloads\EBDESIGN\_EBDESIGN_LIBRARY\04_AUTHORITY\IDENTITY_REGISTRY\PHYSICAL_MODULE_INDEX.csv","04_AUTHORITY\IDENTITY_REGISTRY\PHYSICAL_MODULE_INDEX.csv","PHYSICAL_MODULE_INDEX.csv",".csv","4243","2026-08-20T08:46:41.9288069+05:30"
"C:\Users\DIYA GOEL\Downloads\EBDESIGN\_EBDESIGN_LIBRARY\04_AUTHORITY\IDENTITY_REGISTRY\PHYSICAL_PATH_INDEX.csv","04_AUTHORITY\IDENTITY_REGISTRY\PHYSICAL_PATH_INDEX.csv","PHYSICAL_PATH_INDEX.csv",".csv","86306964","2026-08-19T14:56:42.6547743+05:30"
"C:\Users\DIYA GOEL\Downloads\EBDESIGN\_EBDESIGN_LIBRARY\04_AUTHORITY\IDENTITY_REGISTRY\STATE\BATCH_000001.COMMITTED","04_AUTHORITY\IDENTITY_REGISTRY\STATE\BATCH_000001.COMMITTED","BATCH_000001.COMMITTED",".committed","59","2026-08-19T14:30:21.8806599+05:30"
"C:\Users\DIYA GOEL\Downloads\EBDESIGN\_EBDESIGN_LIBRARY\04_AUTHORITY\IDENTITY_REGISTRY\STATE\BATCH_000002.COMMITTED","04_AUTHORITY\IDENTITY_REGISTRY\STATE\BATCH_000002.COMMITTED","BATCH_000002.COMMITTED",".committed","59","2026-08-19T14:30:47.8705552+05:30"
"C:\Users\DIYA GOEL\Downloads\EBDESIGN\_EBDESIGN_LIBRARY\04_AUTHORITY\IDENTITY_REGISTRY\STATE\BATCH_000003.COMMITTED","04_AUTHORITY\IDENTITY_REGISTRY\STATE\BATCH_000003.COMMITTED","BATCH_000003.COMMITTED",".committed","59","2026-08-19T14:30:50.3405118+05:30"
"C:\Users\DIYA GOEL\Downloads\EBDESIGN\_EBDESIGN_LIBRARY\04_AUTHORITY\IDENTITY_REGISTRY\STATE\BATCH_000004.COMMITTED","04_AUTHORITY\IDENTITY_REGISTRY\STATE\BATCH_000004.COMMITTED","BATCH_000004.COMMITTED",".committed","59","2026-08-19T14:30:52.3717525+05:30"
"C:\Users\DIYA GOEL\Downloads\EBDESIGN\_EBDESIGN_LIBRARY\04_AUTHORITY\IDENTITY_REGISTRY\STATE\BATCH_000005.COMMITTED","04_AUTHORITY\IDENTITY_REGISTRY\STATE\BATCH_000005.COMMITTED","BATCH_000005.COMMITTED",".committed","59","2026-08-19T14:30:54.5141400+05:30"
"C:\Users\DIYA GOEL\Downloads\EBDESIGN\_EBDESIGN_LIBRARY\04_AUTHORITY\IDENTITY_REGISTRY\STATE\BATCH_000006.COMMITTED","04_AUTHORITY\IDENTITY_REGISTRY\STATE\BATCH_000006.COMMITTED","BATCH_000006.COMMITTED",".committed","59","2026-08-19T14:31:02.1480409+05:30"
"C:\Users\DIYA GOEL\Downloads\EBDESIGN\_EBDESIGN_LIBRARY\04_AUTHORITY\IDENTITY_REGISTRY\STATE\BATCH_000007.COMMITTED","04_AUTHORITY\IDENTITY_REGISTRY\STATE\BATCH_000007.COMMITTED","BATCH_000007.COMMITTED",".committed","59","2026-08-19T14:31:04.3435189+05:30"
"C:\Users\DIYA GOEL\Downloads\EBDESIGN\_EBDESIGN_LIBRARY\04_AUTHORITY\IDENTITY_REGISTRY\STATE\BATCH_000008.COMMITTED","04_AUTHORITY\IDENTITY_REGISTRY\STATE\BATCH_000008.COMMITTED","BATCH_000008.COMMITTED",".committed","59","2026-08-19T14:31:07.6796147+05:30"
"C:\Users\DIYA GOEL\Downloads\EBDESIGN\_EBDESIGN_LIBRARY\04_AUTHORITY\IDENTITY_REGISTRY\STATE\BATCH_000009.COMMITTED","04_AUTHORITY\IDENTITY_REGISTRY\STATE\BATCH_000009.COMMITTED","BATCH_000009.COMMITTED",".committed","59","2026-08-19T14:31:09.5128082+05:30"
"C:\Users\DIYA GOEL\Downloads\EBDESIGN\_EBDESIGN_LIBRARY\04_AUTHORITY\IDENTITY_REGISTRY\STATE\BATCH_000010.COMMITTED","04_AUTHORITY\IDENTITY_REGISTRY\STATE\BATCH_000010.COMMITTED","BATCH_000010.COMMITTED",".committed","59","2026-08-19T14:31:11.8842903+05:30"
"C:\Users\DIYA GOEL\Downloads\EBDESIGN\_EBDESIGN_LIBRARY\04_AUTHORITY\IDENTITY_REGISTRY\STATE\BATCH_000011.COMMITTED","04_AUTHORITY\IDENTITY_REGISTRY\STATE\BATCH_000011.COMMITTED","BATCH_000011.COMMITTED",".committed","59","2026-08-19T14:31:13.6845488+05:30"
"C:\Users\DIYA GOEL\Downloads\EBDESIGN\_EBDESIGN_LIBRARY\04_AUTHORITY\IDENTITY_REGISTRY\STATE\BATCH_000012.COMMITTED","04_AUTHORITY\IDENTITY_REGISTRY\STATE\BATCH_000012.COMMITTED","BATCH_000012.COMMITTED",".committed","59","2026-08-19T14:31:15.6144229+05:30"
"C:\Users\DIYA GOEL\Downloads\EBDESIGN\_EBDESIGN_LIBRARY\04_AUTHORITY\IDENTITY_REGISTRY\STATE\BATCH_000013.COMMITTED","04_AUTHORITY\IDENTITY_REGISTRY\STATE\BATCH_000013.COMMITTED","BATCH_000013.COMMITTED",".committed","59","2026-08-19T14:31:17.4053092+05:30"
"C:\Users\DIYA GOEL\Downloads\EBDESIGN\_EBDESIGN_LIBRARY\04_AUTHORITY\IDENTITY_REGISTRY\STATE\BATCH_000014.COMMITTED","04_AUTHORITY\IDENTITY_REGISTRY\STATE\BATCH_000014.COMMITTED","BATCH_000014.COMMITTED",".committed","59","2026-08-19T14:31:20.8401614+05:30"
"C:\Users\DIYA GOEL\Downloads\EBDESIGN\_EBDESIGN_LIBRARY\04_AUTHORITY\IDENTITY_REGISTRY\STATE\BATCH_000015.COMMITTED","04_AUTHORITY\IDENTITY_REGISTRY\STATE\BATCH_000015.COMMITTED","BATCH_000015.COMMITTED",".committed","59","2026-08-19T14:31:22.5968802+05:30"
"C:\Users\DIYA GOEL\Downloads\EBDESIGN\_EBDESIGN_LIBRARY\04_AUTHORITY\IDENTITY_REGISTRY\STATE\BATCH_000016.COMMITTED","04_AUTHORITY\IDENTITY_REGISTRY\STATE\BATCH_000016.COMMITTED","BATCH_000016.COMMITTED",".committed","59","2026-08-19T14:31:24.7467098+05:30"
"C:\Users\DIYA GOEL\Downloads\EBDESIGN\_EBDESIGN_LIBRARY\04_AUTHORITY\IDENTITY_REGISTRY\STATE\BATCH_000017.COMMITTED","04_AUTHORITY\IDENTITY_REGISTRY\STATE\BATCH_000017.COMMITTED","BATCH_000017.COMMITTED",".committed","59","2026-08-19T14:31:26.7280097+05:30"
"C:\Users\DIYA GOEL\Downloads\EBDESIGN\_EBDESIGN_LIBRARY\04_AUTHORITY\IDENTITY_REGISTRY\STATE\BATCH_000018.COMMITTED","04_AUTHORITY\IDENTITY_REGISTRY\STATE\BATCH_000018.COMMITTED","BATCH_000018.COMMITTED",".committed","59","2026-08-19T14:31:28.9403341+05:30"
"C:\Users\DIYA GOEL\Downloads\EBDESIGN\_EBDESIGN_LIBRARY\04_AUTHORITY\IDENTITY_REGISTRY\STATE\BATCH_000019.COMMITTED","04_AUTHORITY\IDENTITY_REGISTRY\STATE\BATCH_000019.COMMITTED","BATCH_000019.COMMITTED",".committed","59","2026-08-19T14:31:30.7588418+05:30"
"C:\Users\DIYA GOEL\Downloads\EBDESIGN\_EBDESIGN_LIBRARY\04_AUTHORITY\IDENTITY_REGISTRY\STATE\BATCH_000020.COMMITTED","04_AUTHORITY\IDENTITY_REGISTRY\STATE\BATCH_000020.COMMITTED","BATCH_000020.COMMITTED",".committed","59","2026-08-19T14:31:33.6086055+05:30"
"C:\Users\DIYA GOEL\Downloads\EBDESIGN\_EBDESIGN_LIBRARY\04_AUTHORITY\IDENTITY_REGISTRY\STATE\BATCH_000021.COMMITTED","04_AUTHORITY\IDENTITY_REGISTRY\STATE\BATCH_000021.COMMITTED","BATCH_000021.COMMITTED",".committed","59","2026-08-19T14:31:36.0515231+05:30"
"C:\Users\DIYA GOEL\Downloads\EBDESIGN\_EBDESIGN_LIBRARY\04_AUTHORITY\IDENTITY_REGISTRY\STATE\BATCH_000022.COMMITTED","04_AUTHORITY\IDENTITY_REGISTRY\STATE\BATCH_000022.COMMITTED","BATCH_000022.COMMITTED",".committed","59","2026-08-19T14:31:43.1608441+05:30"
"C:\Users\DIYA GOEL\Downloads\EBDESIGN\_EBDESIGN_LIBRARY\04_AUTHORITY\IDENTITY_REGISTRY\STATE\BATCH_000023.COMMITTED","04_AUTHORITY\IDENTITY_REGISTRY\STATE\BATCH_000023.COMMITTED","BATCH_000023.COMMITTED",".committed","59","2026-08-19T14:31:45.5734023+05:30"
"C:\Users\DIYA GOEL\Downloads\EBDESIGN\_EBDESIGN_LIBRARY\04_AUTHORITY\IDENTITY_REGISTRY\STATE\BATCH_000024.COMMITTED","04_AUTHORITY\IDENTITY_REGISTRY\STATE\BATCH_000024.COMMITTED","BATCH_000024.COMMITTED",".committed","59","2026-08-19T14:31:48.5099256+05:30"
"C:\Users\DIYA GOEL\Downloads\EBDESIGN\_EBDESIGN_LIBRARY\04_AUTHORITY\IDENTITY_REGISTRY\STATE\BATCH_000025.COMMITTED","04_AUTHORITY\IDENTITY_REGISTRY\STATE\BATCH_000025.COMMITTED","BATCH_000025.COMMITTED",".committed","59","2026-08-19T14:31:50.5968566+05:30"
"C:\Users\DIYA GOEL\Downloads\EBDESIGN\_EBDESIGN_LIBRARY\04_AUTHORITY\IDENTITY_REGISTRY\STATE\BATCH_000026.COMMITTED","04_AUTHORITY\IDENTITY_REGISTRY\STATE\BATCH_000026.COMMITTED","BATCH_000026.COMMITTED",".committed","59","2026-08-19T14:31:53.4086103+05:30"
"C:\Users\DIYA GOEL\Downloads\EBDESIGN\_EBDESIGN_LIBRARY\04_AUTHORITY\IDENTITY_REGISTRY\STATE\BATCH_000027.COMMITTED","04_AUTHORITY\IDENTITY_REGISTRY\STATE\BATCH_000027.COMMITTED","BATCH_000027.COMMITTED",".committed","59","2026-08-19T14:31:56.9836483+05:30"
"C:\Users\DIYA GOEL\Downloads\EBDESIGN\_EBDESIGN_LIBRARY\04_AUTHORITY\IDENTITY_REGISTRY\STATE\BATCH_000028.COMMITTED","04_AUTHORITY\IDENTITY_REGISTRY\STATE\BATCH_000028.COMMITTED","BATCH_000028.COMMITTED",".committed","59","2026-08-19T14:32:00.3596648+05:30"
"C:\Users\DIYA GOEL\Downloads\EBDESIGN\_EBDESIGN_LIBRARY\04_AUTHORITY\IDENTITY_REGISTRY\STATE\BATCH_000029.COMMITTED","04_AUTHORITY\IDENTITY_REGISTRY\STATE\BATCH_000029.COMMITTED","BATCH_000029.COMMITTED",".committed","59","2026-08-19T14:32:05.8866976+05:30"
"C:\Users\DIYA GOEL\Downloads\EBDESIGN\_EBDESIGN_LIBRARY\04_AUTHORITY\IDENTITY_REGISTRY\STATE\BATCH_000030.COMMITTED","04_AUTHORITY\IDENTITY_REGISTRY\STATE\BATCH_000030.COMMITTED","BATCH_000030.COMMITTED",".committed","59","2026-08-19T14:32:08.6269922+05:30"
"C:\Users\DIYA GOEL\Downloads\EBDESIGN\_EBDESIGN_LIBRARY\04_AUTHORITY\IDENTITY_REGISTRY\STATE\BATCH_000031.COMMITTED","04_AUTHORITY\IDENTITY_REGISTRY\STATE\BATCH_000031.COMMITTED","BATCH_000031.COMMITTED",".committed","59","2026-08-19T14:32:10.7896227+05:30"
"C:\Users\DIYA GOEL\Downloads\EBDESIGN\_EBDESIGN_LIBRARY\04_AUTHORITY\IDENTITY_REGISTRY\STATE\BATCH_000032.COMMITTED","04_AUTHORITY\IDENTITY_REGISTRY\STATE\BATCH_000032.COMMITTED","BATCH_000032.COMMITTED",".committed","59","2026-08-19T14:32:12.6607175+05:30"
"C:\Users\DIYA GOEL\Downloads\EBDESIGN\_EBDESIGN_LIBRARY\04_AUTHORITY\IDENTITY_REGISTRY\STATE\BATCH_000033.COMMITTED","04_AUTHORITY\IDENTITY_REGISTRY\STATE\BATCH_000033.COMMITTED","BATCH_000033.COMMITTED",".committed","59","2026-08-19T14:32:14.9297287+05:30"
"C:\Users\DIYA GOEL\Downloads\EBDESIGN\_EBDESIGN_LIBRARY\04_AUTHORITY\IDENTITY_REGISTRY\STATE\BATCH_000034.COMMITTED","04_AUTHORITY\IDENTITY_REGISTRY\STATE\BATCH_000034.COMMITTED","BATCH_000034.COMMITTED",".committed","59","2026-08-19T14:32:16.5139909+05:30"
"C:\Users\DIYA GOEL\Downloads\EBDESIGN\_EBDESIGN_LIBRARY\04_AUTHORITY\IDENTITY_REGISTRY\STATE\BATCH_000035.COMMITTED","04_AUTHORITY\IDENTITY_REGISTRY\STATE\BATCH_000035.COMMITTED","BATCH_000035.COMMITTED",".committed","59","2026-08-19T14:32:19.9089232+05:30"
"C:\Users\DIYA GOEL\Downloads\EBDESIGN\_EBDESIGN_LIBRARY\04_AUTHORITY\IDENTITY_REGISTRY\STATE\BATCH_000036.COMMITTED","04_AUTHORITY\IDENTITY_REGISTRY\STATE\BATCH_000036.COMMITTED","BATCH_000036.COMMITTED",".committed","59","2026-08-19T14:32:21.5608835+05:30"
"C:\Users\DIYA GOEL\Downloads\EBDESIGN\_EBDESIGN_LIBRARY\04_AUTHORITY\IDENTITY_REGISTRY\STATE\BATCH_000037.COMMITTED","04_AUTHORITY\IDENTITY_REGISTRY\STATE\BATCH_000037.COMMITTED","BATCH_000037.COMMITTED",".committed","59","2026-08-19T14:32:23.6257972+05:30"
"C:\Users\DIYA GOEL\Downloads\EBDESIGN\_EBDESIGN_LIBRARY\04_AUTHORITY\IDENTITY_REGISTRY\STATE\BATCH_000038.COMMITTED","04_AUTHORITY\IDENTITY_REGISTRY\STATE\BATCH_000038.COMMITTED","BATCH_000038.COMMITTED",".committed","59","2026-08-19T14:32:25.4530679+05:30"
"C:\Users\DIYA GOEL\Downloads\EBDESIGN\_EBDESIGN_LIBRARY\04_AUTHORITY\IDENTITY_REGISTRY\STATE\BATCH_000039.COMMITTED","04_AUTHORITY\IDENTITY_REGISTRY\STATE\BATCH_000039.COMMITTED","BATCH_000039.COMMITTED",".committed","59","2026-08-19T14:32:27.4283926+05:30"
"C:\Users\DIYA GOEL\Downloads\EBDESIGN\_EBDESIGN_LIBRARY\04_AUTHORITY\IDENTITY_REGISTRY\STATE\BATCH_000040.COMMITTED","04_AUTHORITY\IDENTITY_REGISTRY\STATE\BATCH_000040.COMMITTED","BATCH_000040.COMMITTED",".committed","59","2026-08-19T14:32:29.1395144+05:30"
"C:\Users\DIYA GOEL\Downloads\EBDESIGN\_EBDESIGN_LIBRARY\04_AUTHORITY\IDENTITY_REGISTRY\STATE\BATCH_000041.COMMITTED","04_AUTHORITY\IDENTITY_REGISTRY\STATE\BATCH_000041.COMMITTED","BATCH_000041.COMMITTED",".committed","59","2026-08-19T14:32:32.7286747+05:30"
"C:\Users\DIYA GOEL\Downloads\EBDESIGN\_EBDESIGN_LIBRARY\04_AUTHORITY\IDENTITY_REGISTRY\STATE\BATCH_000042.COMMITTED","04_AUTHORITY\IDENTITY_REGISTRY\STATE\BATCH_000042.COMMITTED","BATCH_000042.COMMITTED",".committed","59","2026-08-19T14:32:34.4056530+05:30"
"C:\Users\DIYA GOEL\Downloads\EBDESIGN\_EBDESIGN_LIBRARY\04_AUTHORITY\IDENTITY_REGISTRY\STATE\BATCH_000043.COMMITTED","04_AUTHORITY\IDENTITY_REGISTRY\STATE\BATCH_000043.COMMITTED","BATCH_000043.COMMITTED",".committed","59","2026-08-19T14:32:37.3373017+05:30"
"C:\Users\DIYA GOEL\Downloads\EBDESIGN\_EBDESIGN_LIBRARY\04_AUTHORITY\IDENTITY_REGISTRY\STATE\BATCH_000044.COMMITTED","04_AUTHORITY\IDENTITY_REGISTRY\STATE\BATCH_000044.COMMITTED","BATCH_000044.COMMITTED",".committed","59","2026-08-19T14:32:41.2029866+05:30"
"C:\Users\DIYA GOEL\Downloads\EBDESIGN\_EBDESIGN_LIBRARY\04_AUTHORITY\IDENTITY_REGISTRY\STATE\BATCH_000045.COMMITTED","04_AUTHORITY\IDENTITY_REGISTRY\STATE\BATCH_000045.COMMITTED","BATCH_000045.COMMITTED",".committed","59","2026-08-19T14:32:43.1831030+05:30"
"C:\Users\DIYA GOEL\Downloads\EBDESIGN\_EBDESIGN_LIBRARY\04_AUTHORITY\IDENTITY_REGISTRY\STATE\BATCH_000046.COMMITTED","04_AUTHORITY\IDENTITY_REGISTRY\STATE\BATCH_000046.COMMITTED","BATCH_000046.COMMITTED",".committed","59","2026-08-19T14:32:45.0429876+05:30"
"C:\Users\DIYA GOEL\Downloads\EBDESIGN\_EBDESIGN_LIBRARY\04_AUTHORITY\IDENTITY_REGISTRY\STATE\BATCH_000047.COMMITTED","04_AUTHORITY\IDENTITY_REGISTRY\STATE\BATCH_000047.COMMITTED","BATCH_000047.COMMITTED",".committed","59","2026-08-19T14:32:46.9424622+05:30"
"C:\Users\DIYA GOEL\Downloads\EBDESIGN\_EBDESIGN_LIBRARY\04_AUTHORITY\IDENTITY_REGISTRY\STATE\BATCH_000048.COMMITTED","04_AUTHORITY\IDENTITY_REGISTRY\STATE\BATCH_000048.COMMITTED","BATCH_000048.COMMITTED",".committed","59","2026-08-19T14:32:50.5297038+05:30"
"C:\Users\DIYA GOEL\Downloads\EBDESIGN\_EBDESIGN_LIBRARY\04_AUTHORITY\IDENTITY_REGISTRY\STATE\BATCH_000049.COMMITTED","04_AUTHORITY\IDENTITY_REGISTRY\STATE\BATCH_000049.COMMITTED","BATCH_000049.COMMITTED",".committed","59","2026-08-19T14:32:52.2382092+05:30"
"C:\Users\DIYA GOEL\Downloads\EBDESIGN\_EBDESIGN_LIBRARY\04_AUTHORITY\IDENTITY_REGISTRY\STATE\BATCH_000050.COMMITTED","04_AUTHORITY\IDENTITY_REGISTRY\STATE\BATCH_000050.COMMITTED","BATCH_000050.COMMITTED",".committed","59","2026-08-19T14:32:54.3014106+05:30"
"C:\Users\DIYA GOEL\Downloads\EBDESIGN\_EBDESIGN_LIBRARY\04_AUTHORITY\IDENTITY_REGISTRY\STATE\BATCH_000051.COMMITTED","04_AUTHORITY\IDENTITY_REGISTRY\STATE\BATCH_000051.COMMITTED","BATCH_000051.COMMITTED",".committed","59","2026-08-19T14:32:55.9371336+05:30"
"C:\Users\DIYA GOEL\Downloads\EBDESIGN\_EBDESIGN_LIBRARY\04_AUTHORITY\IDENTITY_REGISTRY\STATE\BATCH_000052.COMMITTED","04_AUTHORITY\IDENTITY_REGISTRY\STATE\BATCH_000052.COMMITTED","BATCH_000052.COMMITTED",".committed","59","2026-08-19T14:32:57.9791361+05:30"
"C:\Users\DIYA GOEL\Downloads\EBDESIGN\_EBDESIGN_LIBRARY\04_AUTHORITY\IDENTITY_REGISTRY\STATE\BATCH_000053.COMMITTED","04_AUTHORITY\IDENTITY_REGISTRY\STATE\BATCH_000053.COMMITTED","BATCH_000053.COMMITTED",".committed","59","2026-08-19T14:32:59.7063392+05:30"
"C:\Users\DIYA GOEL\Downloads\EBDESIGN\_EBDESIGN_LIBRARY\04_AUTHORITY\IDENTITY_REGISTRY\STATE\BATCH_000054.COMMITTED","04_AUTHORITY\IDENTITY_REGISTRY\STATE\BATCH_000054.COMMITTED","BATCH_000054.COMMITTED",".committed","59","2026-08-19T14:33:03.0214561+05:30"
"C:\Users\DIYA GOEL\Downloads\EBDESIGN\_EBDESIGN_LIBRARY\04_AUTHORITY\IDENTITY_REGISTRY\STATE\BATCH_000055.COMMITTED","04_AUTHORITY\IDENTITY_REGISTRY\STATE\BATCH_000055.COMMITTED","BATCH_000055.COMMITTED",".committed","59","2026-08-19T14:33:04.8724838+05:30"
"C:\Users\DIYA GOEL\Downloads\EBDESIGN\_EBDESIGN_LIBRARY\04_AUTHORITY\IDENTITY_REGISTRY\STATE\BATCH_000056.COMMITTED","04_AUTHORITY\IDENTITY_REGISTRY\STATE\BATCH_000056.COMMITTED","BATCH_000056.COMMITTED",".committed","59","2026-08-19T14:33:06.9567503+05:30"
"C:\Users\DIYA GOEL\Downloads\EBDESIGN\_EBDESIGN_LIBRARY\04_AUTHORITY\IDENTITY_REGISTRY\STATE\BATCH_000057.COMMITTED","04_AUTHORITY\IDENTITY_REGISTRY\STATE\BATCH_000057.COMMITTED","BATCH_000057.COMMITTED",".committed","59","2026-08-19T14:33:08.6235334+05:30"
"C:\Users\DIYA GOEL\Downloads\EBDESIGN\_EBDESIGN_LIBRARY\04_AUTHORITY\IDENTITY_REGISTRY\STATE\BATCH_000058.COMMITTED","04_AUTHORITY\IDENTITY_REGISTRY\STATE\BATCH_000058.COMMITTED","BATCH_000058.COMMITTED",".committed","59","2026-08-19T14:33:10.5309124+05:30"
"C:\Users\DIYA GOEL\Downloads\EBDESIGN\_EBDESIGN_LIBRARY\04_AUTHORITY\IDENTITY_REGISTRY\STATE\BATCH_000059.COMMITTED","04_AUTHORITY\IDENTITY_REGISTRY\STATE\BATCH_000059.COMMITTED","BATCH_000059.COMMITTED",".committed","59","2026-08-19T14:33:12.2181725+05:30"
"C:\Users\DIYA GOEL\Downloads\EBDESIGN\_EBDESIGN_LIBRARY\04_AUTHORITY\IDENTITY_REGISTRY\STATE\BATCH_000060.COMMITTED","04_AUTHORITY\IDENTITY_REGISTRY\STATE\BATCH_000060.COMMITTED","BATCH_000060.COMMITTED",".committed","59","2026-08-19T14:33:15.6211311+05:30"
"C:\Users\DIYA GOEL\Downloads\EBDESIGN\_EBDESIGN_LIBRARY\04_AUTHORITY\IDENTITY_REGISTRY\STATE\BATCH_000061.COMMITTED","04_AUTHORITY\IDENTITY_REGISTRY\STATE\BATCH_000061.COMMITTED","BATCH_000061.COMMITTED",".committed","59","2026-08-19T14:33:17.3283973+05:30"
"C:\Users\DIYA GOEL\Downloads\EBDESIGN\_EBDESIGN_LIBRARY\04_AUTHORITY\IDENTITY_REGISTRY\STATE\BATCH_000062.COMMITTED","04_AUTHORITY\IDENTITY_REGISTRY\STATE\BATCH_000062.COMMITTED","BATCH_000062.COMMITTED",".committed","59","2026-08-19T14:33:19.3279404+05:30"
"C:\Users\DIYA GOEL\Downloads\EBDESIGN\_EBDESIGN_LIBRARY\04_AUTHORITY\IDENTITY_REGISTRY\STATE\BATCH_000063.COMMITTED","04_AUTHORITY\IDENTITY_REGISTRY\STATE\BATCH_000063.COMMITTED","BATCH_000063.COMMITTED",".committed","59","2026-08-19T14:33:20.9742853+05:30"
"C:\Users\DIYA GOEL\Downloads\EBDESIGN\_EBDESIGN_LIBRARY\04_AUTHORITY\IDENTITY_REGISTRY\STATE\BATCH_000064.COMMITTED","04_AUTHORITY\IDENTITY_REGISTRY\STATE\BATCH_000064.COMMITTED","BATCH_000064.COMMITTED",".committed","59","2026-08-19T14:33:23.2805314+05:30"
"C:\Users\DIYA GOEL\Downloads\EBDESIGN\_EBDESIGN_LIBRARY\04_AUTHORITY\IDENTITY_REGISTRY\STATE\BATCH_000065.COMMITTED","04_AUTHORITY\IDENTITY_REGISTRY\STATE\BATCH_000065.COMMITTED","BATCH_000065.COMMITTED",".committed","59","2026-08-19T14:33:26.2431512+05:30"
"C:\Users\DIYA GOEL\Downloads\EBDESIGN\_EBDESIGN_LIBRARY\04_AUTHORITY\IDENTITY_REGISTRY\STATE\BATCH_000066.COMMITTED","04_AUTHORITY\IDENTITY_REGISTRY\STATE\BATCH_000066.COMMITTED","BATCH_000066.COMMITTED",".committed","59","2026-08-19T14:33:30.0387548+05:30"
"C:\Users\DIYA GOEL\Downloads\EBDESIGN\_EBDESIGN_LIBRARY\04_AUTHORITY\IDENTITY_REGISTRY\STATE\IDENTITY_REGISTRY_COMPLETE.flag","04_AUTHORITY\IDENTITY_REGISTRY\STATE\IDENTITY_REGISTRY_COMPLETE.flag","IDENTITY_REGISTRY_COMPLETE.flag",".flag","47","2026-08-19T14:13:01.6081636+05:30"
