"RelativePath","Name","Extension","Size","Modified"
"00_CATALOG\CARD_STATUS_INDEX.csv","CARD_STATUS_INDEX.csv",".csv","117","2026-08-19T11:02:21.3498581+05:30"
"00_CATALOG\CARD_TYPE_INDEX.csv","CARD_TYPE_INDEX.csv",".csv","186","2026-08-19T11:02:21.4349032+05:30"
"00_CATALOG\LIBRARY_MANIFEST.json","LIBRARY_MANIFEST.json",".json","714","2026-08-19T11:02:21.5944206+05:30"
"00_CATALOG\MASTER_LIBRARY_CATALOG.csv","MASTER_LIBRARY_CATALOG.csv",".csv","157468","2026-08-19T11:02:21.1525803+05:30"
"00_CATALOG\MODULE_CARD_INDEX.csv","MODULE_CARD_INDEX.csv",".csv","61737","2026-08-19T11:02:21.2634460+05:30"
"00_GOVERNANCE\SCHEMAS\MASTER_DATA_MODEL.txt","MASTER_DATA_MODEL.txt",".txt","1301","2026-08-19T13:46:31.3187791+05:30"
"00_GOVERNANCE\SCHEMAS\RELATIONSHIP_VOCABULARY.csv","RELATIONSHIP_VOCABULARY.csv",".csv","416","2026-08-19T13:46:31.1622420+05:30"
"00_MASTER\MASTER_LIBRARY_MANIFEST.json","MASTER_LIBRARY_MANIFEST.json",".json","1550","2026-08-20T11:19:59.2916686+05:30"
"01_ACQUISITION\SOURCES\00_FORENSIC_SOURCE_INVENTORY.csv","00_FORENSIC_SOURCE_INVENTORY.csv",".csv","761","2026-08-19T13:47:43.3388749+05:30"
"01_ARTIFACTS\MASTER_ARTIFACT_REGISTRY.csv","MASTER_ARTIFACT_REGISTRY.csv",".csv","3","2026-08-20T11:19:58.1919203+05:30"
"01_MODULE_CARDS\MOD-M001.json","MOD-M001.json",".json","712","2026-08-19T11:02:19.2385474+05:30"
"01_MODULE_CARDS\MOD-M002.json","MOD-M002.json",".json","712","2026-08-19T11:02:19.2403316+05:30"
"01_MODULE_CARDS\MOD-M003.json","MOD-M003.json",".json","712","2026-08-19T11:02:19.2425039+05:30"
"01_MODULE_CARDS\MOD-M004.json","MOD-M004.json",".json","712","2026-08-19T11:02:19.2444475+05:30"
"01_MODULE_CARDS\MOD-M005.json","MOD-M005.json",".json","712","2026-08-19T11:02:19.2461532+05:30"
"01_MODULE_CARDS\MOD-M006.json","MOD-M006.json",".json","712","2026-08-19T11:02:19.2490373+05:30"
"01_MODULE_CARDS\MOD-M007.json","MOD-M007.json",".json","712","2026-08-19T11:02:19.2500825+05:30"
"01_MODULE_CARDS\MOD-M008.json","MOD-M008.json",".json","712","2026-08-19T11:02:19.2534288+05:30"
"01_MODULE_CARDS\MOD-M009.json","MOD-M009.json",".json","712","2026-08-19T11:02:19.2568798+05:30"
"01_MODULE_CARDS\MOD-M010.json","MOD-M010.json",".json","712","2026-08-19T11:02:19.2686611+05:30"
"01_MODULE_CARDS\MOD-M011.json","MOD-M011.json",".json","712","2026-08-19T11:02:19.2686611+05:30"
"01_MODULE_CARDS\MOD-M012.json","MOD-M012.json",".json","680","2026-08-19T11:02:19.2769144+05:30"
"01_MODULE_CARDS\MOD-M013.json","MOD-M013.json",".json","680","2026-08-19T11:02:19.2769144+05:30"
"01_MODULE_CARDS\MOD-M014.json","MOD-M014.json",".json","712","2026-08-19T11:02:19.2769144+05:30"
"01_MODULE_CARDS\MOD-M015.json","MOD-M015.json",".json","680","2026-08-19T11:02:19.2841706+05:30"
"01_MODULE_CARDS\MOD-M016.json","MOD-M016.json",".json","712","2026-08-19T11:02:19.2872403+05:30"
"01_MODULE_CARDS\MOD-M017.json","MOD-M017.json",".json","680","2026-08-19T11:02:19.2882461+05:30"
"01_MODULE_CARDS\MOD-M018.json","MOD-M018.json",".json","712","2026-08-19T11:02:19.2920207+05:30"
"01_MODULE_CARDS\MOD-M019.json","MOD-M019.json",".json","712","2026-08-19T11:02:19.2944398+05:30"
"01_MODULE_CARDS\MOD-M020.json","MOD-M020.json",".json","712","2026-08-19T11:02:19.2964467+05:30"
"01_MODULE_CARDS\MOD-M021.json","MOD-M021.json",".json","680","2026-08-19T11:02:19.2984541+05:30"
"01_MODULE_CARDS\MOD-M022.json","MOD-M022.json",".json","712","2026-08-19T11:02:19.3004603+05:30"
"01_MODULE_CARDS\MOD-M023.json","MOD-M023.json",".json","712","2026-08-19T11:02:19.3026684+05:30"
"01_MODULE_CARDS\MOD-M024.json","MOD-M024.json",".json","712","2026-08-19T11:02:19.3048701+05:30"
"01_MODULE_CARDS\MOD-M025.json","MOD-M025.json",".json","712","2026-08-19T11:02:19.3068760+05:30"
"01_MODULE_CARDS\MOD-M026.json","MOD-M026.json",".json","679","2026-08-19T11:02:19.3091786+05:30"
"01_MODULE_CARDS\MOD-M027.json","MOD-M027.json",".json","679","2026-08-19T11:02:19.3108790+05:30"
"01_MODULE_CARDS\MOD-M028.json","MOD-M028.json",".json","679","2026-08-19T11:02:19.3125753+05:30"
"01_MODULE_CARDS\MOD-M029.json","MOD-M029.json",".json","679","2026-08-19T11:02:19.3157426+05:30"
"01_MODULE_CARDS\MOD-M030.json","MOD-M030.json",".json","680","2026-08-19T11:02:19.3165511+05:30"
"01_MODULE_CARDS\MOD-M031.json","MOD-M031.json",".json","712","2026-08-19T11:02:19.3199461+05:30"
"01_MODULE_CARDS\MOD-M032.json","MOD-M032.json",".json","712","2026-08-19T11:02:19.3218784+05:30"
"01_MODULE_CARDS\MOD-M033.json","MOD-M033.json",".json","679","2026-08-19T11:02:19.3235091+05:30"
"01_MODULE_CARDS\MOD-M034.json","MOD-M034.json",".json","710","2026-08-19T11:02:19.3255164+05:30"
"01_MODULE_CARDS\MOD-M035.json","MOD-M035.json",".json","710","2026-08-19T11:02:19.3255164+05:30"
"01_MODULE_CARDS\MOD-M036.json","MOD-M036.json",".json","679","2026-08-19T11:02:19.3255164+05:30"
"01_MODULE_CARDS\MOD-M037.json","MOD-M037.json",".json","710","2026-08-19T11:02:19.3325413+05:30"
"01_MODULE_CARDS\MOD-M038.json","MOD-M038.json",".json","710","2026-08-19T11:02:19.3344439+05:30"
"01_MODULE_CARDS\MOD-M039.json","MOD-M039.json",".json","710","2026-08-19T11:02:19.3368402+05:30"
"01_MODULE_CARDS\MOD-M040.json","MOD-M040.json",".json","679","2026-08-19T11:02:19.3391623+05:30"
"01_MODULE_CARDS\MOD-M041.json","MOD-M041.json",".json","712","2026-08-19T11:02:19.3418306+05:30"
"01_MODULE_CARDS\MOD-M042.json","MOD-M042.json",".json","712","2026-08-19T11:02:19.3534460+05:30"
"01_MODULE_CARDS\MOD-M043.json","MOD-M043.json",".json","680","2026-08-19T11:02:19.3534460+05:30"
"01_MODULE_CARDS\MOD-M044.json","MOD-M044.json",".json","680","2026-08-19T11:02:19.3596032+05:30"
"01_MODULE_CARDS\MOD-M045.json","MOD-M045.json",".json","680","2026-08-19T11:02:19.3596032+05:30"
"01_MODULE_CARDS\MOD-M046.json","MOD-M046.json",".json","712","2026-08-19T11:02:19.3616100+05:30"
"01_MODULE_CARDS\MOD-M047.json","MOD-M047.json",".json","679","2026-08-19T11:02:19.3636180+05:30"
"01_MODULE_CARDS\MOD-M048.json","MOD-M048.json",".json","679","2026-08-19T11:02:19.3656731+05:30"
"01_MODULE_CARDS\MOD-M049.json","MOD-M049.json",".json","710","2026-08-19T11:02:19.3679524+05:30"
"01_MODULE_CARDS\MOD-M050.json","MOD-M050.json",".json","679","2026-08-19T11:02:19.3679524+05:30"
"01_MODULE_CARDS\MOD-M051.json","MOD-M051.json",".json","712","2026-08-19T11:02:19.3679524+05:30"
"01_MODULE_CARDS\MOD-M052.json","MOD-M052.json",".json","712","2026-08-19T11:02:19.3679524+05:30"
"01_MODULE_CARDS\MOD-M053.json","MOD-M053.json",".json","712","2026-08-19T11:02:19.3756340+05:30"
"01_MODULE_CARDS\MOD-M054.json","MOD-M054.json",".json","712","2026-08-19T11:02:19.3756340+05:30"
"01_MODULE_CARDS\MOD-M055.json","MOD-M055.json",".json","712","2026-08-19T11:02:19.3796114+05:30"
"01_MODULE_CARDS\MOD-M056.json","MOD-M056.json",".json","711","2026-08-19T11:02:19.3796114+05:30"
"01_MODULE_CARDS\MOD-M057.json","MOD-M057.json",".json","711","2026-08-19T11:02:19.3796114+05:30"
"01_MODULE_CARDS\MOD-M058.json","MOD-M058.json",".json","711","2026-08-19T11:02:19.3889849+05:30"
"01_MODULE_CARDS\MOD-M059.json","MOD-M059.json",".json","711","2026-08-19T11:02:19.3909915+05:30"
"01_MODULE_CARDS\MOD-M060.json","MOD-M060.json",".json","711","2026-08-19T11:02:19.3909915+05:30"
"01_MODULE_CARDS\MOD-M061.json","MOD-M061.json",".json","710","2026-08-19T11:02:19.3954474+05:30"
"01_MODULE_CARDS\MOD-M062.json","MOD-M062.json",".json","710","2026-08-19T11:02:19.3993381+05:30"
"01_MODULE_CARDS\MOD-M063.json","MOD-M063.json",".json","710","2026-08-19T11:02:19.4003480+05:30"
"01_MODULE_CARDS\MOD-M064.json","MOD-M064.json",".json","710","2026-08-19T11:02:19.4039619+05:30"
"01_MODULE_CARDS\MOD-M065.json","MOD-M065.json",".json","710","2026-08-19T11:02:19.4055885+05:30"
"01_MODULE_CARDS\MOD-M066.json","MOD-M066.json",".json","710","2026-08-19T11:02:19.4076326+05:30"
"01_MODULE_CARDS\MOD-M067.json","MOD-M067.json",".json","710","2026-08-19T11:02:19.4094039+05:30"
"01_MODULE_CARDS\MOD-M068.json","MOD-M068.json",".json","710","2026-08-19T11:02:19.4094039+05:30"
"01_MODULE_CARDS\MOD-M069.json","MOD-M069.json",".json","711","2026-08-19T11:02:19.4094039+05:30"
"01_MODULE_CARDS\MOD-M070.json","MOD-M070.json",".json","710","2026-08-19T11:02:19.4152538+05:30"
"01_MODULE_CARDS\MOD-M071.json","MOD-M071.json",".json","680","2026-08-19T11:02:19.4166612+05:30"
"01_MODULE_CARDS\MOD-M072.json","MOD-M072.json",".json","680","2026-08-19T11:02:19.4195126+05:30"
"01_MODULE_CARDS\MOD-M073.json","MOD-M073.json",".json","680","2026-08-19T11:02:19.4280407+05:30"
"01_MODULE_CARDS\MOD-M074.json","MOD-M074.json",".json","712","2026-08-19T11:02:19.4300466+05:30"
"01_MODULE_CARDS\MOD-M075.json","MOD-M075.json",".json","712","2026-08-19T11:02:19.4300466+05:30"
"01_MODULE_CARDS\MOD-M076.json","MOD-M076.json",".json","712","2026-08-19T11:02:19.4324587+05:30"
"01_MODULE_CARDS\MOD-M077.json","MOD-M077.json",".json","712","2026-08-19T11:02:19.4349242+05:30"
"01_MODULE_CARDS\MOD-M078.json","MOD-M078.json",".json","712","2026-08-19T11:02:19.4366655+05:30"
"01_MODULE_CARDS\MOD-M079.json","MOD-M079.json",".json","712","2026-08-19T11:02:19.4392384+05:30"
"01_MODULE_CARDS\MOD-M080.json","MOD-M080.json",".json","712","2026-08-19T11:02:19.4411497+05:30"
"01_MODULE_CARDS\MOD-M081.json","MOD-M081.json",".json","712","2026-08-19T11:02:19.4430516+05:30"
"01_MODULE_CARDS\MOD-M082.json","MOD-M082.json",".json","712","2026-08-19T11:02:19.4444497+05:30"
"01_MODULE_CARDS\MOD-M083.json","MOD-M083.json",".json","712","2026-08-19T11:02:19.4458915+05:30"
"01_MODULE_CARDS\MOD-M084.json","MOD-M084.json",".json","712","2026-08-19T11:02:19.4493203+05:30"
"01_MODULE_CARDS\MOD-M085.json","MOD-M085.json",".json","712","2026-08-19T11:02:19.4508646+05:30"
"01_MODULE_CARDS\MOD-M086.json","MOD-M086.json",".json","712","2026-08-19T11:02:19.4529730+05:30"
"01_MODULE_CARDS\MOD-M087.json","MOD-M087.json",".json","712","2026-08-19T11:02:19.4529730+05:30"
"01_MODULE_CARDS\MOD-M088.json","MOD-M088.json",".json","710","2026-08-19T11:02:19.4549912+05:30"
"01_MODULE_CARDS\MOD-M089.json","MOD-M089.json",".json","710","2026-08-19T11:02:19.4610119+05:30"
"01_MODULE_CARDS\MOD-M090.json","MOD-M090.json",".json","679","2026-08-19T11:02:19.4630185+05:30"
"01_MODULE_CARDS\MOD-M091.json","MOD-M091.json",".json","679","2026-08-19T11:02:19.4667440+05:30"
"01_MODULE_CARDS\MOD-M092.json","MOD-M092.json",".json","679","2026-08-19T11:02:19.4682107+05:30"
"01_MODULE_CARDS\MOD-M093.json","MOD-M093.json",".json","679","2026-08-19T11:02:19.4682107+05:30"
"01_MODULE_CARDS\MOD-M094.json","MOD-M094.json",".json","679","2026-08-19T11:02:19.4682107+05:30"
"01_MODULE_CARDS\MOD-M095.json","MOD-M095.json",".json","710","2026-08-19T11:02:19.4682107+05:30"
"01_MODULE_CARDS\MOD-M096.json","MOD-M096.json",".json","710","2026-08-19T11:02:19.4682107+05:30"
"01_MODULE_CARDS\MOD-M097.json","MOD-M097.json",".json","710","2026-08-19T11:02:19.4682107+05:30"
"01_MODULE_CARDS\MOD-M098.json","MOD-M098.json",".json","679","2026-08-19T11:02:19.4682107+05:30"
"01_MODULE_CARDS\MOD-M099.json","MOD-M099.json",".json","679","2026-08-19T11:02:19.4682107+05:30"
"01_MODULE_CARDS\MOD-M100.json","MOD-M100.json",".json","679","2026-08-19T11:02:19.4837378+05:30"
"01_MODULE_CARDS\MOD-M101.json","MOD-M101.json",".json","712","2026-08-19T11:02:19.4852724+05:30"
"01_MODULE_CARDS\MOD-M102.json","MOD-M102.json",".json","712","2026-08-19T11:02:19.4874222+05:30"
"01_MODULE_CARDS\MOD-M103.json","MOD-M103.json",".json","712","2026-08-19T11:02:19.4874222+05:30"
"01_MODULE_CARDS\MOD-M104.json","MOD-M104.json",".json","712","2026-08-19T11:02:19.4874222+05:30"
"01_MODULE_CARDS\MOD-M105.json","MOD-M105.json",".json","712","2026-08-19T11:02:19.4874222+05:30"
"01_MODULE_CARDS\MOD-M106.json","MOD-M106.json",".json","679","2026-08-19T11:02:19.4993816+05:30"
"01_MODULE_CARDS\MOD-M107.json","MOD-M107.json",".json","712","2026-08-19T11:02:19.5028586+05:30"
"01_MODULE_CARDS\MOD-M108.json","MOD-M108.json",".json","712","2026-08-19T11:02:19.5048246+05:30"
"01_MODULE_CARDS\MOD-M109.json","MOD-M109.json",".json","712","2026-08-19T11:02:19.5063298+05:30"
"01_MODULE_CARDS\MOD-M110.json","MOD-M110.json",".json","712","2026-08-19T11:02:19.5063298+05:30"
"01_MODULE_CARDS\MOD-M111.json","MOD-M111.json",".json","679","2026-08-19T11:02:19.5063298+05:30"
"01_MODULE_CARDS\MOD-M112.json","MOD-M112.json",".json","710","2026-08-19T11:02:19.5063298+05:30"
"01_MODULE_CARDS\MOD-M113.json","MOD-M113.json",".json","710","2026-08-19T11:02:19.5063298+05:30"
"01_MODULE_CARDS\MOD-M114.json","MOD-M114.json",".json","679","2026-08-19T11:02:19.5153037+05:30"
"01_MODULE_CARDS\MOD-M115.json","MOD-M115.json",".json","679","2026-08-19T11:02:19.5153037+05:30"
"01_MODULE_CARDS\MOD-M116.json","MOD-M116.json",".json","710","2026-08-19T11:02:19.5214735+05:30"
"01_MODULE_CARDS\MOD-M117.json","MOD-M117.json",".json","679","2026-08-19T11:02:19.5237730+05:30"
"01_MODULE_CARDS\MOD-M118.json","MOD-M118.json",".json","679","2026-08-19T11:02:19.5261782+05:30"
"01_MODULE_CARDS\MOD-M119.json","MOD-M119.json",".json","679","2026-08-19T11:02:19.5261782+05:30"
"01_MODULE_CARDS\MOD-M120.json","MOD-M120.json",".json","679","2026-08-19T11:02:19.5330786+05:30"
"01_MODULE_CARDS\MOD-M121.json","MOD-M121.json",".json","710","2026-08-19T11:02:19.5402469+05:30"
"01_MODULE_CARDS\MOD-M122.json","MOD-M122.json",".json","712","2026-08-19T11:02:19.5402469+05:30"
"01_MODULE_CARDS\MOD-M123.json","MOD-M123.json",".json","712","2026-08-19T11:02:19.5447465+05:30"
"01_MODULE_CARDS\MOD-M124.json","MOD-M124.json",".json","711","2026-08-19T11:02:19.5487759+05:30"
"01_MODULE_CARDS\MOD-M125.json","MOD-M125.json",".json","711","2026-08-19T11:02:19.5487759+05:30"
"01_MODULE_CARDS\MOD-M126.json","MOD-M126.json",".json","711","2026-08-19T11:02:19.5487759+05:30"
"01_MODULE_CARDS\MOD-M127.json","MOD-M127.json",".json","712","2026-08-19T11:02:19.5553463+05:30"
"01_MODULE_CARDS\MOD-M128.json","MOD-M128.json",".json","711","2026-08-19T11:02:19.5570157+05:30"
"01_MODULE_CARDS\MOD-M129.json","MOD-M129.json",".json","710","2026-08-19T11:02:19.5584847+05:30"
"01_MODULE_CARDS\MOD-M130.json","MOD-M130.json",".json","710","2026-08-19T11:02:19.5584847+05:30"
"01_MODULE_CARDS\MOD-M131.json","MOD-M131.json",".json","710","2026-08-19T11:02:19.5584847+05:30"
"01_MODULE_CARDS\MOD-M132.json","MOD-M132.json",".json","712","2026-08-19T11:02:19.5636190+05:30"
"01_MODULE_CARDS\MOD-M133.json","MOD-M133.json",".json","710","2026-08-19T11:02:19.5648622+05:30"
"01_MODULE_CARDS\MOD-M134.json","MOD-M134.json",".json","710","2026-08-19T11:02:19.5665728+05:30"
"01_MODULE_CARDS\MOD-M135.json","MOD-M135.json",".json","710","2026-08-19T11:02:19.5715959+05:30"
"01_MODULE_CARDS\MOD-M136.json","MOD-M136.json",".json","710","2026-08-19T11:02:19.5758677+05:30"
"01_MODULE_CARDS\MOD-M137.json","MOD-M137.json",".json","679","2026-08-19T11:02:19.5786318+05:30"
"01_MODULE_CARDS\MOD-M138.json","MOD-M138.json",".json","710","2026-08-19T11:02:19.5786318+05:30"
"01_MODULE_CARDS\MOD-M139.json","MOD-M139.json",".json","679","2026-08-19T11:02:19.5832105+05:30"
"01_MODULE_CARDS\MOD-M140.json","MOD-M140.json",".json","710","2026-08-19T11:02:19.5832105+05:30"
"01_MODULE_CARDS\MOD-M141.json","MOD-M141.json",".json","711","2026-08-19T11:02:19.5832105+05:30"
"01_MODULE_CARDS\MOD-M142.json","MOD-M142.json",".json","710","2026-08-19T11:02:19.5832105+05:30"
"01_MODULE_CARDS\MOD-M143.json","MOD-M143.json",".json","710","2026-08-19T11:02:19.5944307+05:30"
"01_MODULE_CARDS\MOD-M144.json","MOD-M144.json",".json","680","2026-08-19T11:02:19.5944307+05:30"
"01_MODULE_CARDS\MOD-M145.json","MOD-M145.json",".json","710","2026-08-19T11:02:19.5944307+05:30"
"01_MODULE_CARDS\MOD-M146.json","MOD-M146.json",".json","710","2026-08-19T11:02:19.6001719+05:30"
"01_MODULE_CARDS\MOD-M147.json","MOD-M147.json",".json","710","2026-08-19T11:02:19.6001719+05:30"
"01_MODULE_CARDS\MOD-M148.json","MOD-M148.json",".json","679","2026-08-19T11:02:19.6001719+05:30"
"01_MODULE_CARDS\MOD-M149.json","MOD-M149.json",".json","679","2026-08-19T11:02:19.6001719+05:30"
"01_MODULE_CARDS\MOD-M150.json","MOD-M150.json",".json","710","2026-08-19T11:02:19.6001719+05:30"
"02_MODULES\MODULE_ARTIFACT_MATRIX.csv","MODULE_ARTIFACT_MATRIX.csv",".csv","3","2026-08-20T10:39:28.4366795+05:30"
"02_PROCESSING_FLOOR\09_REVIEW\VARIANT_COLLISION_REVIEW_QUEUE.csv","VARIANT_COLLISION_REVIEW_QUEUE.csv",".csv","15285","2026-08-19T14:01:53.2701359+05:30"
"03_CATALOGUE\IMPLEMENTATION_CATALOGUE.csv","IMPLEMENTATION_CATALOGUE.csv",".csv","61433676","2026-08-19T18:09:44.2102327+05:30"
"03_CATALOGUE\LOGICAL_ENTITY_CATALOGUE.csv","LOGICAL_ENTITY_CATALOGUE.csv",".csv","93088357","2026-08-19T18:09:17.5273868+05:30"
"03_CATALOGUE\MODULE_CATALOGUE.csv","MODULE_CATALOGUE.csv",".csv","79283","2026-08-19T18:12:05.8831122+05:30"
"03_CATALOGUE\ROUTE_CATALOGUE.csv","ROUTE_CATALOGUE.csv",".csv","908403","2026-08-19T18:12:28.5496947+05:30"
"03_CATALOGUE\SERVICE_CATALOGUE.csv","SERVICE_CATALOGUE.csv",".csv","1421194","2026-08-19T18:12:18.7529076+05:30"
"03_CATALOGUE\MASTER_REGISTRY\00_ID_NAMESPACES.csv","00_ID_NAMESPACES.csv",".csv","1130","2026-08-19T13:46:29.5822424+05:30"
"03_CATALOGUE\MASTER_REGISTRY\01_ID_COUNTERS.csv","01_ID_COUNTERS.csv",".csv","717","2026-08-19T13:46:29.7265489+05:30"
"03_CATALOGUE\MASTER_REGISTRY\02_MASTER_ENTITY_REGISTER.csv","02_MASTER_ENTITY_REGISTER.csv",".csv","220","2026-08-19T13:46:29.9163830+05:30"
"03_CATALOGUE\MASTER_REGISTRY\03_ACCESSION_REGISTER.csv","03_ACCESSION_REGISTER.csv",".csv","2812","2026-08-19T13:49:27.8508836+05:30"
"03_CATALOGUE\MASTER_REGISTRY\04_HOLDINGS_REGISTER.csv","04_HOLDINGS_REGISTER.csv",".csv","169","2026-08-19T13:46:30.2153040+05:30"
"03_CATALOGUE\MASTER_REGISTRY\05_PHYSICAL_ITEM_REGISTER.csv","05_PHYSICAL_ITEM_REGISTER.csv",".csv","167","2026-08-19T13:46:30.3539846+05:30"
"03_CATALOGUE\MASTER_REGISTRY\06_LOCATION_REGISTER.csv","06_LOCATION_REGISTER.csv",".csv","104","2026-08-19T13:46:30.5023545+05:30"
"03_CATALOGUE\MASTER_REGISTRY\07_RELATIONSHIP_REGISTER.csv","07_RELATIONSHIP_REGISTER.csv",".csv","157","2026-08-19T13:46:30.6285452+05:30"
"03_CATALOGUE\MASTER_REGISTRY\08_ALIAS_AUTHORITY_REGISTER.csv","08_ALIAS_AUTHORITY_REGISTER.csv",".csv","101","2026-08-19T13:46:30.7798223+05:30"
"03_CATALOGUE\MASTER_REGISTRY\09_GAP_REGISTER.csv","09_GAP_REGISTER.csv",".csv","146","2026-08-19T13:46:30.8942330+05:30"
"03_CATALOGUE\MASTER_REGISTRY\10_ISSUE_REGISTER.csv","10_ISSUE_REGISTER.csv",".csv","104","2026-08-19T13:46:31.0341839+05:30"
"04_AUTHORITY\01_FORENSIC_SOURCE_AUTHORITY_MATRIX.csv","01_FORENSIC_SOURCE_AUTHORITY_MATRIX.csv",".csv","1831","2026-08-19T13:50:21.3052660+05:30"
"04_AUTHORITY\02_EVIDENCE_PRIORITY_MATRIX.csv","02_EVIDENCE_PRIORITY_MATRIX.csv",".csv","868","2026-08-19T13:50:21.4507826+05:30"
"04_AUTHORITY\03_INCOMPLETE_EVIDENCE_REGISTER.csv","03_INCOMPLETE_EVIDENCE_REGISTER.csv",".csv","442","2026-08-19T13:50:21.5555105+05:30"
"04_AUTHORITY\ACTIVE_MODULE_AUTHORITY_EVIDENCE.csv","ACTIVE_MODULE_AUTHORITY_EVIDENCE.csv",".csv","10814","2026-08-19T14:01:52.6992131+05:30"
"04_AUTHORITY\IDENTITY_REGISTRY\PHYSICAL_AREA_INDEX.csv","PHYSICAL_AREA_INDEX.csv",".csv","22151","2026-08-20T08:46:41.9306922+05:30"
"04_AUTHORITY\IDENTITY_REGISTRY\PHYSICAL_CONTENT_INDEX.csv","PHYSICAL_CONTENT_INDEX.csv",".csv","1771964","2026-08-19T14:12:57.9188280+05:30"
"04_AUTHORITY\IDENTITY_REGISTRY\PHYSICAL_FILENAME_INDEX.csv","PHYSICAL_FILENAME_INDEX.csv",".csv","3","2026-08-19T15:15:22.4449951+05:30"
"04_AUTHORITY\IDENTITY_REGISTRY\PHYSICAL_ITEM_IDENTITY_REGISTRY.csv","PHYSICAL_ITEM_IDENTITY_REGISTRY.csv",".csv","204134343","2026-08-19T14:47:05.7382188+05:30"
"04_AUTHORITY\IDENTITY_REGISTRY\PHYSICAL_MODULE_INDEX.csv","PHYSICAL_MODULE_INDEX.csv",".csv","4243","2026-08-20T08:46:41.9288069+05:30"
"04_AUTHORITY\IDENTITY_REGISTRY\PHYSICAL_PATH_INDEX.csv","PHYSICAL_PATH_INDEX.csv",".csv","86306964","2026-08-19T14:56:42.6547743+05:30"
"04_AUTHORITY\IDENTITY_REGISTRY\AUDIT\EBD_IDENTITY_STANDARD_v1.json","EBD_IDENTITY_STANDARD_v1.json",".json","2636","2026-08-19T14:10:34.9645324+05:30"
"04_AUTHORITY\IDENTITY_REGISTRY\AUDIT\IDENTITY_REGISTRY_MANIFEST.json","IDENTITY_REGISTRY_MANIFEST.json",".json","894","2026-08-19T14:13:01.3832409+05:30"
"04_AUTHORITY\IDENTITY_REGISTRY\BATCHES\BATCH_000001_PHYSICAL.csv","BATCH_000001_PHYSICAL.csv",".csv","3140004","2026-08-19T14:30:17.7262962+05:30"
"04_AUTHORITY\IDENTITY_REGISTRY\BATCHES\BATCH_000002_PHYSICAL.csv","BATCH_000002_PHYSICAL.csv",".csv","3369448","2026-08-19T14:30:47.4039883+05:30"
"04_AUTHORITY\IDENTITY_REGISTRY\BATCHES\BATCH_000003_PHYSICAL.csv","BATCH_000003_PHYSICAL.csv",".csv","3340080","2026-08-19T14:30:49.9326829+05:30"
"04_AUTHORITY\IDENTITY_REGISTRY\BATCHES\BATCH_000004_PHYSICAL.csv","BATCH_000004_PHYSICAL.csv",".csv","3231926","2026-08-19T14:30:51.7249709+05:30"
"04_AUTHORITY\IDENTITY_REGISTRY\BATCHES\BATCH_000005_PHYSICAL.csv","BATCH_000005_PHYSICAL.csv",".csv","3209841","2026-08-19T14:30:53.9558730+05:30"
"04_AUTHORITY\IDENTITY_REGISTRY\BATCHES\BATCH_000006_PHYSICAL.csv","BATCH_000006_PHYSICAL.csv",".csv","3166811","2026-08-19T14:31:01.6340230+05:30"
"04_AUTHORITY\IDENTITY_REGISTRY\BATCHES\BATCH_000007_PHYSICAL.csv","BATCH_000007_PHYSICAL.csv",".csv","3217771","2026-08-19T14:31:03.6036857+05:30"
"04_AUTHORITY\IDENTITY_REGISTRY\BATCHES\BATCH_000008_PHYSICAL.csv","BATCH_000008_PHYSICAL.csv",".csv","3206321","2026-08-19T14:31:07.2133787+05:30"
"04_AUTHORITY\IDENTITY_REGISTRY\BATCHES\BATCH_000009_PHYSICAL.csv","BATCH_000009_PHYSICAL.csv",".csv","3271864","2026-08-19T14:31:09.1491220+05:30"
"04_AUTHORITY\IDENTITY_REGISTRY\BATCHES\BATCH_000010_PHYSICAL.csv","BATCH_000010_PHYSICAL.csv",".csv","3239121","2026-08-19T14:31:11.4214421+05:30"
"04_AUTHORITY\IDENTITY_REGISTRY\BATCHES\BATCH_000011_PHYSICAL.csv","BATCH_000011_PHYSICAL.csv",".csv","3226051","2026-08-19T14:31:13.2470987+05:30"
"04_AUTHORITY\IDENTITY_REGISTRY\BATCHES\BATCH_000012_PHYSICAL.csv","BATCH_000012_PHYSICAL.csv",".csv","3227984","2026-08-19T14:31:15.2787227+05:30"
"04_AUTHORITY\IDENTITY_REGISTRY\BATCHES\BATCH_000013_PHYSICAL.csv","BATCH_000013_PHYSICAL.csv",".csv","3190073","2026-08-19T14:31:17.0204330+05:30"
"04_AUTHORITY\IDENTITY_REGISTRY\BATCHES\BATCH_000014_PHYSICAL.csv","BATCH_000014_PHYSICAL.csv",".csv","3194209","2026-08-19T14:31:20.4727072+05:30"
"04_AUTHORITY\IDENTITY_REGISTRY\BATCHES\BATCH_000015_PHYSICAL.csv","BATCH_000015_PHYSICAL.csv",".csv","3129349","2026-08-19T14:31:22.2650748+05:30"
"04_AUTHORITY\IDENTITY_REGISTRY\BATCHES\BATCH_000016_PHYSICAL.csv","BATCH_000016_PHYSICAL.csv",".csv","3195242","2026-08-19T14:31:24.2944902+05:30"
"04_AUTHORITY\IDENTITY_REGISTRY\BATCHES\BATCH_000017_PHYSICAL.csv","BATCH_000017_PHYSICAL.csv",".csv","3243982","2026-08-19T14:31:26.2338580+05:30"
"04_AUTHORITY\IDENTITY_REGISTRY\BATCHES\BATCH_000018_PHYSICAL.csv","BATCH_000018_PHYSICAL.csv",".csv","3226656","2026-08-19T14:31:28.5935450+05:30"
"04_AUTHORITY\IDENTITY_REGISTRY\BATCHES\BATCH_000019_PHYSICAL.csv","BATCH_000019_PHYSICAL.csv",".csv","3223230","2026-08-19T14:31:30.3731413+05:30"
"04_AUTHORITY\IDENTITY_REGISTRY\BATCHES\BATCH_000020_PHYSICAL.csv","BATCH_000020_PHYSICAL.csv",".csv","3227039","2026-08-19T14:31:32.9710663+05:30"
"04_AUTHORITY\IDENTITY_REGISTRY\BATCHES\BATCH_000021_PHYSICAL.csv","BATCH_000021_PHYSICAL.csv",".csv","3216876","2026-08-19T14:31:35.1242543+05:30"
"04_AUTHORITY\IDENTITY_REGISTRY\BATCHES\BATCH_000022_PHYSICAL.csv","BATCH_000022_PHYSICAL.csv",".csv","3142338","2026-08-19T14:31:42.7212465+05:30"
"04_AUTHORITY\IDENTITY_REGISTRY\BATCHES\BATCH_000023_PHYSICAL.csv","BATCH_000023_PHYSICAL.csv",".csv","3402011","2026-08-19T14:31:45.0491337+05:30"
"04_AUTHORITY\IDENTITY_REGISTRY\BATCHES\BATCH_000024_PHYSICAL.csv","BATCH_000024_PHYSICAL.csv",".csv","3320675","2026-08-19T14:31:48.0577352+05:30"
"04_AUTHORITY\IDENTITY_REGISTRY\BATCHES\BATCH_000025_PHYSICAL.csv","BATCH_000025_PHYSICAL.csv",".csv","3172530","2026-08-19T14:31:50.1815545+05:30"
"04_AUTHORITY\IDENTITY_REGISTRY\BATCHES\BATCH_000026_PHYSICAL.csv","BATCH_000026_PHYSICAL.csv",".csv","3155435","2026-08-19T14:31:52.7130663+05:30"
"04_AUTHORITY\IDENTITY_REGISTRY\BATCHES\BATCH_000027_PHYSICAL.csv","BATCH_000027_PHYSICAL.csv",".csv","3071559","2026-08-19T14:31:56.3625649+05:30"
"04_AUTHORITY\IDENTITY_REGISTRY\BATCHES\BATCH_000028_PHYSICAL.csv","BATCH_000028_PHYSICAL.csv",".csv","3108808","2026-08-19T14:31:59.8420842+05:30"
"04_AUTHORITY\IDENTITY_REGISTRY\BATCHES\BATCH_000029_PHYSICAL.csv","BATCH_000029_PHYSICAL.csv",".csv","3273340","2026-08-19T14:32:05.0262910+05:30"
"04_AUTHORITY\IDENTITY_REGISTRY\BATCHES\BATCH_000030_PHYSICAL.csv","BATCH_000030_PHYSICAL.csv",".csv","3357598","2026-08-19T14:32:08.2806616+05:30"
"04_AUTHORITY\IDENTITY_REGISTRY\BATCHES\BATCH_000031_PHYSICAL.csv","BATCH_000031_PHYSICAL.csv",".csv","3314970","2026-08-19T14:32:10.3577955+05:30"
"04_AUTHORITY\IDENTITY_REGISTRY\BATCHES\BATCH_000032_PHYSICAL.csv","BATCH_000032_PHYSICAL.csv",".csv","3200168","2026-08-19T14:32:12.1089447+05:30"
"04_AUTHORITY\IDENTITY_REGISTRY\BATCHES\BATCH_000033_PHYSICAL.csv","BATCH_000033_PHYSICAL.csv",".csv","3105972","2026-08-19T14:32:14.2675744+05:30"
"04_AUTHORITY\IDENTITY_REGISTRY\BATCHES\BATCH_000034_PHYSICAL.csv","BATCH_000034_PHYSICAL.csv",".csv","3165246","2026-08-19T14:32:16.1702970+05:30"
"04_AUTHORITY\IDENTITY_REGISTRY\BATCHES\BATCH_000035_PHYSICAL.csv","BATCH_000035_PHYSICAL.csv",".csv","3065883","2026-08-19T14:32:19.5766457+05:30"
"04_AUTHORITY\IDENTITY_REGISTRY\BATCHES\BATCH_000036_PHYSICAL.csv","BATCH_000036_PHYSICAL.csv",".csv","3129130","2026-08-19T14:32:21.2426323+05:30"
"04_AUTHORITY\IDENTITY_REGISTRY\BATCHES\BATCH_000037_PHYSICAL.csv","BATCH_000037_PHYSICAL.csv",".csv","3308753","2026-08-19T14:32:23.1858522+05:30"
"04_AUTHORITY\IDENTITY_REGISTRY\BATCHES\BATCH_000038_PHYSICAL.csv","BATCH_000038_PHYSICAL.csv",".csv","3259841","2026-08-19T14:32:25.0077213+05:30"
"04_AUTHORITY\IDENTITY_REGISTRY\BATCHES\BATCH_000039_PHYSICAL.csv","BATCH_000039_PHYSICAL.csv",".csv","3184866","2026-08-19T14:32:27.0302508+05:30"
"04_AUTHORITY\IDENTITY_REGISTRY\BATCHES\BATCH_000040_PHYSICAL.csv","BATCH_000040_PHYSICAL.csv",".csv","3148218","2026-08-19T14:32:28.8072812+05:30"
"04_AUTHORITY\IDENTITY_REGISTRY\BATCHES\BATCH_000041_PHYSICAL.csv","BATCH_000041_PHYSICAL.csv",".csv","3143962","2026-08-19T14:32:32.3932381+05:30"
"04_AUTHORITY\IDENTITY_REGISTRY\BATCHES\BATCH_000042_PHYSICAL.csv","BATCH_000042_PHYSICAL.csv",".csv","3173561","2026-08-19T14:32:34.0568081+05:30"
"04_AUTHORITY\IDENTITY_REGISTRY\BATCHES\BATCH_000043_PHYSICAL.csv","BATCH_000043_PHYSICAL.csv",".csv","3182739","2026-08-19T14:32:36.4695623+05:30"
"04_AUTHORITY\IDENTITY_REGISTRY\BATCHES\BATCH_000044_PHYSICAL.csv","BATCH_000044_PHYSICAL.csv",".csv","3070847","2026-08-19T14:32:40.8738368+05:30"
"04_AUTHORITY\IDENTITY_REGISTRY\BATCHES\BATCH_000045_PHYSICAL.csv","BATCH_000045_PHYSICAL.csv",".csv","3135769","2026-08-19T14:32:42.7476373+05:30"
"04_AUTHORITY\IDENTITY_REGISTRY\BATCHES\BATCH_000046_PHYSICAL.csv","BATCH_000046_PHYSICAL.csv",".csv","3392861","2026-08-19T14:32:44.6399349+05:30"
"04_AUTHORITY\IDENTITY_REGISTRY\BATCHES\BATCH_000047_PHYSICAL.csv","BATCH_000047_PHYSICAL.csv",".csv","3178368","2026-08-19T14:32:46.5928749+05:30"
"04_AUTHORITY\IDENTITY_REGISTRY\BATCHES\BATCH_000048_PHYSICAL.csv","BATCH_000048_PHYSICAL.csv",".csv","3184182","2026-08-19T14:32:49.9475111+05:30"
"04_AUTHORITY\IDENTITY_REGISTRY\BATCHES\BATCH_000049_PHYSICAL.csv","BATCH_000049_PHYSICAL.csv",".csv","3188488","2026-08-19T14:32:51.9080125+05:30"
"04_AUTHORITY\IDENTITY_REGISTRY\BATCHES\BATCH_000050_PHYSICAL.csv","BATCH_000050_PHYSICAL.csv",".csv","3161817","2026-08-19T14:32:53.8722118+05:30"
"04_AUTHORITY\IDENTITY_REGISTRY\BATCHES\BATCH_000051_PHYSICAL.csv","BATCH_000051_PHYSICAL.csv",".csv","3169590","2026-08-19T14:32:55.6111357+05:30"
"04_AUTHORITY\IDENTITY_REGISTRY\BATCHES\BATCH_000052_PHYSICAL.csv","BATCH_000052_PHYSICAL.csv",".csv","2954916","2026-08-19T14:32:57.6555135+05:30"
"04_AUTHORITY\IDENTITY_REGISTRY\BATCHES\BATCH_000053_PHYSICAL.csv","BATCH_000053_PHYSICAL.csv",".csv","2998769","2026-08-19T14:32:59.3624598+05:30"
"04_AUTHORITY\IDENTITY_REGISTRY\BATCHES\BATCH_000054_PHYSICAL.csv","BATCH_000054_PHYSICAL.csv",".csv","2995219","2026-08-19T14:33:02.7268004+05:30"
"04_AUTHORITY\IDENTITY_REGISTRY\BATCHES\BATCH_000055_PHYSICAL.csv","BATCH_000055_PHYSICAL.csv",".csv","2830731","2026-08-19T14:33:04.5465332+05:30"
"04_AUTHORITY\IDENTITY_REGISTRY\BATCHES\BATCH_000056_PHYSICAL.csv","BATCH_000056_PHYSICAL.csv",".csv","2781071","2026-08-19T14:33:06.5593067+05:30"
"04_AUTHORITY\IDENTITY_REGISTRY\BATCHES\BATCH_000057_PHYSICAL.csv","BATCH_000057_PHYSICAL.csv",".csv","2703537","2026-08-19T14:33:08.2333578+05:30"
"04_AUTHORITY\IDENTITY_REGISTRY\BATCHES\BATCH_000058_PHYSICAL.csv","BATCH_000058_PHYSICAL.csv",".csv","2776610","2026-08-19T14:33:10.1875940+05:30"
"04_AUTHORITY\IDENTITY_REGISTRY\BATCHES\BATCH_000059_PHYSICAL.csv","BATCH_000059_PHYSICAL.csv",".csv","2850803","2026-08-19T14:33:11.8935756+05:30"
"04_AUTHORITY\IDENTITY_REGISTRY\BATCHES\BATCH_000060_PHYSICAL.csv","BATCH_000060_PHYSICAL.csv",".csv","2993861","2026-08-19T14:33:15.3209008+05:30"
"04_AUTHORITY\IDENTITY_REGISTRY\BATCHES\BATCH_000061_PHYSICAL.csv","BATCH_000061_PHYSICAL.csv",".csv","2792760","2026-08-19T14:33:16.9916873+05:30"
"04_AUTHORITY\IDENTITY_REGISTRY\BATCHES\BATCH_000062_PHYSICAL.csv","BATCH_000062_PHYSICAL.csv",".csv","2792258","2026-08-19T14:33:19.0226351+05:30"
"04_AUTHORITY\IDENTITY_REGISTRY\BATCHES\BATCH_000063_PHYSICAL.csv","BATCH_000063_PHYSICAL.csv",".csv","2800607","2026-08-19T14:33:20.6582108+05:30"
"04_AUTHORITY\IDENTITY_REGISTRY\BATCHES\BATCH_000064_PHYSICAL.csv","BATCH_000064_PHYSICAL.csv",".csv","2773200","2026-08-19T14:33:22.8853267+05:30"
"04_AUTHORITY\IDENTITY_REGISTRY\BATCHES\BATCH_000065_PHYSICAL.csv","BATCH_000065_PHYSICAL.csv",".csv","2770777","2026-08-19T14:33:25.7762881+05:30"
"04_AUTHORITY\IDENTITY_REGISTRY\BATCHES\BATCH_000066_PHYSICAL.csv","BATCH_000066_PHYSICAL.csv",".csv","786371","2026-08-19T14:33:29.8913748+05:30"
"04_AUTHORITY\IDENTITY_REGISTRY\STATE\BATCH_000001.COMMITTED","BATCH_000001.COMMITTED",".committed","59","2026-08-19T14:30:21.8806599+05:30"
"04_AUTHORITY\IDENTITY_REGISTRY\STATE\BATCH_000002.COMMITTED","BATCH_000002.COMMITTED",".committed","59","2026-08-19T14:30:47.8705552+05:30"
"04_AUTHORITY\IDENTITY_REGISTRY\STATE\BATCH_000003.COMMITTED","BATCH_000003.COMMITTED",".committed","59","2026-08-19T14:30:50.3405118+05:30"
"04_AUTHORITY\IDENTITY_REGISTRY\STATE\BATCH_000004.COMMITTED","BATCH_000004.COMMITTED",".committed","59","2026-08-19T14:30:52.3717525+05:30"
"04_AUTHORITY\IDENTITY_REGISTRY\STATE\BATCH_000005.COMMITTED","BATCH_000005.COMMITTED",".committed","59","2026-08-19T14:30:54.5141400+05:30"
"04_AUTHORITY\IDENTITY_REGISTRY\STATE\BATCH_000006.COMMITTED","BATCH_000006.COMMITTED",".committed","59","2026-08-19T14:31:02.1480409+05:30"
"04_AUTHORITY\IDENTITY_REGISTRY\STATE\BATCH_000007.COMMITTED","BATCH_000007.COMMITTED",".committed","59","2026-08-19T14:31:04.3435189+05:30"
"04_AUTHORITY\IDENTITY_REGISTRY\STATE\BATCH_000008.COMMITTED","BATCH_000008.COMMITTED",".committed","59","2026-08-19T14:31:07.6796147+05:30"
"04_AUTHORITY\IDENTITY_REGISTRY\STATE\BATCH_000009.COMMITTED","BATCH_000009.COMMITTED",".committed","59","2026-08-19T14:31:09.5128082+05:30"
"04_AUTHORITY\IDENTITY_REGISTRY\STATE\BATCH_000010.COMMITTED","BATCH_000010.COMMITTED",".committed","59","2026-08-19T14:31:11.8842903+05:30"
"04_AUTHORITY\IDENTITY_REGISTRY\STATE\BATCH_000011.COMMITTED","BATCH_000011.COMMITTED",".committed","59","2026-08-19T14:31:13.6845488+05:30"
"04_AUTHORITY\IDENTITY_REGISTRY\STATE\BATCH_000012.COMMITTED","BATCH_000012.COMMITTED",".committed","59","2026-08-19T14:31:15.6144229+05:30"
"04_AUTHORITY\IDENTITY_REGISTRY\STATE\BATCH_000013.COMMITTED","BATCH_000013.COMMITTED",".committed","59","2026-08-19T14:31:17.4053092+05:30"
"04_AUTHORITY\IDENTITY_REGISTRY\STATE\BATCH_000014.COMMITTED","BATCH_000014.COMMITTED",".committed","59","2026-08-19T14:31:20.8401614+05:30"
"04_AUTHORITY\IDENTITY_REGISTRY\STATE\BATCH_000015.COMMITTED","BATCH_000015.COMMITTED",".committed","59","2026-08-19T14:31:22.5968802+05:30"
"04_AUTHORITY\IDENTITY_REGISTRY\STATE\BATCH_000016.COMMITTED","BATCH_000016.COMMITTED",".committed","59","2026-08-19T14:31:24.7467098+05:30"
"04_AUTHORITY\IDENTITY_REGISTRY\STATE\BATCH_000017.COMMITTED","BATCH_000017.COMMITTED",".committed","59","2026-08-19T14:31:26.7280097+05:30"
"04_AUTHORITY\IDENTITY_REGISTRY\STATE\BATCH_000018.COMMITTED","BATCH_000018.COMMITTED",".committed","59","2026-08-19T14:31:28.9403341+05:30"
"04_AUTHORITY\IDENTITY_REGISTRY\STATE\BATCH_000019.COMMITTED","BATCH_000019.COMMITTED",".committed","59","2026-08-19T14:31:30.7588418+05:30"
"04_AUTHORITY\IDENTITY_REGISTRY\STATE\BATCH_000020.COMMITTED","BATCH_000020.COMMITTED",".committed","59","2026-08-19T14:31:33.6086055+05:30"
"04_AUTHORITY\IDENTITY_REGISTRY\STATE\BATCH_000021.COMMITTED","BATCH_000021.COMMITTED",".committed","59","2026-08-19T14:31:36.0515231+05:30"
"04_AUTHORITY\IDENTITY_REGISTRY\STATE\BATCH_000022.COMMITTED","BATCH_000022.COMMITTED",".committed","59","2026-08-19T14:31:43.1608441+05:30"
"04_AUTHORITY\IDENTITY_REGISTRY\STATE\BATCH_000023.COMMITTED","BATCH_000023.COMMITTED",".committed","59","2026-08-19T14:31:45.5734023+05:30"
"04_AUTHORITY\IDENTITY_REGISTRY\STATE\BATCH_000024.COMMITTED","BATCH_000024.COMMITTED",".committed","59","2026-08-19T14:31:48.5099256+05:30"
"04_AUTHORITY\IDENTITY_REGISTRY\STATE\BATCH_000025.COMMITTED","BATCH_000025.COMMITTED",".committed","59","2026-08-19T14:31:50.5968566+05:30"
"04_AUTHORITY\IDENTITY_REGISTRY\STATE\BATCH_000026.COMMITTED","BATCH_000026.COMMITTED",".committed","59","2026-08-19T14:31:53.4086103+05:30"
"04_AUTHORITY\IDENTITY_REGISTRY\STATE\BATCH_000027.COMMITTED","BATCH_000027.COMMITTED",".committed","59","2026-08-19T14:31:56.9836483+05:30"
"04_AUTHORITY\IDENTITY_REGISTRY\STATE\BATCH_000028.COMMITTED","BATCH_000028.COMMITTED",".committed","59","2026-08-19T14:32:00.3596648+05:30"
"04_AUTHORITY\IDENTITY_REGISTRY\STATE\BATCH_000029.COMMITTED","BATCH_000029.COMMITTED",".committed","59","2026-08-19T14:32:05.8866976+05:30"
"04_AUTHORITY\IDENTITY_REGISTRY\STATE\BATCH_000030.COMMITTED","BATCH_000030.COMMITTED",".committed","59","2026-08-19T14:32:08.6269922+05:30"
"04_AUTHORITY\IDENTITY_REGISTRY\STATE\BATCH_000031.COMMITTED","BATCH_000031.COMMITTED",".committed","59","2026-08-19T14:32:10.7896227+05:30"
"04_AUTHORITY\IDENTITY_REGISTRY\STATE\BATCH_000032.COMMITTED","BATCH_000032.COMMITTED",".committed","59","2026-08-19T14:32:12.6607175+05:30"
"04_AUTHORITY\IDENTITY_REGISTRY\STATE\BATCH_000033.COMMITTED","BATCH_000033.COMMITTED",".committed","59","2026-08-19T14:32:14.9297287+05:30"
"04_AUTHORITY\IDENTITY_REGISTRY\STATE\BATCH_000034.COMMITTED","BATCH_000034.COMMITTED",".committed","59","2026-08-19T14:32:16.5139909+05:30"
"04_AUTHORITY\IDENTITY_REGISTRY\STATE\BATCH_000035.COMMITTED","BATCH_000035.COMMITTED",".committed","59","2026-08-19T14:32:19.9089232+05:30"
"04_AUTHORITY\IDENTITY_REGISTRY\STATE\BATCH_000036.COMMITTED","BATCH_000036.COMMITTED",".committed","59","2026-08-19T14:32:21.5608835+05:30"
"04_AUTHORITY\IDENTITY_REGISTRY\STATE\BATCH_000037.COMMITTED","BATCH_000037.COMMITTED",".committed","59","2026-08-19T14:32:23.6257972+05:30"
"04_AUTHORITY\IDENTITY_REGISTRY\STATE\BATCH_000038.COMMITTED","BATCH_000038.COMMITTED",".committed","59","2026-08-19T14:32:25.4530679+05:30"
"04_AUTHORITY\IDENTITY_REGISTRY\STATE\BATCH_000039.COMMITTED","BATCH_000039.COMMITTED",".committed","59","2026-08-19T14:32:27.4283926+05:30"
"04_AUTHORITY\IDENTITY_REGISTRY\STATE\BATCH_000040.COMMITTED","BATCH_000040.COMMITTED",".committed","59","2026-08-19T14:32:29.1395144+05:30"
"04_AUTHORITY\IDENTITY_REGISTRY\STATE\BATCH_000041.COMMITTED","BATCH_000041.COMMITTED",".committed","59","2026-08-19T14:32:32.7286747+05:30"
"04_AUTHORITY\IDENTITY_REGISTRY\STATE\BATCH_000042.COMMITTED","BATCH_000042.COMMITTED",".committed","59","2026-08-19T14:32:34.4056530+05:30"
"04_AUTHORITY\IDENTITY_REGISTRY\STATE\BATCH_000043.COMMITTED","BATCH_000043.COMMITTED",".committed","59","2026-08-19T14:32:37.3373017+05:30"
"04_AUTHORITY\IDENTITY_REGISTRY\STATE\BATCH_000044.COMMITTED","BATCH_000044.COMMITTED",".committed","59","2026-08-19T14:32:41.2029866+05:30"
"04_AUTHORITY\IDENTITY_REGISTRY\STATE\BATCH_000045.COMMITTED","BATCH_000045.COMMITTED",".committed","59","2026-08-19T14:32:43.1831030+05:30"
"04_AUTHORITY\IDENTITY_REGISTRY\STATE\BATCH_000046.COMMITTED","BATCH_000046.COMMITTED",".committed","59","2026-08-19T14:32:45.0429876+05:30"
"04_AUTHORITY\IDENTITY_REGISTRY\STATE\BATCH_000047.COMMITTED","BATCH_000047.COMMITTED",".committed","59","2026-08-19T14:32:46.9424622+05:30"
"04_AUTHORITY\IDENTITY_REGISTRY\STATE\BATCH_000048.COMMITTED","BATCH_000048.COMMITTED",".committed","59","2026-08-19T14:32:50.5297038+05:30"
"04_AUTHORITY\IDENTITY_REGISTRY\STATE\BATCH_000049.COMMITTED","BATCH_000049.COMMITTED",".committed","59","2026-08-19T14:32:52.2382092+05:30"
"04_AUTHORITY\IDENTITY_REGISTRY\STATE\BATCH_000050.COMMITTED","BATCH_000050.COMMITTED",".committed","59","2026-08-19T14:32:54.3014106+05:30"
"04_AUTHORITY\IDENTITY_REGISTRY\STATE\BATCH_000051.COMMITTED","BATCH_000051.COMMITTED",".committed","59","2026-08-19T14:32:55.9371336+05:30"
"04_AUTHORITY\IDENTITY_REGISTRY\STATE\BATCH_000052.COMMITTED","BATCH_000052.COMMITTED",".committed","59","2026-08-19T14:32:57.9791361+05:30"
"04_AUTHORITY\IDENTITY_REGISTRY\STATE\BATCH_000053.COMMITTED","BATCH_000053.COMMITTED",".committed","59","2026-08-19T14:32:59.7063392+05:30"
"04_AUTHORITY\IDENTITY_REGISTRY\STATE\BATCH_000054.COMMITTED","BATCH_000054.COMMITTED",".committed","59","2026-08-19T14:33:03.0214561+05:30"
"04_AUTHORITY\IDENTITY_REGISTRY\STATE\BATCH_000055.COMMITTED","BATCH_000055.COMMITTED",".committed","59","2026-08-19T14:33:04.8724838+05:30"
"04_AUTHORITY\IDENTITY_REGISTRY\STATE\BATCH_000056.COMMITTED","BATCH_000056.COMMITTED",".committed","59","2026-08-19T14:33:06.9567503+05:30"
"04_AUTHORITY\IDENTITY_REGISTRY\STATE\BATCH_000057.COMMITTED","BATCH_000057.COMMITTED",".committed","59","2026-08-19T14:33:08.6235334+05:30"
"04_AUTHORITY\IDENTITY_REGISTRY\STATE\BATCH_000058.COMMITTED","BATCH_000058.COMMITTED",".committed","59","2026-08-19T14:33:10.5309124+05:30"
"04_AUTHORITY\IDENTITY_REGISTRY\STATE\BATCH_000059.COMMITTED","BATCH_000059.COMMITTED",".committed","59","2026-08-19T14:33:12.2181725+05:30"
"04_AUTHORITY\IDENTITY_REGISTRY\STATE\BATCH_000060.COMMITTED","BATCH_000060.COMMITTED",".committed","59","2026-08-19T14:33:15.6211311+05:30"
"04_AUTHORITY\IDENTITY_REGISTRY\STATE\BATCH_000061.COMMITTED","BATCH_000061.COMMITTED",".committed","59","2026-08-19T14:33:17.3283973+05:30"
"04_AUTHORITY\IDENTITY_REGISTRY\STATE\BATCH_000062.COMMITTED","BATCH_000062.COMMITTED",".committed","59","2026-08-19T14:33:19.3279404+05:30"
"04_AUTHORITY\IDENTITY_REGISTRY\STATE\BATCH_000063.COMMITTED","BATCH_000063.COMMITTED",".committed","59","2026-08-19T14:33:20.9742853+05:30"
"04_AUTHORITY\IDENTITY_REGISTRY\STATE\BATCH_000064.COMMITTED","BATCH_000064.COMMITTED",".committed","59","2026-08-19T14:33:23.2805314+05:30"
"04_AUTHORITY\IDENTITY_REGISTRY\STATE\BATCH_000065.COMMITTED","BATCH_000065.COMMITTED",".committed","59","2026-08-19T14:33:26.2431512+05:30"
"04_AUTHORITY\IDENTITY_REGISTRY\STATE\BATCH_000066.COMMITTED","BATCH_000066.COMMITTED",".committed","59","2026-08-19T14:33:30.0387548+05:30"
"04_AUTHORITY\IDENTITY_REGISTRY\STATE\IDENTITY_REGISTRY_COMPLETE.flag","IDENTITY_REGISTRY_COMPLETE.flag",".flag","47","2026-08-19T14:13:01.6081636+05:30"
"04_AUTHORITY\SOURCE_CARDS\15_MODULE_IDENTITY_CENSUS.md","15_MODULE_IDENTITY_CENSUS.md",".md","500","2026-08-19T13:50:21.7088160+05:30"
"04_AUTHORITY\SOURCE_CARDS\16_MODULE_IMPLEMENTATION_MAP.md","16_MODULE_IMPLEMENTATION_MAP.md",".md","510","2026-08-19T13:50:21.7105050+05:30"
"04_AUTHORITY\SOURCE_CARDS\17_MODULE_CONTENT_FINGERPRINT.md","17_MODULE_CONTENT_FINGERPRINT.md",".md","505","2026-08-19T13:50:21.7117219+05:30"
"04_AUTHORITY\SOURCE_CARDS\18_MODULE_VARIANT_LINEAGE.md","18_MODULE_VARIANT_LINEAGE.md",".md","520","2026-08-19T13:50:21.7128897+05:30"
"04_AUTHORITY\SOURCE_CARDS\22_MODULE_FUNCTION_FORENSICS.md","22_MODULE_FUNCTION_FORENSICS.md",".md","511","2026-08-19T13:50:21.7199843+05:30"
"04_AUTHORITY\SOURCE_CARDS\25_MODULE_AUTHORITY.md","25_MODULE_AUTHORITY.md",".md","465","2026-08-19T13:50:21.7224691+05:30"
"04_AUTHORITY\SOURCE_CARDS\27_TIER1_VARIANT_COMPARE.md","27_TIER1_VARIANT_COMPARE.md",".md","497","2026-08-19T13:50:21.7224691+05:30"
"04_VARIANT_CARDS\M018-00161.json","M018-00161.json",".json","732","2026-08-19T11:02:20.1552261+05:30"
"04_VARIANT_CARDS\M018-00162.json","M018-00162.json",".json","731","2026-08-19T11:02:20.1595113+05:30"
"04_VARIANT_CARDS\M018-00163.json","M018-00163.json",".json","732","2026-08-19T11:02:20.1623900+05:30"
"04_VARIANT_CARDS\M018-00164.json","M018-00164.json",".json","733","2026-08-19T11:02:20.1623900+05:30"
"04_VARIANT_CARDS\M018-00165.json","M018-00165.json",".json","731","2026-08-19T11:02:20.1623900+05:30"
"04_VARIANT_CARDS\M018-00166.json","M018-00166.json",".json","732","2026-08-19T11:02:20.1674426+05:30"
"04_VARIANT_CARDS\M018-00167.json","M018-00167.json",".json","727","2026-08-19T11:02:20.1686490+05:30"
"04_VARIANT_CARDS\M018-00168.json","M018-00168.json",".json","726","2026-08-19T11:02:20.1686490+05:30"
"04_VARIANT_CARDS\M018-00169.json","M018-00169.json",".json","727","2026-08-19T11:02:20.1731040+05:30"
"04_VARIANT_CARDS\M018-00170.json","M018-00170.json",".json","726","2026-08-19T11:02:20.1745298+05:30"
"04_VARIANT_CARDS\M018-00171.json","M018-00171.json",".json","727","2026-08-19T11:02:20.1745298+05:30"
"04_VARIANT_CARDS\M018-00172.json","M018-00172.json",".json","728","2026-08-19T11:02:20.1775236+05:30"
"04_VARIANT_CARDS\M018-00173.json","M018-00173.json",".json","729","2026-08-19T11:02:20.1775236+05:30"
"04_VARIANT_CARDS\M018-00174.json","M018-00174.json",".json","730","2026-08-19T11:02:20.1775236+05:30"
"04_VARIANT_CARDS\M018-00175.json","M018-00175.json",".json","729","2026-08-19T11:02:20.1832421+05:30"
"04_VARIANT_CARDS\M018-00176.json","M018-00176.json",".json","728","2026-08-19T11:02:20.1848783+05:30"
"04_VARIANT_CARDS\M018-00177.json","M018-00177.json",".json","728","2026-08-19T11:02:20.1919274+05:30"
"04_VARIANT_CARDS\M018-00178.json","M018-00178.json",".json","729","2026-08-19T11:02:20.1950297+05:30"
"04_VARIANT_CARDS\M018-00179.json","M018-00179.json",".json","689","2026-08-19T11:02:20.1979174+05:30"
"04_VARIANT_CARDS\M022-00081.json","M022-00081.json",".json","732","2026-08-19T11:02:19.9762530+05:30"
"04_VARIANT_CARDS\M022-00082.json","M022-00082.json",".json","732","2026-08-19T11:02:19.9762530+05:30"
"04_VARIANT_CARDS\M022-00083.json","M022-00083.json",".json","733","2026-08-19T11:02:19.9762530+05:30"
"04_VARIANT_CARDS\M022-00084.json","M022-00084.json",".json","733","2026-08-19T11:02:19.9762530+05:30"
"04_VARIANT_CARDS\M022-00085.json","M022-00085.json",".json","732","2026-08-19T11:02:19.9762530+05:30"
"04_VARIANT_CARDS\M022-00086.json","M022-00086.json",".json","732","2026-08-19T11:02:19.9762530+05:30"
"04_VARIANT_CARDS\M022-00087.json","M022-00087.json",".json","727","2026-08-19T11:02:19.9762530+05:30"
"04_VARIANT_CARDS\M022-00088.json","M022-00088.json",".json","727","2026-08-19T11:02:19.9921080+05:30"
"04_VARIANT_CARDS\M022-00089.json","M022-00089.json",".json","727","2026-08-19T11:02:19.9936828+05:30"
"04_VARIANT_CARDS\M022-00090.json","M022-00090.json",".json","727","2026-08-19T11:02:19.9951997+05:30"
"04_VARIANT_CARDS\M022-00091.json","M022-00091.json",".json","728","2026-08-19T11:02:19.9951997+05:30"
"04_VARIANT_CARDS\M022-00092.json","M022-00092.json",".json","728","2026-08-19T11:02:19.9986326+05:30"
"04_VARIANT_CARDS\M022-00093.json","M022-00093.json",".json","730","2026-08-19T11:02:19.9986326+05:30"
"04_VARIANT_CARDS\M022-00094.json","M022-00094.json",".json","730","2026-08-19T11:02:19.9986326+05:30"
"04_VARIANT_CARDS\M022-00095.json","M022-00095.json",".json","729","2026-08-19T11:02:20.0080006+05:30"
"04_VARIANT_CARDS\M022-00096.json","M022-00096.json",".json","729","2026-08-19T11:02:20.0080006+05:30"
"04_VARIANT_CARDS\M022-00097.json","M022-00097.json",".json","729","2026-08-19T11:02:20.0080006+05:30"
"04_VARIANT_CARDS\M022-00098.json","M022-00098.json",".json","729","2026-08-19T11:02:20.0142965+05:30"
"04_VARIANT_CARDS\M022-00099.json","M022-00099.json",".json","689","2026-08-19T11:02:20.0142965+05:30"
"04_VARIANT_CARDS\M023-00001.json","M023-00001.json",".json","732","2026-08-19T11:02:19.8028805+05:30"
"04_VARIANT_CARDS\M023-00002.json","M023-00002.json",".json","732","2026-08-19T11:02:19.8039550+05:30"
"04_VARIANT_CARDS\M023-00003.json","M023-00003.json",".json","733","2026-08-19T11:02:19.8039550+05:30"
"04_VARIANT_CARDS\M023-00004.json","M023-00004.json",".json","733","2026-08-19T11:02:19.8039550+05:30"
"04_VARIANT_CARDS\M023-00005.json","M023-00005.json",".json","732","2026-08-19T11:02:19.8103773+05:30"
"04_VARIANT_CARDS\M023-00006.json","M023-00006.json",".json","732","2026-08-19T11:02:19.8103773+05:30"
"04_VARIANT_CARDS\M023-00007.json","M023-00007.json",".json","727","2026-08-19T11:02:19.8135059+05:30"
"04_VARIANT_CARDS\M023-00008.json","M023-00008.json",".json","727","2026-08-19T11:02:19.8135059+05:30"
"04_VARIANT_CARDS\M023-00009.json","M023-00009.json",".json","727","2026-08-19T11:02:19.8198202+05:30"
"04_VARIANT_CARDS\M023-00010.json","M023-00010.json",".json","727","2026-08-19T11:02:19.8198202+05:30"
"04_VARIANT_CARDS\M023-00011.json","M023-00011.json",".json","728","2026-08-19T11:02:19.8198202+05:30"
"04_VARIANT_CARDS\M023-00012.json","M023-00012.json",".json","728","2026-08-19T11:02:19.8198202+05:30"
"04_VARIANT_CARDS\M023-00013.json","M023-00013.json",".json","730","2026-08-19T11:02:19.8269331+05:30"
"04_VARIANT_CARDS\M023-00014.json","M023-00014.json",".json","730","2026-08-19T11:02:19.8291416+05:30"
"04_VARIANT_CARDS\M023-00015.json","M023-00015.json",".json","729","2026-08-19T11:02:19.8376616+05:30"
"04_VARIANT_CARDS\M023-00016.json","M023-00016.json",".json","729","2026-08-19T11:02:19.8376616+05:30"
"04_VARIANT_CARDS\M023-00017.json","M023-00017.json",".json","729","2026-08-19T11:02:19.8472622+05:30"
"04_VARIANT_CARDS\M023-00018.json","M023-00018.json",".json","729","2026-08-19T11:02:19.8492731+05:30"
"04_VARIANT_CARDS\M023-00019.json","M023-00019.json",".json","689","2026-08-19T11:02:19.8512833+05:30"
"04_VARIANT_CARDS\M081-00061.json","M081-00061.json",".json","732","2026-08-19T11:02:19.9287243+05:30"
"04_VARIANT_CARDS\M081-00062.json","M081-00062.json",".json","732","2026-08-19T11:02:19.9287243+05:30"
"04_VARIANT_CARDS\M081-00063.json","M081-00063.json",".json","733","2026-08-19T11:02:19.9434948+05:30"
"04_VARIANT_CARDS\M081-00064.json","M081-00064.json",".json","733","2026-08-19T11:02:19.9445155+05:30"
"04_VARIANT_CARDS\M081-00065.json","M081-00065.json",".json","732","2026-08-19T11:02:19.9445155+05:30"
"04_VARIANT_CARDS\M081-00066.json","M081-00066.json",".json","732","2026-08-19T11:02:19.9490209+05:30"
"04_VARIANT_CARDS\M081-00067.json","M081-00067.json",".json","727","2026-08-19T11:02:19.9490209+05:30"
"04_VARIANT_CARDS\M081-00068.json","M081-00068.json",".json","727","2026-08-19T11:02:19.9490209+05:30"
"04_VARIANT_CARDS\M081-00069.json","M081-00069.json",".json","727","2026-08-19T11:02:19.9490209+05:30"
"04_VARIANT_CARDS\M081-00070.json","M081-00070.json",".json","727","2026-08-19T11:02:19.9553464+05:30"
"04_VARIANT_CARDS\M081-00071.json","M081-00071.json",".json","728","2026-08-19T11:02:19.9604604+05:30"
"04_VARIANT_CARDS\M081-00072.json","M081-00072.json",".json","728","2026-08-19T11:02:19.9604604+05:30"
"04_VARIANT_CARDS\M081-00073.json","M081-00073.json",".json","730","2026-08-19T11:02:19.9604604+05:30"
"04_VARIANT_CARDS\M081-00074.json","M081-00074.json",".json","730","2026-08-19T11:02:19.9604604+05:30"
"04_VARIANT_CARDS\M081-00075.json","M081-00075.json",".json","729","2026-08-19T11:02:19.9604604+05:30"
"04_VARIANT_CARDS\M081-00076.json","M081-00076.json",".json","729","2026-08-19T11:02:19.9604604+05:30"
"04_VARIANT_CARDS\M081-00077.json","M081-00077.json",".json","729","2026-08-19T11:02:19.9715777+05:30"
"04_VARIANT_CARDS\M081-00078.json","M081-00078.json",".json","729","2026-08-19T11:02:19.9733611+05:30"
"04_VARIANT_CARDS\M081-00079.json","M081-00079.json",".json","689","2026-08-19T11:02:19.9733611+05:30"
"04_VARIANT_CARDS\M082-00021.json","M082-00021.json",".json","732","2026-08-19T11:02:19.8552995+05:30"
"04_VARIANT_CARDS\M082-00022.json","M082-00022.json",".json","732","2026-08-19T11:02:19.8573080+05:30"
"04_VARIANT_CARDS\M082-00023.json","M082-00023.json",".json","733","2026-08-19T11:02:19.8593162+05:30"
"04_VARIANT_CARDS\M082-00024.json","M082-00024.json",".json","733","2026-08-19T11:02:19.8633342+05:30"
"04_VARIANT_CARDS\M082-00025.json","M082-00025.json",".json","732","2026-08-19T11:02:19.8650820+05:30"
"04_VARIANT_CARDS\M082-00026.json","M082-00026.json",".json","732","2026-08-19T11:02:19.8670907+05:30"
"04_VARIANT_CARDS\M082-00027.json","M082-00027.json",".json","727","2026-08-19T11:02:19.8690986+05:30"
"04_VARIANT_CARDS\M082-00028.json","M082-00028.json",".json","727","2026-08-19T11:02:19.8711086+05:30"
"04_VARIANT_CARDS\M082-00029.json","M082-00029.json",".json","727","2026-08-19T11:02:19.8731159+05:30"
"04_VARIANT_CARDS\M082-00030.json","M082-00030.json",".json","727","2026-08-19T11:02:19.8751229+05:30"
"04_VARIANT_CARDS\M082-00031.json","M082-00031.json",".json","728","2026-08-19T11:02:19.8771311+05:30"
"04_VARIANT_CARDS\M082-00032.json","M082-00032.json",".json","728","2026-08-19T11:02:19.8808869+05:30"
"04_VARIANT_CARDS\M082-00033.json","M082-00033.json",".json","730","2026-08-19T11:02:19.8821509+05:30"
"04_VARIANT_CARDS\M082-00034.json","M082-00034.json",".json","730","2026-08-19T11:02:19.8846938+05:30"
"04_VARIANT_CARDS\M082-00035.json","M082-00035.json",".json","729","2026-08-19T11:02:19.8846938+05:30"
"04_VARIANT_CARDS\M082-00036.json","M082-00036.json",".json","729","2026-08-19T11:02:19.8846938+05:30"
"04_VARIANT_CARDS\M082-00037.json","M082-00037.json",".json","729","2026-08-19T11:02:19.8846938+05:30"
"04_VARIANT_CARDS\M082-00038.json","M082-00038.json",".json","729","2026-08-19T11:02:19.8846938+05:30"
"04_VARIANT_CARDS\M082-00039.json","M082-00039.json",".json","689","2026-08-19T11:02:19.8846938+05:30"
"04_VARIANT_CARDS\M083-00041.json","M083-00041.json",".json","732","2026-08-19T11:02:19.8966083+05:30"
"04_VARIANT_CARDS\M083-00042.json","M083-00042.json",".json","731","2026-08-19T11:02:19.8966083+05:30"
"04_VARIANT_CARDS\M083-00043.json","M083-00043.json",".json","732","2026-08-19T11:02:19.8966083+05:30"
"04_VARIANT_CARDS\M083-00044.json","M083-00044.json",".json","733","2026-08-19T11:02:19.8966083+05:30"
"04_VARIANT_CARDS\M083-00045.json","M083-00045.json",".json","731","2026-08-19T11:02:19.8966083+05:30"
"04_VARIANT_CARDS\M083-00046.json","M083-00046.json",".json","732","2026-08-19T11:02:19.8966083+05:30"
"04_VARIANT_CARDS\M083-00047.json","M083-00047.json",".json","727","2026-08-19T11:02:19.8966083+05:30"
"04_VARIANT_CARDS\M083-00048.json","M083-00048.json",".json","726","2026-08-19T11:02:19.9109197+05:30"
"04_VARIANT_CARDS\M083-00049.json","M083-00049.json",".json","727","2026-08-19T11:02:19.9127278+05:30"
"04_VARIANT_CARDS\M083-00050.json","M083-00050.json",".json","726","2026-08-19T11:02:19.9139306+05:30"
"04_VARIANT_CARDS\M083-00051.json","M083-00051.json",".json","727","2026-08-19T11:02:19.9170399+05:30"
"04_VARIANT_CARDS\M083-00052.json","M083-00052.json",".json","728","2026-08-19T11:02:19.9193562+05:30"
"04_VARIANT_CARDS\M083-00053.json","M083-00053.json",".json","729","2026-08-19T11:02:19.9193562+05:30"
"04_VARIANT_CARDS\M083-00054.json","M083-00054.json",".json","730","2026-08-19T11:02:19.9193562+05:30"
"04_VARIANT_CARDS\M083-00055.json","M083-00055.json",".json","729","2026-08-19T11:02:19.9287243+05:30"
"04_VARIANT_CARDS\M083-00056.json","M083-00056.json",".json","728","2026-08-19T11:02:19.9287243+05:30"
"04_VARIANT_CARDS\M083-00057.json","M083-00057.json",".json","728","2026-08-19T11:02:19.9287243+05:30"
"04_VARIANT_CARDS\M083-00058.json","M083-00058.json",".json","729","2026-08-19T11:02:19.9287243+05:30"
"04_VARIANT_CARDS\M083-00059.json","M083-00059.json",".json","689","2026-08-19T11:02:19.9287243+05:30"
"04_VARIANT_CARDS\M084-00101.json","M084-00101.json",".json","732","2026-08-19T11:02:20.0211012+05:30"
"04_VARIANT_CARDS\M084-00102.json","M084-00102.json",".json","732","2026-08-19T11:02:20.0224159+05:30"
"04_VARIANT_CARDS\M084-00103.json","M084-00103.json",".json","733","2026-08-19T11:02:20.0241081+05:30"
"04_VARIANT_CARDS\M084-00104.json","M084-00104.json",".json","733","2026-08-19T11:02:20.0241081+05:30"
"04_VARIANT_CARDS\M084-00105.json","M084-00105.json",".json","732","2026-08-19T11:02:20.0241081+05:30"
"04_VARIANT_CARDS\M084-00106.json","M084-00106.json",".json","732","2026-08-19T11:02:20.0303302+05:30"
"04_VARIANT_CARDS\M084-00107.json","M084-00107.json",".json","727","2026-08-19T11:02:20.0323384+05:30"
"04_VARIANT_CARDS\M084-00108.json","M084-00108.json",".json","727","2026-08-19T11:02:20.0323384+05:30"
"04_VARIANT_CARDS\M084-00109.json","M084-00109.json",".json","727","2026-08-19T11:02:20.0323384+05:30"
"04_VARIANT_CARDS\M084-00110.json","M084-00110.json",".json","727","2026-08-19T11:02:20.0412996+05:30"
"04_VARIANT_CARDS\M084-00111.json","M084-00111.json",".json","728","2026-08-19T11:02:20.0412996+05:30"
"04_VARIANT_CARDS\M084-00112.json","M084-00112.json",".json","728","2026-08-19T11:02:20.0481587+05:30"
"04_VARIANT_CARDS\M084-00113.json","M084-00113.json",".json","730","2026-08-19T11:02:20.0522319+05:30"
"04_VARIANT_CARDS\M084-00114.json","M084-00114.json",".json","730","2026-08-19T11:02:20.0535745+05:30"
"04_VARIANT_CARDS\M084-00115.json","M084-00115.json",".json","729","2026-08-19T11:02:20.0560957+05:30"
"04_VARIANT_CARDS\M084-00116.json","M084-00116.json",".json","729","2026-08-19T11:02:20.0560957+05:30"
"04_VARIANT_CARDS\M084-00117.json","M084-00117.json",".json","729","2026-08-19T11:02:20.0560957+05:30"
"04_VARIANT_CARDS\M084-00118.json","M084-00118.json",".json","729","2026-08-19T11:02:20.0626100+05:30"
"04_VARIANT_CARDS\M084-00119.json","M084-00119.json",".json","689","2026-08-19T11:02:20.0626100+05:30"
"04_VARIANT_CARDS\M086-00141.json","M086-00141.json",".json","732","2026-08-19T11:02:20.1104511+05:30"
"04_VARIANT_CARDS\M086-00142.json","M086-00142.json",".json","732","2026-08-19T11:02:20.1104511+05:30"
"04_VARIANT_CARDS\M086-00143.json","M086-00143.json",".json","733","2026-08-19T11:02:20.1104511+05:30"
"04_VARIANT_CARDS\M086-00144.json","M086-00144.json",".json","733","2026-08-19T11:02:20.1171610+05:30"
"04_VARIANT_CARDS\M086-00145.json","M086-00145.json",".json","732","2026-08-19T11:02:20.1197047+05:30"
"04_VARIANT_CARDS\M086-00146.json","M086-00146.json",".json","732","2026-08-19T11:02:20.1197047+05:30"
"04_VARIANT_CARDS\M086-00147.json","M086-00147.json",".json","727","2026-08-19T11:02:20.1270967+05:30"
"04_VARIANT_CARDS\M086-00148.json","M086-00148.json",".json","727","2026-08-19T11:02:20.1286157+05:30"
"04_VARIANT_CARDS\M086-00149.json","M086-00149.json",".json","727","2026-08-19T11:02:20.1318828+05:30"
"04_VARIANT_CARDS\M086-00150.json","M086-00150.json",".json","727","2026-08-19T11:02:20.1318828+05:30"
"04_VARIANT_CARDS\M086-00151.json","M086-00151.json",".json","728","2026-08-19T11:02:20.1318828+05:30"
"04_VARIANT_CARDS\M086-00152.json","M086-00152.json",".json","728","2026-08-19T11:02:20.1367602+05:30"
"04_VARIANT_CARDS\M086-00153.json","M086-00153.json",".json","730","2026-08-19T11:02:20.1388326+05:30"
"04_VARIANT_CARDS\M086-00154.json","M086-00154.json",".json","730","2026-08-19T11:02:20.1407058+05:30"
"04_VARIANT_CARDS\M086-00155.json","M086-00155.json",".json","729","2026-08-19T11:02:20.1421641+05:30"
"04_VARIANT_CARDS\M086-00156.json","M086-00156.json",".json","729","2026-08-19T11:02:20.1435261+05:30"
"04_VARIANT_CARDS\M086-00157.json","M086-00157.json",".json","729","2026-08-19T11:02:20.1452518+05:30"
"04_VARIANT_CARDS\M086-00158.json","M086-00158.json",".json","729","2026-08-19T11:02:20.1467036+05:30"
"04_VARIANT_CARDS\M086-00159.json","M086-00159.json",".json","689","2026-08-19T11:02:20.1480817+05:30"
"04_VARIANT_CARDS\M087-00121.json","M087-00121.json",".json","732","2026-08-19T11:02:20.0675092+05:30"
"04_VARIANT_CARDS\M087-00122.json","M087-00122.json",".json","731","2026-08-19T11:02:20.0688804+05:30"
"04_VARIANT_CARDS\M087-00123.json","M087-00123.json",".json","732","2026-08-19T11:02:20.0706512+05:30"
"04_VARIANT_CARDS\M087-00124.json","M087-00124.json",".json","733","2026-08-19T11:02:20.0721649+05:30"
"04_VARIANT_CARDS\M087-00125.json","M087-00125.json",".json","731","2026-08-19T11:02:20.0754902+05:30"
"04_VARIANT_CARDS\M087-00126.json","M087-00126.json",".json","732","2026-08-19T11:02:20.0819378+05:30"
"04_VARIANT_CARDS\M087-00127.json","M087-00127.json",".json","727","2026-08-19T11:02:20.0839480+05:30"
"04_VARIANT_CARDS\M087-00128.json","M087-00128.json",".json","726","2026-08-19T11:02:20.0859553+05:30"
"04_VARIANT_CARDS\M087-00129.json","M087-00129.json",".json","727","2026-08-19T11:02:20.0892961+05:30"
"04_VARIANT_CARDS\M087-00130.json","M087-00130.json",".json","726","2026-08-19T11:02:20.0892961+05:30"
"04_VARIANT_CARDS\M087-00131.json","M087-00131.json",".json","727","2026-08-19T11:02:20.0948421+05:30"
"04_VARIANT_CARDS\M087-00132.json","M087-00132.json",".json","728","2026-08-19T11:02:20.0948421+05:30"
"04_VARIANT_CARDS\M087-00133.json","M087-00133.json",".json","729","2026-08-19T11:02:20.0984988+05:30"
"04_VARIANT_CARDS\M087-00134.json","M087-00134.json",".json","730","2026-08-19T11:02:20.0984988+05:30"
"04_VARIANT_CARDS\M087-00135.json","M087-00135.json",".json","729","2026-08-19T11:02:20.0984988+05:30"
"04_VARIANT_CARDS\M087-00136.json","M087-00136.json",".json","728","2026-08-19T11:02:20.1040156+05:30"
"04_VARIANT_CARDS\M087-00137.json","M087-00137.json",".json","728","2026-08-19T11:02:20.1055786+05:30"
"04_VARIANT_CARDS\M087-00138.json","M087-00138.json",".json","729","2026-08-19T11:02:20.1073734+05:30"
"04_VARIANT_CARDS\M087-00139.json","M087-00139.json",".json","689","2026-08-19T11:02:20.1090330+05:30"
"05_CLASSIFICATION\CONTENT_FAMILY_CATALOGUE.csv","CONTENT_FAMILY_CATALOGUE.csv",".csv","59617132","2026-08-20T08:46:41.9240555+05:30"
"05_RECOVERY_CARDS\REC-00001.json","REC-00001.json",".json","606","2026-08-19T11:02:20.7843057+05:30"
"05_RECOVERY_CARDS\REC-00002.json","REC-00002.json",".json","606","2026-08-19T11:02:20.7843057+05:30"
"05_RECOVERY_CARDS\REC-00003.json","REC-00003.json",".json","606","2026-08-19T11:02:20.7843057+05:30"
"05_RECOVERY_CARDS\REC-00004.json","REC-00004.json",".json","606","2026-08-19T11:02:20.7843057+05:30"
"05_RECOVERY_CARDS\REC-00005.json","REC-00005.json",".json","606","2026-08-19T11:02:20.7843057+05:30"
"05_RECOVERY_CARDS\REC-00006.json","REC-00006.json",".json","606","2026-08-19T11:02:20.7843057+05:30"
"05_RECOVERY_CARDS\REC-00007.json","REC-00007.json",".json","606","2026-08-19T11:02:20.7843057+05:30"
"05_RECOVERY_CARDS\REC-00008.json","REC-00008.json",".json","605","2026-08-19T11:02:20.7843057+05:30"
"05_RECOVERY_CARDS\REC-00009.json","REC-00009.json",".json","604","2026-08-19T11:02:20.7843057+05:30"
"05_RECOVERY_CARDS\REC-00010.json","REC-00010.json",".json","604","2026-08-19T11:02:20.8003229+05:30"
"05_RECOVERY_CARDS\REC-00011.json","REC-00011.json",".json","604","2026-08-19T11:02:20.8003229+05:30"
"05_RECOVERY_CARDS\REC-00012.json","REC-00012.json",".json","606","2026-08-19T11:02:20.8049150+05:30"
"05_RECOVERY_CARDS\REC-00013.json","REC-00013.json",".json","606","2026-08-19T11:02:20.8049150+05:30"
"05_RECOVERY_CARDS\REC-00014.json","REC-00014.json",".json","606","2026-08-19T11:02:20.8049150+05:30"
"05_RECOVERY_CARDS\REC-00015.json","REC-00015.json",".json","606","2026-08-19T11:02:20.8049150+05:30"
"05_RECOVERY_CARDS\REC-00016.json","REC-00016.json",".json","606","2026-08-19T11:02:20.8049150+05:30"
"05_RECOVERY_CARDS\REC-00017.json","REC-00017.json",".json","606","2026-08-19T11:02:20.8162451+05:30"
"05_RECOVERY_CARDS\REC-00018.json","REC-00018.json",".json","606","2026-08-19T11:02:20.8255252+05:30"
"05_RECOVERY_CARDS\REC-00019.json","REC-00019.json",".json","606","2026-08-19T11:02:20.8260303+05:30"
"05_RECOVERY_CARDS\REC-00020.json","REC-00020.json",".json","606","2026-08-19T11:02:20.8280375+05:30"
"05_RECOVERY_CARDS\REC-00021.json","REC-00021.json",".json","606","2026-08-19T11:02:20.8300461+05:30"
"05_RECOVERY_CARDS\REC-00022.json","REC-00022.json",".json","606","2026-08-19T11:02:20.8323376+05:30"
"05_RECOVERY_CARDS\REC-00023.json","REC-00023.json",".json","606","2026-08-19T11:02:20.8338485+05:30"
"05_RECOVERY_CARDS\REC-00024.json","REC-00024.json",".json","605","2026-08-19T11:02:20.8368955+05:30"
"05_RECOVERY_CARDS\REC-00025.json","REC-00025.json",".json","605","2026-08-19T11:02:20.8392201+05:30"
"05_RECOVERY_CARDS\REC-00026.json","REC-00026.json",".json","605","2026-08-19T11:02:20.8410588+05:30"
"05_RECOVERY_CARDS\REC-00027.json","REC-00027.json",".json","605","2026-08-19T11:02:20.8425789+05:30"
"05_RECOVERY_CARDS\REC-00028.json","REC-00028.json",".json","606","2026-08-19T11:02:20.8425789+05:30"
"05_RECOVERY_CARDS\REC-00029.json","REC-00029.json",".json","606","2026-08-19T11:02:20.8425789+05:30"
"05_RECOVERY_CARDS\REC-00030.json","REC-00030.json",".json","606","2026-08-19T11:02:20.8484190+05:30"
"05_RECOVERY_CARDS\REC-00031.json","REC-00031.json",".json","606","2026-08-19T11:02:20.8506688+05:30"
"05_RECOVERY_CARDS\REC-00032.json","REC-00032.json",".json","606","2026-08-19T11:02:20.8506688+05:30"
"05_RECOVERY_CARDS\REC-00033.json","REC-00033.json",".json","606","2026-08-19T11:02:20.8551321+05:30"
"05_RECOVERY_CARDS\REC-00034.json","REC-00034.json",".json","606","2026-08-19T11:02:20.8564076+05:30"
"05_RECOVERY_CARDS\REC-00035.json","REC-00035.json",".json","606","2026-08-19T11:02:20.8583454+05:30"
"05_RECOVERY_CARDS\REC-00036.json","REC-00036.json",".json","606","2026-08-19T11:02:20.8588526+05:30"
"05_RECOVERY_CARDS\REC-00037.json","REC-00037.json",".json","606","2026-08-19T11:02:20.8614740+05:30"
"05_RECOVERY_CARDS\REC-00038.json","REC-00038.json",".json","606","2026-08-19T11:02:20.8628096+05:30"
"05_RECOVERY_CARDS\REC-00039.json","REC-00039.json",".json","606","2026-08-19T11:02:20.8645662+05:30"
"05_RECOVERY_CARDS\REC-00040.json","REC-00040.json",".json","606","2026-08-19T11:02:20.8645662+05:30"
"05_RECOVERY_CARDS\REC-00041.json","REC-00041.json",".json","605","2026-08-19T11:02:20.8645662+05:30"
"05_RECOVERY_CARDS\REC-00042.json","REC-00042.json",".json","605","2026-08-19T11:02:20.8692736+05:30"
"05_RECOVERY_CARDS\REC-00043.json","REC-00043.json",".json","604","2026-08-19T11:02:20.8711989+05:30"
"05_RECOVERY_CARDS\REC-00044.json","REC-00044.json",".json","604","2026-08-19T11:02:20.8711989+05:30"
"05_RECOVERY_CARDS\REC-00045.json","REC-00045.json",".json","606","2026-08-19T11:02:20.8738471+05:30"
"05_RECOVERY_CARDS\REC-00046.json","REC-00046.json",".json","606","2026-08-19T11:02:20.8738471+05:30"
"05_RECOVERY_CARDS\REC-00047.json","REC-00047.json",".json","606","2026-08-19T11:02:20.8768668+05:30"
"05_RECOVERY_CARDS\REC-00048.json","REC-00048.json",".json","606","2026-08-19T11:02:20.8768668+05:30"
"05_RECOVERY_CARDS\REC-00049.json","REC-00049.json",".json","606","2026-08-19T11:02:20.8768668+05:30"
"05_RECOVERY_CARDS\REC-00050.json","REC-00050.json",".json","606","2026-08-19T11:02:20.8804878+05:30"
"05_RECOVERY_CARDS\REC-00051.json","REC-00051.json",".json","606","2026-08-19T11:02:20.8804878+05:30"
"05_RECOVERY_CARDS\REC-00052.json","REC-00052.json",".json","606","2026-08-19T11:02:20.8843912+05:30"
"05_RECOVERY_CARDS\REC-00053.json","REC-00053.json",".json","606","2026-08-19T11:02:20.8857751+05:30"
"05_RECOVERY_CARDS\REC-00054.json","REC-00054.json",".json","606","2026-08-19T11:02:20.8857751+05:30"
"05_RECOVERY_CARDS\REC-00055.json","REC-00055.json",".json","606","2026-08-19T11:02:20.8857751+05:30"
"05_RECOVERY_CARDS\REC-00056.json","REC-00056.json",".json","605","2026-08-19T11:02:20.8916716+05:30"
"05_RECOVERY_CARDS\REC-00057.json","REC-00057.json",".json","605","2026-08-19T11:02:20.8916716+05:30"
"05_RECOVERY_CARDS\REC-00058.json","REC-00058.json",".json","605","2026-08-19T11:02:20.8916716+05:30"
"05_RECOVERY_CARDS\REC-00059.json","REC-00059.json",".json","604","2026-08-19T11:02:20.8965447+05:30"
"05_RECOVERY_CARDS\REC-00060.json","REC-00060.json",".json","604","2026-08-19T11:02:20.8965447+05:30"
"05_RECOVERY_CARDS\REC-00061.json","REC-00061.json",".json","604","2026-08-19T11:02:20.8999774+05:30"
"05_RECOVERY_CARDS\REC-00062.json","REC-00062.json",".json","604","2026-08-19T11:02:20.8999774+05:30"
"05_RECOVERY_CARDS\REC-00063.json","REC-00063.json",".json","604","2026-08-19T11:02:20.9032573+05:30"
"05_RECOVERY_CARDS\REC-00064.json","REC-00064.json",".json","606","2026-08-19T11:02:20.9032573+05:30"
"05_RECOVERY_CARDS\REC-00065.json","REC-00065.json",".json","606","2026-08-19T11:02:20.9117140+05:30"
"05_RECOVERY_CARDS\REC-00066.json","REC-00066.json",".json","606","2026-08-19T11:02:20.9117140+05:30"
"05_RECOVERY_CARDS\REC-00067.json","REC-00067.json",".json","606","2026-08-19T11:02:20.9117140+05:30"
"05_RECOVERY_CARDS\REC-00068.json","REC-00068.json",".json","606","2026-08-19T11:02:20.9117140+05:30"
"05_RECOVERY_CARDS\REC-00069.json","REC-00069.json",".json","606","2026-08-19T11:02:20.9117140+05:30"
"05_RECOVERY_CARDS\REC-00070.json","REC-00070.json",".json","606","2026-08-19T11:02:20.9117140+05:30"
"05_RECOVERY_CARDS\REC-00071.json","REC-00071.json",".json","606","2026-08-19T11:02:20.9117140+05:30"
"05_RECOVERY_CARDS\REC-00072.json","REC-00072.json",".json","606","2026-08-19T11:02:20.9117140+05:30"
"05_RECOVERY_CARDS\REC-00073.json","REC-00073.json",".json","606","2026-08-19T11:02:20.9117140+05:30"
"05_RECOVERY_CARDS\REC-00074.json","REC-00074.json",".json","606","2026-08-19T11:02:20.9117140+05:30"
"05_RECOVERY_CARDS\REC-00075.json","REC-00075.json",".json","606","2026-08-19T11:02:20.9285913+05:30"
"05_RECOVERY_CARDS\REC-00076.json","REC-00076.json",".json","606","2026-08-19T11:02:20.9303240+05:30"
"05_RECOVERY_CARDS\REC-00077.json","REC-00077.json",".json","605","2026-08-19T11:02:20.9303240+05:30"
"05_RECOVERY_CARDS\REC-00078.json","REC-00078.json",".json","605","2026-08-19T11:02:20.9303240+05:30"
"05_RECOVERY_CARDS\REC-00079.json","REC-00079.json",".json","605","2026-08-19T11:02:20.9509420+05:30"
"05_RECOVERY_CARDS\REC-00080.json","REC-00080.json",".json","605","2026-08-19T11:02:20.9564441+05:30"
"05_RECOVERY_CARDS\REC-00081.json","REC-00081.json",".json","605","2026-08-19T11:02:20.9580557+05:30"
"05_RECOVERY_CARDS\REC-00082.json","REC-00082.json",".json","605","2026-08-19T11:02:20.9596969+05:30"
"05_RECOVERY_CARDS\REC-00083.json","REC-00083.json",".json","605","2026-08-19T11:02:20.9596969+05:30"
"05_RECOVERY_CARDS\REC-00084.json","REC-00084.json",".json","605","2026-08-19T11:02:20.9596969+05:30"
"05_RECOVERY_CARDS\REC-00085.json","REC-00085.json",".json","605","2026-08-19T11:02:20.9596969+05:30"
"05_RECOVERY_CARDS\REC-00086.json","REC-00086.json",".json","605","2026-08-19T11:02:20.9652045+05:30"
"05_RECOVERY_CARDS\REC-00087.json","REC-00087.json",".json","605","2026-08-19T11:02:20.9672247+05:30"
"05_RECOVERY_CARDS\REC-00088.json","REC-00088.json",".json","605","2026-08-19T11:02:20.9672247+05:30"
"05_RECOVERY_CARDS\REC-00089.json","REC-00089.json",".json","605","2026-08-19T11:02:20.9692312+05:30"
"05_RECOVERY_CARDS\REC-00090.json","REC-00090.json",".json","605","2026-08-19T11:02:20.9712390+05:30"
"05_RECOVERY_CARDS\REC-00091.json","REC-00091.json",".json","605","2026-08-19T11:02:20.9726997+05:30"
"05_RECOVERY_CARDS\REC-00092.json","REC-00092.json",".json","605","2026-08-19T11:02:20.9726997+05:30"
"05_RECOVERY_CARDS\REC-00093.json","REC-00093.json",".json","605","2026-08-19T11:02:20.9747064+05:30"
"05_RECOVERY_CARDS\REC-00094.json","REC-00094.json",".json","605","2026-08-19T11:02:20.9779642+05:30"
"05_RECOVERY_CARDS\REC-00095.json","REC-00095.json",".json","605","2026-08-19T11:02:20.9835536+05:30"
"05_RECOVERY_CARDS\REC-00096.json","REC-00096.json",".json","604","2026-08-19T11:02:20.9861590+05:30"
"05_RECOVERY_CARDS\REC-00097.json","REC-00097.json",".json","604","2026-08-19T11:02:20.9875949+05:30"
"05_RECOVERY_CARDS\REC-00098.json","REC-00098.json",".json","604","2026-08-19T11:02:20.9875949+05:30"
"05_RECOVERY_CARDS\REC-00099.json","REC-00099.json",".json","604","2026-08-19T11:02:20.9906401+05:30"
"05_RECOVERY_CARDS\REC-00100.json","REC-00100.json",".json","604","2026-08-19T11:02:20.9922881+05:30"
"05_RECOVERY_CARDS\REC-00101.json","REC-00101.json",".json","604","2026-08-19T11:02:20.9942001+05:30"
"05_RECOVERY_CARDS\REC-00102.json","REC-00102.json",".json","604","2026-08-19T11:02:20.9942001+05:30"
"05_RECOVERY_CARDS\REC-00103.json","REC-00103.json",".json","604","2026-08-19T11:02:20.9942001+05:30"
"05_RECOVERY_CARDS\REC-00104.json","REC-00104.json",".json","604","2026-08-19T11:02:20.9942001+05:30"
"05_RECOVERY_CARDS\REC-00105.json","REC-00105.json",".json","604","2026-08-19T11:02:21.0004949+05:30"
"05_RECOVERY_CARDS\REC-00106.json","REC-00106.json",".json","604","2026-08-19T11:02:21.0004949+05:30"
"05_RECOVERY_CARDS\REC-00107.json","REC-00107.json",".json","604","2026-08-19T11:02:21.0037469+05:30"
"05_RECOVERY_CARDS\REC-00108.json","REC-00108.json",".json","604","2026-08-19T11:02:21.0067605+05:30"
"05_RECOVERY_CARDS\REC-00109.json","REC-00109.json",".json","604","2026-08-19T11:02:21.0087675+05:30"
"05_RECOVERY_CARDS\REC-00110.json","REC-00110.json",".json","606","2026-08-19T11:02:21.0087675+05:30"
"05_RECOVERY_CARDS\REC-00111.json","REC-00111.json",".json","606","2026-08-19T11:02:21.0141491+05:30"
"05_RECOVERY_CARDS\REC-00112.json","REC-00112.json",".json","606","2026-08-19T11:02:21.0161561+05:30"
"05_RECOVERY_CARDS\REC-00113.json","REC-00113.json",".json","606","2026-08-19T11:02:21.0181639+05:30"
"05_RECOVERY_CARDS\REC-00114.json","REC-00114.json",".json","606","2026-08-19T11:02:21.0202221+05:30"
"05_RECOVERY_CARDS\REC-00115.json","REC-00115.json",".json","606","2026-08-19T11:02:21.0224967+05:30"
"05_RECOVERY_CARDS\REC-00116.json","REC-00116.json",".json","606","2026-08-19T11:02:21.0224967+05:30"
"05_RECOVERY_CARDS\REC-00117.json","REC-00117.json",".json","606","2026-08-19T11:02:21.0245041+05:30"
"05_RECOVERY_CARDS\REC-00118.json","REC-00118.json",".json","606","2026-08-19T11:02:21.0245041+05:30"
"05_RECOVERY_CARDS\REC-00119.json","REC-00119.json",".json","605","2026-08-19T11:02:21.0245041+05:30"
"05_RECOVERY_CARDS\REC-00120.json","REC-00120.json",".json","605","2026-08-19T11:02:21.0291059+05:30"
"05_RECOVERY_CARDS\REC-00121.json","REC-00121.json",".json","605","2026-08-19T11:02:21.0311138+05:30"
"05_RECOVERY_CARDS\REC-00122.json","REC-00122.json",".json","605","2026-08-19T11:02:21.0311138+05:30"
"05_RECOVERY_CARDS\REC-00123.json","REC-00123.json",".json","605","2026-08-19T11:02:21.0348332+05:30"
"05_RECOVERY_CARDS\REC-00124.json","REC-00124.json",".json","605","2026-08-19T11:02:21.0363039+05:30"
"05_RECOVERY_CARDS\REC-00125.json","REC-00125.json",".json","604","2026-08-19T11:02:21.0375389+05:30"
"05_RECOVERY_CARDS\REC-00126.json","REC-00126.json",".json","604","2026-08-19T11:02:21.0385533+05:30"
"05_RECOVERY_CARDS\REC-00127.json","REC-00127.json",".json","604","2026-08-19T11:02:21.0453733+05:30"
"05_RECOVERY_CARDS\REC-00128.json","REC-00128.json",".json","604","2026-08-19T11:02:21.0453733+05:30"
"05_RECOVERY_CARDS\REC-00129.json","REC-00129.json",".json","604","2026-08-19T11:02:21.0473814+05:30"
"05_RECOVERY_CARDS\REC-00130.json","REC-00130.json",".json","604","2026-08-19T11:02:21.0493900+05:30"
"05_RECOVERY_CARDS\REC-00131.json","REC-00131.json",".json","604","2026-08-19T11:02:21.0514405+05:30"
"05_RECOVERY_CARDS\REC-00132.json","REC-00132.json",".json","604","2026-08-19T11:02:21.0514405+05:30"
"05_RECOVERY_CARDS\REC-00133.json","REC-00133.json",".json","604","2026-08-19T11:02:21.0544532+05:30"
"05_RECOVERY_CARDS\REC-00134.json","REC-00134.json",".json","604","2026-08-19T11:02:21.0559033+05:30"
"05_RECOVERY_CARDS\REC-00135.json","REC-00135.json",".json","604","2026-08-19T11:02:21.0579634+05:30"
"05_RECOVERY_CARDS\REC-00136.json","REC-00136.json",".json","604","2026-08-19T11:02:21.0579634+05:30"
"05_RECOVERY_CARDS\REC-00137.json","REC-00137.json",".json","606","2026-08-19T11:02:21.0599700+05:30"
"05_RECOVERY_CARDS\REC-00138.json","REC-00138.json",".json","606","2026-08-19T11:02:21.0599700+05:30"
"05_RECOVERY_CARDS\REC-00139.json","REC-00139.json",".json","606","2026-08-19T11:02:21.0599700+05:30"
"05_RECOVERY_CARDS\REC-00140.json","REC-00140.json",".json","606","2026-08-19T11:02:21.0641431+05:30"
"05_RECOVERY_CARDS\REC-00141.json","REC-00141.json",".json","605","2026-08-19T11:02:21.0661521+05:30"
"05_RECOVERY_CARDS\REC-00142.json","REC-00142.json",".json","605","2026-08-19T11:02:21.0661521+05:30"
"05_RECOVERY_CARDS\REC-00143.json","REC-00143.json",".json","605","2026-08-19T11:02:21.0721529+05:30"
"05_RECOVERY_CARDS\REC-00144.json","REC-00144.json",".json","606","2026-08-19T11:02:21.0752348+05:30"
"05_RECOVERY_CARDS\REC-00145.json","REC-00145.json",".json","605","2026-08-19T11:02:21.0752348+05:30"
"05_RECOVERY_CARDS\REC-00146.json","REC-00146.json",".json","605","2026-08-19T11:02:21.0781923+05:30"
"05_RECOVERY_CARDS\REC-00147.json","REC-00147.json",".json","605","2026-08-19T11:02:21.0809578+05:30"
"05_RECOVERY_CARDS\REC-00148.json","REC-00148.json",".json","604","2026-08-19T11:02:21.0809578+05:30"
"05_RECOVERY_CARDS\REC-00149.json","REC-00149.json",".json","604","2026-08-19T11:02:21.0838790+05:30"
"05_RECOVERY_CARDS\REC-00150.json","REC-00150.json",".json","604","2026-08-19T11:02:21.0851591+05:30"
"06_HOLDINGS\HOLDINGS_REGISTER.csv","HOLDINGS_REGISTER.csv",".csv","85217567","2026-08-20T08:46:41.9246660+05:30"
"07_INVENTORY\PHYSICAL_ITEMS\CONTENT_FINGERPRINTS.csv","CONTENT_FINGERPRINTS.csv",".csv","20407","2026-08-19T14:01:42.8361911+05:30"
"07_INVENTORY\PHYSICAL_ITEMS\ITEM_COUNTER.txt","ITEM_COUNTER.txt",".txt","8","2026-08-19T14:01:02.0184813+05:30"
"07_INVENTORY\PHYSICAL_ITEMS\MASTER_PHYSICAL_ITEM_CATALOGUE.csv","MASTER_PHYSICAL_ITEM_CATALOGUE.csv",".csv","44956","2026-08-19T14:01:01.8125376+05:30"
"07_INVENTORY\PHYSICAL_ITEMS\PHYSICAL_ITEM_SOURCE_MAP.csv","PHYSICAL_ITEM_SOURCE_MAP.csv",".csv","15199","2026-08-19T14:01:02.0147622+05:30"
"08_LOCATION\LOCATION_REGISTER.csv","LOCATION_REGISTER.csv",".csv","115","2026-08-19T14:01:02.2494904+05:30"
"09_MODULES\MODULE_CANDIDATE_REGISTER.csv","MODULE_CANDIDATE_REGISTER.csv",".csv","21363","2026-08-19T14:01:43.5427445+05:30"
"10_SERVICES\ACTIVE_SERVICE_INVENTORY.csv","ACTIVE_SERVICE_INVENTORY.csv",".csv","17225","2026-08-20T08:49:53.2102267+05:30"
"10_SERVICES\FUNCTIONAL_EVIDENCE\FUNCTIONAL_EVIDENCE_REGISTER.csv","FUNCTIONAL_EVIDENCE_REGISTER.csv",".csv","178594","2026-08-19T14:01:52.2078542+05:30"
"10_UNRESOLVED\ARC-00001.json","ARC-00001.json",".json","747","2026-08-19T11:02:20.3694802+05:30"
"10_UNRESOLVED\ARC-00002.json","ARC-00002.json",".json","744","2026-08-19T11:02:20.3744993+05:30"
"10_UNRESOLVED\ARC-00003.json","ARC-00003.json",".json","743","2026-08-19T11:02:20.3761066+05:30"
"10_UNRESOLVED\ARC-00004.json","ARC-00004.json",".json","742","2026-08-19T11:02:20.3776896+05:30"
"10_UNRESOLVED\ARC-00005.json","ARC-00005.json",".json","746","2026-08-19T11:02:20.3776896+05:30"
"10_UNRESOLVED\ARC-00006.json","ARC-00006.json",".json","740","2026-08-19T11:02:20.3776896+05:30"
"10_UNRESOLVED\ARC-00007.json","ARC-00007.json",".json","740","2026-08-19T11:02:20.3847239+05:30"
"10_UNRESOLVED\ARC-00008.json","ARC-00008.json",".json","699","2026-08-19T11:02:20.3847239+05:30"
"10_UNRESOLVED\ARC-00009.json","ARC-00009.json",".json","745","2026-08-19T11:02:20.3847239+05:30"
"10_UNRESOLVED\ARC-00010.json","ARC-00010.json",".json","716","2026-08-19T11:02:20.3912098+05:30"
"10_UNRESOLVED\ARC-00011.json","ARC-00011.json",".json","718","2026-08-19T11:02:20.3933265+05:30"
"10_UNRESOLVED\ARC-00012.json","ARC-00012.json",".json","675","2026-08-19T11:02:20.3953315+05:30"
"10_UNRESOLVED\ARC-00013.json","ARC-00013.json",".json","716","2026-08-19T11:02:20.3969729+05:30"
"10_UNRESOLVED\ARC-00014.json","ARC-00014.json",".json","721","2026-08-19T11:02:20.4006946+05:30"
"10_UNRESOLVED\ARC-00015.json","ARC-00015.json",".json","758","2026-08-19T11:02:20.4026765+05:30"
"10_UNRESOLVED\ARC-00016.json","ARC-00016.json",".json","741","2026-08-19T11:02:20.4127169+05:30"
"10_UNRESOLVED\ARC-00017.json","ARC-00017.json",".json","707","2026-08-19T11:02:20.4147250+05:30"
"10_UNRESOLVED\ARC-00018.json","ARC-00018.json",".json","704","2026-08-19T11:02:20.4191016+05:30"
"10_UNRESOLVED\ARC-00019.json","ARC-00019.json",".json","708","2026-08-19T11:02:20.4211076+05:30"
"10_UNRESOLVED\ARC-00020.json","ARC-00020.json",".json","706","2026-08-19T11:02:20.4231161+05:30"
"10_UNRESOLVED\ARC-00021.json","ARC-00021.json",".json","706","2026-08-19T11:02:20.4251222+05:30"
"10_UNRESOLVED\ARC-00022.json","ARC-00022.json",".json","663","2026-08-19T11:02:20.4251222+05:30"
"10_UNRESOLVED\ARC-00023.json","ARC-00023.json",".json","704","2026-08-19T11:02:20.4280116+05:30"
"10_UNRESOLVED\ARC-00024.json","ARC-00024.json",".json","710","2026-08-19T11:02:20.4280116+05:30"
"10_UNRESOLVED\ARC-00025.json","ARC-00025.json",".json","709","2026-08-19T11:02:20.4335065+05:30"
"10_UNRESOLVED\ARC-00026.json","ARC-00026.json",".json","711","2026-08-19T11:02:20.4357347+05:30"
"10_UNRESOLVED\ARC-00027.json","ARC-00027.json",".json","742","2026-08-19T11:02:20.4383016+05:30"
"10_UNRESOLVED\ARC-00028.json","ARC-00028.json",".json","746","2026-08-19T11:02:20.4383016+05:30"
"10_UNRESOLVED\ARC-00029.json","ARC-00029.json",".json","781","2026-08-19T11:02:20.4383016+05:30"
"10_UNRESOLVED\ARC-00030.json","ARC-00030.json",".json","712","2026-08-19T11:02:20.4383016+05:30"
"10_UNRESOLVED\ARC-00031.json","ARC-00031.json",".json","710","2026-08-19T11:02:20.4487170+05:30"
"10_UNRESOLVED\ARC-00032.json","ARC-00032.json",".json","690","2026-08-19T11:02:20.4506696+05:30"
"10_UNRESOLVED\ARC-00033.json","ARC-00033.json",".json","666","2026-08-19T11:02:20.4525789+05:30"
"10_UNRESOLVED\ARC-00034.json","ARC-00034.json",".json","736","2026-08-19T11:02:20.4525789+05:30"
"10_UNRESOLVED\ARC-00035.json","ARC-00035.json",".json","714","2026-08-19T11:02:20.4525789+05:30"
"10_UNRESOLVED\ARC-00036.json","ARC-00036.json",".json","713","2026-08-19T11:02:20.4525789+05:30"
"10_UNRESOLVED\ARC-00037.json","ARC-00037.json",".json","731","2026-08-19T11:02:20.4525789+05:30"
"10_UNRESOLVED\ARC-00038.json","ARC-00038.json",".json","711","2026-08-19T11:02:20.4525789+05:30"
"10_UNRESOLVED\ARC-00039.json","ARC-00039.json",".json","707","2026-08-19T11:02:20.4627433+05:30"
"10_UNRESOLVED\ARC-00040.json","ARC-00040.json",".json","709","2026-08-19T11:02:20.4627433+05:30"
"10_UNRESOLVED\ARC-00041.json","ARC-00041.json",".json","731","2026-08-19T11:02:20.4666860+05:30"
"10_UNRESOLVED\ARC-00042.json","ARC-00042.json",".json","733","2026-08-19T11:02:20.4703143+05:30"
"10_UNRESOLVED\ARC-00043.json","ARC-00043.json",".json","707","2026-08-19T11:02:20.4703143+05:30"
"10_UNRESOLVED\ARC-00044.json","ARC-00044.json",".json","709","2026-08-19T11:02:20.4703143+05:30"
"10_UNRESOLVED\M018-00180.json","M018-00180.json",".json","680","2026-08-19T11:02:20.1992059+05:30"
"10_UNRESOLVED\M022-00100.json","M022-00100.json",".json","681","2026-08-19T11:02:20.0192264+05:30"
"10_UNRESOLVED\M023-00020.json","M023-00020.json",".json","681","2026-08-19T11:02:19.8532912+05:30"
"10_UNRESOLVED\M081-00080.json","M081-00080.json",".json","681","2026-08-19T11:02:19.9762530+05:30"
"10_UNRESOLVED\M082-00040.json","M082-00040.json",".json","681","2026-08-19T11:02:19.8966083+05:30"
"10_UNRESOLVED\M083-00060.json","M083-00060.json",".json","680","2026-08-19T11:02:19.9287243+05:30"
"10_UNRESOLVED\M084-00120.json","M084-00120.json",".json","681","2026-08-19T11:02:20.0653693+05:30"
"10_UNRESOLVED\M086-00160.json","M086-00160.json",".json","681","2026-08-19T11:02:20.1494347+05:30"
"10_UNRESOLVED\M087-00140.json","M087-00140.json",".json","680","2026-08-19T11:02:20.1104511+05:30"
"12_APIS_ROUTES\CONFIRMED_ROUTE_MOUNTS.csv","CONFIRMED_ROUTE_MOUNTS.csv",".csv","27494","2026-08-20T08:48:51.4210067+05:30"
"12_APIS_ROUTES\CONFIRMED_SETUPROUTES_CALLS.csv","CONFIRMED_SETUPROUTES_CALLS.csv",".csv","3112","2026-08-20T08:48:51.4200014+05:30"
"12_APIS_ROUTES\ORPHAN_ROUTE_SERVICE_FILES.csv","ORPHAN_ROUTE_SERVICE_FILES.csv",".csv","19703","2026-08-20T08:48:51.4200014+05:30"
"13_RECONCILIATION\DUPLICATE_CANDIDATES.csv","DUPLICATE_CANDIDATES.csv",".csv","3","2026-08-20T10:39:28.8929718+05:30"
"13_RECONCILIATION\EXISTING_INTELLIGENCE_SOURCES.csv","EXISTING_INTELLIGENCE_SOURCES.csv",".csv","184242","2026-08-20T11:19:57.0553437+05:30"
"15_RELATIONSHIPS\RELATIONSHIP_CANDIDATE_REGISTER.csv","RELATIONSHIP_CANDIDATE_REGISTER.csv",".csv","53960","2026-08-19T14:01:55.0993499+05:30"
"17_VARIANTS\CONTENT_EQUIVALENCE\CONTENT_EQUIVALENCE_REGISTER.csv","CONTENT_EQUIVALENCE_REGISTER.csv",".csv","1955","2026-08-19T14:01:43.1047828+05:30"
"17_VARIANTS\IMPLEMENTATIONS\IMPLEMENTATION_CANDIDATE_REGISTER.csv","IMPLEMENTATION_CANDIDATE_REGISTER.csv",".csv","536006","2026-08-19T14:01:48.5855895+05:30"
"19_SKELETON_COLLECTION\SKELETON_CANDIDATE_REGISTER.csv","SKELETON_CANDIDATE_REGISTER.csv",".csv","27426","2026-08-20T08:50:28.9277459+05:30"
"20_GAP_COLLECTION\GAP_CANDIDATE_REGISTER.csv","GAP_CANDIDATE_REGISTER.csv",".csv","20516","2026-08-19T14:01:53.8106169+05:30"
"26_RETRIEVAL\MASTER_RETRIEVAL_INDEX.csv","MASTER_RETRIEVAL_INDEX.csv",".csv","29068","2026-08-19T14:01:55.5064798+05:30"
"28_COLLECTION_ANALYTICS\COLLECTION_ANALYTICS_SUMMARY.csv","COLLECTION_ANALYTICS_SUMMARY.csv",".csv","528","2026-08-20T08:53:02.6430573+05:30"
"28_COLLECTION_ANALYTICS\COLLECTION_ANALYTICS_SUMMARY.json","COLLECTION_ANALYTICS_SUMMARY.json",".json","4748","2026-08-20T08:53:02.6420562+05:30"
"28_COLLECTION_ANALYTICS\PROVENANCE_CONTENT_FAMILY_SUMMARY.json","PROVENANCE_CONTENT_FAMILY_SUMMARY.json",".json","24865","2026-08-20T08:46:41.9172518+05:30"
"30_REPORTS\2026-08-20_PHASE3-14_ADVANCEMENT_REPORT.md","2026-08-20_PHASE3-14_ADVANCEMENT_REPORT.md",".md","11269","2026-08-20T08:55:49.2766143+05:30"
"30_REPORTS\LIBRARY_BUILDER_RUN\01_FORENSIC_DATASET_INVENTORY.csv","01_FORENSIC_DATASET_INVENTORY.csv",".csv","4362","2026-08-19T14:01:01.0314171+05:30"
"30_REPORTS\LIBRARY_BUILDER_RUN\MASTER_LIBRARY_MANIFEST.json","MASTER_LIBRARY_MANIFEST.json",".json","741","2026-08-19T14:01:55.7878264+05:30"
"30_REPORTS\LIBRARY_BUILDER_RUN\STATE\PHASE_00.COMPLETE.json","PHASE_00.COMPLETE.json",".json","491","2026-08-19T14:01:00.6292614+05:30"
"30_REPORTS\LIBRARY_BUILDER_RUN\STATE\PHASE_01.COMPLETE.json","PHASE_01.COMPLETE.json",".json","405","2026-08-19T14:01:01.0338524+05:30"
"30_REPORTS\LIBRARY_BUILDER_RUN\STATE\PHASE_02.COMPLETE.json","PHASE_02.COMPLETE.json",".json","352","2026-08-19T14:01:02.0299781+05:30"
"30_REPORTS\LIBRARY_BUILDER_RUN\STATE\PHASE_03.COMPLETE.json","PHASE_03.COMPLETE.json",".json","307","2026-08-19T14:01:02.2514901+05:30"
"30_REPORTS\LIBRARY_BUILDER_RUN\STATE\PHASE_04.COMPLETE.json","PHASE_04.COMPLETE.json",".json","352","2026-08-19T14:01:42.8391151+05:30"
"30_REPORTS\LIBRARY_BUILDER_RUN\STATE\PHASE_05.COMPLETE.json","PHASE_05.COMPLETE.json",".json","315","2026-08-19T14:01:43.1081082+05:30"
"30_REPORTS\LIBRARY_BUILDER_RUN\STATE\PHASE_06.COMPLETE.json","PHASE_06.COMPLETE.json",".json","309","2026-08-19T14:01:43.5437351+05:30"
"30_REPORTS\LIBRARY_BUILDER_RUN\STATE\PHASE_07.COMPLETE.json","PHASE_07.COMPLETE.json",".json","326","2026-08-19T14:01:48.5891137+05:30"
"30_REPORTS\LIBRARY_BUILDER_RUN\STATE\PHASE_08.COMPLETE.json","PHASE_08.COMPLETE.json",".json","311","2026-08-19T14:01:52.2098512+05:30"
"30_REPORTS\LIBRARY_BUILDER_RUN\STATE\PHASE_09.COMPLETE.json","PHASE_09.COMPLETE.json",".json","310","2026-08-19T14:01:52.7026280+05:30"
"30_REPORTS\LIBRARY_BUILDER_RUN\STATE\PHASE_10.COMPLETE.json","PHASE_10.COMPLETE.json",".json","320","2026-08-19T14:01:53.2725150+05:30"
"30_REPORTS\LIBRARY_BUILDER_RUN\STATE\PHASE_11.COMPLETE.json","PHASE_11.COMPLETE.json",".json","311","2026-08-19T14:01:53.8134437+05:30"
"30_REPORTS\LIBRARY_BUILDER_RUN\STATE\PHASE_12.COMPLETE.json","PHASE_12.COMPLETE.json",".json","309","2026-08-19T14:01:55.1031678+05:30"
"30_REPORTS\LIBRARY_BUILDER_RUN\STATE\PHASE_13.COMPLETE.json","PHASE_13.COMPLETE.json",".json","303","2026-08-19T14:01:55.5095915+05:30"
"30_REPORTS\LIBRARY_BUILDER_RUN\STATE\PHASE_14.COMPLETE.json","PHASE_14.COMPLETE.json",".json","1340","2026-08-19T14:01:55.7894262+05:30"
"30_REPORTS\LIBRARY_BUILDER_RUN\STATE\PHASE_15.COMPLETE.json","PHASE_15.COMPLETE.json",".json","808","2026-08-19T14:01:55.9008425+05:30"
"99_AUDIT\01_MASTER_REGISTRY_FOUNDATION.json","01_MASTER_REGISTRY_FOUNDATION.json",".json","336","2026-08-19T13:46:31.4780582+05:30"
"99_AUDIT\CATALOGUE_V1_QUALITY_AUDIT.csv","CATALOGUE_V1_QUALITY_AUDIT.csv",".csv","60831","2026-08-19T19:55:29.9901284+05:30"
"99_AUDIT\LIBRARY_BUILDER_FINAL_AUDIT.json","LIBRARY_BUILDER_FINAL_AUDIT.json",".json","366","2026-08-19T14:01:55.8985646+05:30"
"99_AUDIT\LIBRARY_BUILDER_SAFETY_CONTRACT.json","LIBRARY_BUILDER_SAFETY_CONTRACT.json",".json","348","2026-08-19T14:01:00.3320082+05:30"
"99_AUDIT\LIBRARY_OPERATION_LOG.csv","LIBRARY_OPERATION_LOG.csv",".csv","359","2026-08-19T11:02:21.6794433+05:30"
"99_AUDIT\02_LIBRARY_INTEGRITY_AUDIT\00_AUDIT_MANIFEST.json","00_AUDIT_MANIFEST.json",".json","676","2026-08-19T11:03:56.6305374+05:30"
"99_AUDIT\02_LIBRARY_INTEGRITY_AUDIT\01_CARD_SOURCE_INTEGRITY.csv","01_CARD_SOURCE_INTEGRITY.csv",".csv","65052","2026-08-19T11:03:55.4262511+05:30"
"99_AUDIT\02_LIBRARY_INTEGRITY_AUDIT\02_INTEGRITY_SUMMARY.csv","02_INTEGRITY_SUMMARY.csv",".csv","95","2026-08-19T11:03:55.5152750+05:30"
"99_AUDIT\02_LIBRARY_INTEGRITY_AUDIT\03_REQUIRES_REVIEW.csv","03_REQUIRES_REVIEW.csv",".csv","17875","2026-08-19T11:03:55.5947895+05:30"
"99_AUDIT\02_LIBRARY_INTEGRITY_AUDIT\06_DUPLICATE_CARD_IDS.csv","06_DUPLICATE_CARD_IDS.csv",".csv","3","2026-08-19T11:03:56.2069359+05:30"
"99_AUDIT\02_LIBRARY_INTEGRITY_AUDIT\07_FORENSIC_SKELETON_RELATED_INDEXES.csv","07_FORENSIC_SKELETON_RELATED_INDEXES.csv",".csv","3","2026-08-19T11:03:56.3559440+05:30"
"99_AUDIT\02_LIBRARY_INTEGRITY_AUDIT\08_SKELETON_INPUT_STATUS.json","08_SKELETON_INPUT_STATUS.json",".json","236","2026-08-19T11:03:56.4757937+05:30"
"_CONTROL\SAFETY_CONTRACT.md","SAFETY_CONTRACT.md",".md","1118","2026-08-20T10:31:20.6494468+05:30"
"_CONTROL\diagnostics\ID_COLUMN_REVIEW_REQUIRED_20260820_115958.txt","ID_COLUMN_REVIEW_REQUIRED_20260820_115958.txt",".txt","249","2026-08-20T11:59:59.6302079+05:30"
"_CONTROL\diagnostics\REGISTRY_COLUMNS_20260820_115958.txt","REGISTRY_COLUMNS_20260820_115958.txt",".txt","3","2026-08-20T11:59:59.4143933+05:30"
"_CONTROL\logs\LIBRARY_RECOVERY_20260820_115958.log","LIBRARY_RECOVERY_20260820_115958.log",".log","914","2026-08-20T11:59:59.8795455+05:30"
"_CONTROL\search\LIBRARY_FIRST_SEARCH_INDEX.csv","LIBRARY_FIRST_SEARCH_INDEX.csv",".csv","3","2026-08-20T11:19:59.4726812+05:30"
"_CONTROL\snapshots\BASELINE_20260820_103119.json","BASELINE_20260820_103119.json",".json","326","2026-08-20T10:31:21.5200074+05:30"
"_CONTROL\validation\VALIDATION_20260820_103119.csv","VALIDATION_20260820_103119.csv",".csv","217","2026-08-20T11:20:00.0093305+05:30"
