"Layer","System","RootPath","Files","UI_TSX_JSX","JS_TS","Routes","Services","Controllers","AI_ML","DB_Data"
"BACKEND","__tests__","C:\Users\DIYA GOEL\Downloads\EBDESIGN\backend\src\__tests__","1055","0","1055","8","0","0","1","0"
"BACKEND","cache","C:\Users\DIYA GOEL\Downloads\EBDESIGN\backend\src\cache","1","0","1","0","0","0","0","1"
"BACKEND","config","C:\Users\DIYA GOEL\Downloads\EBDESIGN\backend\src\config","2","0","2","0","0","0","0","1"
"BACKEND","controllers","C:\Users\DIYA GOEL\Downloads\EBDESIGN\backend\src\controllers","24","0","24","0","0","24","0","0"
"BACKEND","core","C:\Users\DIYA GOEL\Downloads\EBDESIGN\backend\src\core","49","0","48","1","5","1","15","0"
"BACKEND","database","C:\Users\DIYA GOEL\Downloads\EBDESIGN\backend\src\database","844","0","28","1","6","0","5","844"
"BACKEND","graphql","C:\Users\DIYA GOEL\Downloads\EBDESIGN\backend\src\graphql","1","0","1","0","0","0","0","1"
"BACKEND","integrations","C:\Users\DIYA GOEL\Downloads\EBDESIGN\backend\src\integrations","1","0","1","0","0","0","0","0"
"BACKEND","jobs","C:\Users\DIYA GOEL\Downloads\EBDESIGN\backend\src\jobs","2","0","2","0","0","0","0","0"
"BACKEND","middleware","C:\Users\DIYA GOEL\Downloads\EBDESIGN\backend\src\middleware","26","0","26","1","0","0","0","0"
"BACKEND","modules","C:\Users\DIYA GOEL\Downloads\EBDESIGN\backend\src\modules","2478","74","1725","350","546","347","8","119"
"BACKEND","monitoring","C:\Users\DIYA GOEL\Downloads\EBDESIGN\backend\src\monitoring","4","0","4","0","0","0","0","0"
"BACKEND","platform","C:\Users\DIYA GOEL\Downloads\EBDESIGN\backend\src\platform","20","0","20","0","9","0","1","0"
"BACKEND","platforms","C:\Users\DIYA GOEL\Downloads\EBDESIGN\backend\src\platforms","1","0","1","0","0","0","0","0"
"BACKEND","routes","C:\Users\DIYA GOEL\Downloads\EBDESIGN\backend\src\routes","697","0","696","637","1","0","5","3"
"BACKEND","services","C:\Users\DIYA GOEL\Downloads\EBDESIGN\backend\src\services","661","0","660","4","614","0","62","6"
"BACKEND","test","C:\Users\DIYA GOEL\Downloads\EBDESIGN\backend\src\test","4","0","4","0","2","0","0","0"
"BACKEND","test-mocks","C:\Users\DIYA GOEL\Downloads\EBDESIGN\backend\src\test-mocks","1","0","1","0","0","0","0","0"
"BACKEND","tests","C:\Users\DIYA GOEL\Downloads\EBDESIGN\backend\src\tests","74","0","74","8","30","0","3","0"
"BACKEND","utils","C:\Users\DIYA GOEL\Downloads\EBDESIGN\backend\src\utils","11","0","11","0","0","0","0","0"
"BACKEND","websocket","C:\Users\DIYA GOEL\Downloads\EBDESIGN\backend\src\websocket","2","0","2","0","0","0","0","0"
"FRONTEND","__tests__","C:\Users\DIYA GOEL\Downloads\EBDESIGN\frontend\src\__tests__","320","320","0","0","0","0","0","0"
"FRONTEND","components","C:\Users\DIYA GOEL\Downloads\EBDESIGN\frontend\src\components","479","478","1","6","0","0","6","0"
"FRONTEND","config","C:\Users\DIYA GOEL\Downloads\EBDESIGN\frontend\src\config","5","0","5","3","0","0","0","0"
"FRONTEND","core","C:\Users\DIYA GOEL\Downloads\EBDESIGN\frontend\src\core","1","0","1","1","0","0","0","0"
"FRONTEND","data","C:\Users\DIYA GOEL\Downloads\EBDESIGN\frontend\src\data","1","0","1","0","0","0","0","0"
"FRONTEND","hooks","C:\Users\DIYA GOEL\Downloads\EBDESIGN\frontend\src\hooks","6","1","5","0","0","0","0","0"
"FRONTEND","lib","C:\Users\DIYA GOEL\Downloads\EBDESIGN\frontend\src\lib","1","0","1","0","0","0","0","0"
"FRONTEND","modules","C:\Users\DIYA GOEL\Downloads\EBDESIGN\frontend\src\modules","993","646","0","0","0","0","0","0"
"FRONTEND","pages","C:\Users\DIYA GOEL\Downloads\EBDESIGN\frontend\src\pages","798","796","2","0","1","0","2","1"
"FRONTEND","router","C:\Users\DIYA GOEL\Downloads\EBDESIGN\frontend\src\router","1","1","0","1","0","0","0","0"
"FRONTEND","services","C:\Users\DIYA GOEL\Downloads\EBDESIGN\frontend\src\services","22","1","21","0","10","0","0","0"
"FRONTEND","store","C:\Users\DIYA GOEL\Downloads\EBDESIGN\frontend\src\store","1","0","1","0","0","0","0","0"
"FRONTEND","stores","C:\Users\DIYA GOEL\Downloads\EBDESIGN\frontend\src\stores","3","0","3","0","0","0","0","0"
"FRONTEND","test","C:\Users\DIYA GOEL\Downloads\EBDESIGN\frontend\src\test","5","1","4","0","0","0","0","0"
"FRONTEND","utils","C:\Users\DIYA GOEL\Downloads\EBDESIGN\frontend\src\utils","16","1","15","1","0","0","0","0"
"MODULES","M001","C:\Users\DIYA GOEL\Downloads\EBDESIGN\backend\src\modules\M001","7","0","4","1","1","1","0","1"
"MODULES","M001_PLATFORM_CORE","C:\Users\DIYA GOEL\Downloads\EBDESIGN\backend\src\modules\M001_PLATFORM_CORE","2","0","1","0","1","0","0","0"
"MODULES","M002","C:\Users\DIYA GOEL\Downloads\EBDESIGN\backend\src\modules\M002","6","0","4","1","1","1","0","1"
"MODULES","M002_USER_MANAGEMENT","C:\Users\DIYA GOEL\Downloads\EBDESIGN\backend\src\modules\M002_USER_MANAGEMENT","2","0","1","0","1","0","0","0"
"MODULES","M003","C:\Users\DIYA GOEL\Downloads\EBDESIGN\backend\src\modules\M003","6","0","4","1","1","1","0","1"
"MODULES","M003_ORGANIZATION","C:\Users\DIYA GOEL\Downloads\EBDESIGN\backend\src\modules\M003_ORGANIZATION","2","0","1","0","1","0","0","0"
"MODULES","M004","C:\Users\DIYA GOEL\Downloads\EBDESIGN\backend\src\modules\M004","6","0","4","1","1","1","0","1"
"MODULES","M004_ROLE_MANAGEMENT","C:\Users\DIYA GOEL\Downloads\EBDESIGN\backend\src\modules\M004_ROLE_MANAGEMENT","2","0","1","0","1","0","0","0"
"MODULES","M005","C:\Users\DIYA GOEL\Downloads\EBDESIGN\backend\src\modules\M005","6","0","4","1","1","1","0","1"
"MODULES","M005_PERMISSION_MANAGEMENT","C:\Users\DIYA GOEL\Downloads\EBDESIGN\backend\src\modules\M005_PERMISSION_MANAGEMENT","2","0","1","0","1","0","0","0"
"MODULES","M006","C:\Users\DIYA GOEL\Downloads\EBDESIGN\backend\src\modules\M006","6","0","4","1","1","1","0","1"
"MODULES","M007","C:\Users\DIYA GOEL\Downloads\EBDESIGN\backend\src\modules\M007","6","0","4","1","1","1","0","1"
"MODULES","M008","C:\Users\DIYA GOEL\Downloads\EBDESIGN\backend\src\modules\M008","6","0","4","1","1","1","0","1"
"MODULES","M009","C:\Users\DIYA GOEL\Downloads\EBDESIGN\backend\src\modules\M009","6","0","4","1","1","1","0","1"
"MODULES","M010","C:\Users\DIYA GOEL\Downloads\EBDESIGN\backend\src\modules\M010","6","0","4","1","1","1","0","1"
"MODULES","M011","C:\Users\DIYA GOEL\Downloads\EBDESIGN\backend\src\modules\M011","6","0","4","1","1","1","0","1"
"MODULES","M012","C:\Users\DIYA GOEL\Downloads\EBDESIGN\backend\src\modules\M012","5","0","4","1","1","1","0","0"
"MODULES","M013","C:\Users\DIYA GOEL\Downloads\EBDESIGN\backend\src\modules\M013","6","0","4","1","1","1","0","0"
"MODULES","M014","C:\Users\DIYA GOEL\Downloads\EBDESIGN\backend\src\modules\M014","6","0","4","1","1","1","0","1"
"MODULES","M015","C:\Users\DIYA GOEL\Downloads\EBDESIGN\backend\src\modules\M015","5","0","4","1","1","1","0","0"
"MODULES","M016","C:\Users\DIYA GOEL\Downloads\EBDESIGN\backend\src\modules\M016","6","0","4","1","1","1","0","1"
"MODULES","M017","C:\Users\DIYA GOEL\Downloads\EBDESIGN\backend\src\modules\M017","5","0","4","1","1","1","0","0"
"MODULES","M018","C:\Users\DIYA GOEL\Downloads\EBDESIGN\backend\src\modules\M018","6","0","4","1","1","1","0","1"
"MODULES","M019","C:\Users\DIYA GOEL\Downloads\EBDESIGN\backend\src\modules\M019","6","0","4","1","1","1","0","1"
"MODULES","M020","C:\Users\DIYA GOEL\Downloads\EBDESIGN\backend\src\modules\M020","6","0","4","1","1","1","0","1"
"MODULES","M021","C:\Users\DIYA GOEL\Downloads\EBDESIGN\backend\src\modules\M021","5","0","4","1","1","1","0","0"
"MODULES","M022","C:\Users\DIYA GOEL\Downloads\EBDESIGN\backend\src\modules\M022","6","0","4","1","1","1","0","1"
"MODULES","M023","C:\Users\DIYA GOEL\Downloads\EBDESIGN\backend\src\modules\M023","6","0","4","1","1","1","0","1"
"MODULES","M024","C:\Users\DIYA GOEL\Downloads\EBDESIGN\backend\src\modules\M024","6","0","4","1","1","1","0","1"
"MODULES","M025","C:\Users\DIYA GOEL\Downloads\EBDESIGN\backend\src\modules\M025","7","0","4","1","1","1","0","1"
"MODULES","M026","C:\Users\DIYA GOEL\Downloads\EBDESIGN\backend\src\modules\M026","5","0","4","1","1","1","0","0"
"MODULES","M027","C:\Users\DIYA GOEL\Downloads\EBDESIGN\backend\src\modules\M027","5","0","4","1","1","1","0","0"
"MODULES","M028","C:\Users\DIYA GOEL\Downloads\EBDESIGN\backend\src\modules\M028","5","0","4","1","1","1","0","0"
"MODULES","M029","C:\Users\DIYA GOEL\Downloads\EBDESIGN\backend\src\modules\M029","6","0","4","1","1","1","0","0"
"MODULES","M030","C:\Users\DIYA GOEL\Downloads\EBDESIGN\backend\src\modules\M030","5","0","4","1","1","1","0","0"
"MODULES","M031","C:\Users\DIYA GOEL\Downloads\EBDESIGN\backend\src\modules\M031","8","0","5","1","1","1","0","1"
"MODULES","M032","C:\Users\DIYA GOEL\Downloads\EBDESIGN\backend\src\modules\M032","8","0","5","1","1","1","0","1"
"MODULES","M033","C:\Users\DIYA GOEL\Downloads\EBDESIGN\backend\src\modules\M033","6","0","5","1","1","1","0","0"
"MODULES","M034","C:\Users\DIYA GOEL\Downloads\EBDESIGN\backend\src\modules\M034","7","0","5","1","1","1","0","1"
"MODULES","M035","C:\Users\DIYA GOEL\Downloads\EBDESIGN\backend\src\modules\M035","7","0","5","1","1","1","0","1"
"MODULES","M036","C:\Users\DIYA GOEL\Downloads\EBDESIGN\backend\src\modules\M036","6","0","5","1","1","1","0","0"
"MODULES","M037","C:\Users\DIYA GOEL\Downloads\EBDESIGN\backend\src\modules\M037","7","0","5","1","1","1","0","1"
"MODULES","M038","C:\Users\DIYA GOEL\Downloads\EBDESIGN\backend\src\modules\M038","7","0","5","1","1","1","0","1"
"MODULES","M039","C:\Users\DIYA GOEL\Downloads\EBDESIGN\backend\src\modules\M039","7","0","5","1","1","1","0","1"
"MODULES","M040","C:\Users\DIYA GOEL\Downloads\EBDESIGN\backend\src\modules\M040","6","0","5","1","1","1","0","0"
"MODULES","M041","C:\Users\DIYA GOEL\Downloads\EBDESIGN\backend\src\modules\M041","14","0","12","1","7","1","0","1"
"MODULES","M042","C:\Users\DIYA GOEL\Downloads\EBDESIGN\backend\src\modules\M042","7","0","5","1","1","1","0","1"
"MODULES","M043","C:\Users\DIYA GOEL\Downloads\EBDESIGN\backend\src\modules\M043","6","0","5","1","1","1","0","0"
"MODULES","M044","C:\Users\DIYA GOEL\Downloads\EBDESIGN\backend\src\modules\M044","6","0","5","1","1","1","0","0"
"MODULES","M045","C:\Users\DIYA GOEL\Downloads\EBDESIGN\backend\src\modules\M045","6","0","5","1","1","1","0","0"
"MODULES","M046","C:\Users\DIYA GOEL\Downloads\EBDESIGN\backend\src\modules\M046","7","0","5","1","1","1","0","1"
"MODULES","M047","C:\Users\DIYA GOEL\Downloads\EBDESIGN\backend\src\modules\M047","6","0","5","1","1","1","0","0"
"MODULES","M048","C:\Users\DIYA GOEL\Downloads\EBDESIGN\backend\src\modules\M048","6","0","5","1","1","1","0","0"
"MODULES","M049","C:\Users\DIYA GOEL\Downloads\EBDESIGN\backend\src\modules\M049","7","0","5","1","1","1","0","1"
"MODULES","M050","C:\Users\DIYA GOEL\Downloads\EBDESIGN\backend\src\modules\M050","6","0","5","1","1","1","0","0"
"MODULES","M051","C:\Users\DIYA GOEL\Downloads\EBDESIGN\backend\src\modules\M051","8","0","5","1","1","1","0","1"
"MODULES","M052","C:\Users\DIYA GOEL\Downloads\EBDESIGN\backend\src\modules\M052","7","0","5","1","1","1","0","1"
"MODULES","M053","C:\Users\DIYA GOEL\Downloads\EBDESIGN\backend\src\modules\M053","7","0","5","1","1","1","0","1"
"MODULES","M054","C:\Users\DIYA GOEL\Downloads\EBDESIGN\backend\src\modules\M054","8","0","5","1","1","1","0","1"
"MODULES","M055","C:\Users\DIYA GOEL\Downloads\EBDESIGN\backend\src\modules\M055","7","0","5","1","1","1","0","1"
"MODULES","M056","C:\Users\DIYA GOEL\Downloads\EBDESIGN\backend\src\modules\M056","7","0","5","1","1","1","0","1"
"MODULES","M057","C:\Users\DIYA GOEL\Downloads\EBDESIGN\backend\src\modules\M057","7","0","5","1","1","1","0","1"
"MODULES","M058","C:\Users\DIYA GOEL\Downloads\EBDESIGN\backend\src\modules\M058","7","0","5","1","1","1","0","1"
"MODULES","M059","C:\Users\DIYA GOEL\Downloads\EBDESIGN\backend\src\modules\M059","7","0","5","1","1","1","0","1"
"MODULES","M060","C:\Users\DIYA GOEL\Downloads\EBDESIGN\backend\src\modules\M060","7","0","5","1","1","1","0","1"
"MODULES","M061","C:\Users\DIYA GOEL\Downloads\EBDESIGN\backend\src\modules\M061","7","0","5","1","1","1","0","1"
"MODULES","M062","C:\Users\DIYA GOEL\Downloads\EBDESIGN\backend\src\modules\M062","7","0","5","1","1","1","0","1"
"MODULES","M063","C:\Users\DIYA GOEL\Downloads\EBDESIGN\backend\src\modules\M063","7","0","5","1","1","1","0","1"
"MODULES","M064","C:\Users\DIYA GOEL\Downloads\EBDESIGN\backend\src\modules\M064","7","0","5","1","1","1","0","1"
"MODULES","M065","C:\Users\DIYA GOEL\Downloads\EBDESIGN\backend\src\modules\M065","7","0","5","1","1","1","0","1"
"MODULES","M066","C:\Users\DIYA GOEL\Downloads\EBDESIGN\backend\src\modules\M066","7","0","5","1","1","1","0","1"
"MODULES","M067","C:\Users\DIYA GOEL\Downloads\EBDESIGN\backend\src\modules\M067","7","0","5","1","1","1","0","1"
"MODULES","M068","C:\Users\DIYA GOEL\Downloads\EBDESIGN\backend\src\modules\M068","7","0","5","1","1","1","0","1"
"MODULES","M069","C:\Users\DIYA GOEL\Downloads\EBDESIGN\backend\src\modules\M069","7","0","5","1","1","1","0","1"
"MODULES","M070","C:\Users\DIYA GOEL\Downloads\EBDESIGN\backend\src\modules\M070","7","0","5","1","1","1","0","1"
"MODULES","M071","C:\Users\DIYA GOEL\Downloads\EBDESIGN\backend\src\modules\M071","6","0","5","1","1","1","0","0"
"MODULES","M072","C:\Users\DIYA GOEL\Downloads\EBDESIGN\backend\src\modules\M072","6","0","5","1","1","1","0","0"
"MODULES","M073","C:\Users\DIYA GOEL\Downloads\EBDESIGN\backend\src\modules\M073","6","0","5","1","1","1","0","0"
"MODULES","M074","C:\Users\DIYA GOEL\Downloads\EBDESIGN\backend\src\modules\M074","7","0","5","1","1","1","0","1"
"MODULES","M075","C:\Users\DIYA GOEL\Downloads\EBDESIGN\backend\src\modules\M075","7","0","5","1","1","1","0","1"
"MODULES","M076","C:\Users\DIYA GOEL\Downloads\EBDESIGN\backend\src\modules\M076","7","0","5","1","1","1","0","1"
"MODULES","M077","C:\Users\DIYA GOEL\Downloads\EBDESIGN\backend\src\modules\M077","7","0","5","1","1","1","0","1"
"MODULES","M078","C:\Users\DIYA GOEL\Downloads\EBDESIGN\backend\src\modules\M078","7","0","5","1","1","1","0","1"
"MODULES","M079","C:\Users\DIYA GOEL\Downloads\EBDESIGN\backend\src\modules\M079","7","0","5","1","1","1","0","1"
"MODULES","M080","C:\Users\DIYA GOEL\Downloads\EBDESIGN\backend\src\modules\M080","7","0","5","1","1","1","0","1"
"MODULES","M081","C:\Users\DIYA GOEL\Downloads\EBDESIGN\backend\src\modules\M081","7","0","5","1","1","1","0","1"
"MODULES","M082","C:\Users\DIYA GOEL\Downloads\EBDESIGN\backend\src\modules\M082","7","0","5","1","1","1","0","1"
"MODULES","M083","C:\Users\DIYA GOEL\Downloads\EBDESIGN\backend\src\modules\M083","7","0","5","1","1","1","0","1"
"MODULES","M084","C:\Users\DIYA GOEL\Downloads\EBDESIGN\backend\src\modules\M084","7","0","5","1","1","1","0","1"
"MODULES","M085","C:\Users\DIYA GOEL\Downloads\EBDESIGN\backend\src\modules\M085","7","0","5","1","1","1","0","1"
"MODULES","M086","C:\Users\DIYA GOEL\Downloads\EBDESIGN\backend\src\modules\M086","7","0","5","1","1","1","0","1"
"MODULES","M087","C:\Users\DIYA GOEL\Downloads\EBDESIGN\backend\src\modules\M087","7","0","5","1","1","1","0","1"
"MODULES","M088","C:\Users\DIYA GOEL\Downloads\EBDESIGN\backend\src\modules\M088","7","0","5","1","1","1","0","1"
"MODULES","M089","C:\Users\DIYA GOEL\Downloads\EBDESIGN\backend\src\modules\M089","7","0","5","1","1","1","0","1"
"MODULES","M090","C:\Users\DIYA GOEL\Downloads\EBDESIGN\backend\src\modules\M090","6","0","5","1","1","1","0","0"
"MODULES","M091","C:\Users\DIYA GOEL\Downloads\EBDESIGN\backend\src\modules\M091","6","0","5","1","1","1","0","0"
"MODULES","M092","C:\Users\DIYA GOEL\Downloads\EBDESIGN\backend\src\modules\M092","6","0","5","1","1","1","0","0"
"MODULES","M093","C:\Users\DIYA GOEL\Downloads\EBDESIGN\backend\src\modules\M093","6","0","5","1","1","1","0","0"
"MODULES","M094","C:\Users\DIYA GOEL\Downloads\EBDESIGN\backend\src\modules\M094","6","0","5","1","1","1","0","0"
"MODULES","M095","C:\Users\DIYA GOEL\Downloads\EBDESIGN\backend\src\modules\M095","7","0","5","1","1","1","0","1"
"MODULES","M096","C:\Users\DIYA GOEL\Downloads\EBDESIGN\backend\src\modules\M096","7","0","5","1","1","1","0","1"
"MODULES","M097","C:\Users\DIYA GOEL\Downloads\EBDESIGN\backend\src\modules\M097","7","0","5","1","1","1","0","1"
"MODULES","M098","C:\Users\DIYA GOEL\Downloads\EBDESIGN\backend\src\modules\M098","6","0","5","1","1","1","0","0"
"MODULES","M099","C:\Users\DIYA GOEL\Downloads\EBDESIGN\backend\src\modules\M099","6","0","5","1","1","1","0","0"
"MODULES","M100","C:\Users\DIYA GOEL\Downloads\EBDESIGN\backend\src\modules\M100","6","0","5","1","1","1","0","0"
"MODULES","M100_CROP_MANAGEMENT","C:\Users\DIYA GOEL\Downloads\EBDESIGN\backend\src\modules\M100_CROP_MANAGEMENT","2","0","1","0","1","0","0","0"
"MODULES","M100100_LOGISTICSENHANCEMENT","C:\Users\DIYA GOEL\Downloads\EBDESIGN\backend\src\modules\M100100_LOGISTICSENHANCEMENT","4","2","1","0","1","0","0","0"
"MODULES","M101","C:\Users\DIYA GOEL\Downloads\EBDESIGN\backend\src\modules\M101","9","0","6","1","1","1","0","2"
"MODULES","M101_LIVESTOCK_MANAGEMENT","C:\Users\DIYA GOEL\Downloads\EBDESIGN\backend\src\modules\M101_LIVESTOCK_MANAGEMENT","4","2","1","0","1","0","0","0"
"MODULES","M10100_PRODUCTREVIEW","C:\Users\DIYA GOEL\Downloads\EBDESIGN\backend\src\modules\M10100_PRODUCTREVIEW","2","0","1","0","1","0","0","0"
"MODULES","M102","C:\Users\DIYA GOEL\Downloads\EBDESIGN\backend\src\modules\M102","9","0","6","1","1","1","0","2"
"MODULES","M102_DAIRY_MANAGEMENT","C:\Users\DIYA GOEL\Downloads\EBDESIGN\backend\src\modules\M102_DAIRY_MANAGEMENT","5","2","1","0","1","0","0","0"
"MODULES","M103","C:\Users\DIYA GOEL\Downloads\EBDESIGN\backend\src\modules\M103","7","0","5","1","1","1","0","1"
"MODULES","M103_FISHERIES_MANAGEMENT","C:\Users\DIYA GOEL\Downloads\EBDESIGN\backend\src\modules\M103_FISHERIES_MANAGEMENT","4","2","1","0","1","0","0","0"
"MODULES","M104","C:\Users\DIYA GOEL\Downloads\EBDESIGN\backend\src\modules\M104","7","0","5","1","1","1","0","1"
"MODULES","M104_SOIL_MANAGEMENT","C:\Users\DIYA GOEL\Downloads\EBDESIGN\backend\src\modules\M104_SOIL_MANAGEMENT","4","2","1","0","1","0","0","0"
"MODULES","M105","C:\Users\DIYA GOEL\Downloads\EBDESIGN\backend\src\modules\M105","7","0","5","1","1","1","0","1"
"MODULES","M105_WEATHER_INTELLIGENCE","C:\Users\DIYA GOEL\Downloads\EBDESIGN\backend\src\modules\M105_WEATHER_INTELLIGENCE","5","2","1","0","1","0","0","0"
"MODULES","M106","C:\Users\DIYA GOEL\Downloads\EBDESIGN\backend\src\modules\M106","6","0","5","1","1","1","0","0"
"MODULES","M107","C:\Users\DIYA GOEL\Downloads\EBDESIGN\backend\src\modules\M107","7","0","5","1","1","1","0","1"
"MODULES","M108","C:\Users\DIYA GOEL\Downloads\EBDESIGN\backend\src\modules\M108","7","0","5","1","1","1","0","1"
"MODULES","M108_FERTILIZER_MANAGEMENT","C:\Users\DIYA GOEL\Downloads\EBDESIGN\backend\src\modules\M108_FERTILIZER_MANAGEMENT","5","2","1","0","1","0","0","0"
"MODULES","M108100_BULKORDER","C:\Users\DIYA GOEL\Downloads\EBDESIGN\backend\src\modules\M108100_BULKORDER","2","0","1","0","1","0","0","0"
"MODULES","M109","C:\Users\DIYA GOEL\Downloads\EBDESIGN\backend\src\modules\M109","7","0","5","1","1","1","0","1"
"MODULES","M109_SEED_MANAGEMENT","C:\Users\DIYA GOEL\Downloads\EBDESIGN\backend\src\modules\M109_SEED_MANAGEMENT","4","2","1","0","1","0","0","0"
"MODULES","M110","C:\Users\DIYA GOEL\Downloads\EBDESIGN\backend\src\modules\M110","7","0","5","1","1","1","0","1"
"MODULES","M111","C:\Users\DIYA GOEL\Downloads\EBDESIGN\backend\src\modules\M111","6","0","5","1","1","1","0","0"
"MODULES","M112","C:\Users\DIYA GOEL\Downloads\EBDESIGN\backend\src\modules\M112","7","0","5","1","1","1","0","1"
"MODULES","M113","C:\Users\DIYA GOEL\Downloads\EBDESIGN\backend\src\modules\M113","7","0","5","1","1","1","0","1"
"MODULES","M114","C:\Users\DIYA GOEL\Downloads\EBDESIGN\backend\src\modules\M114","6","0","5","1","1","1","0","0"
"MODULES","M115","C:\Users\DIYA GOEL\Downloads\EBDESIGN\backend\src\modules\M115","6","0","5","1","1","1","0","0"
"MODULES","M116","C:\Users\DIYA GOEL\Downloads\EBDESIGN\backend\src\modules\M116","7","0","5","1","1","1","0","1"
"MODULES","M117","C:\Users\DIYA GOEL\Downloads\EBDESIGN\backend\src\modules\M117","6","0","5","1","1","1","0","0"
"MODULES","M117100_REVENUE","C:\Users\DIYA GOEL\Downloads\EBDESIGN\backend\src\modules\M117100_REVENUE","2","0","1","0","1","0","0","0"
"MODULES","M118","C:\Users\DIYA GOEL\Downloads\EBDESIGN\backend\src\modules\M118","6","0","5","1","1","1","0","0"
"MODULES","M119","C:\Users\DIYA GOEL\Downloads\EBDESIGN\backend\src\modules\M119","6","0","5","1","1","1","0","0"
"MODULES","M120","C:\Users\DIYA GOEL\Downloads\EBDESIGN\backend\src\modules\M120","6","0","5","1","1","1","0","0"
"MODULES","M120100_VERMICOMPOST","C:\Users\DIYA GOEL\Downloads\EBDESIGN\backend\src\modules\M120100_VERMICOMPOST","2","0","1","0","1","0","0","0"
"MODULES","M121","C:\Users\DIYA GOEL\Downloads\EBDESIGN\backend\src\modules\M121","7","0","5","1","1","1","0","1"
"MODULES","M122","C:\Users\DIYA GOEL\Downloads\EBDESIGN\backend\src\modules\M122","7","0","5","1","1","1","0","1"
"MODULES","M123","C:\Users\DIYA GOEL\Downloads\EBDESIGN\backend\src\modules\M123","7","0","5","1","1","1","0","1"
"MODULES","M124","C:\Users\DIYA GOEL\Downloads\EBDESIGN\backend\src\modules\M124","7","0","5","1","1","1","0","1"
"MODULES","M125","C:\Users\DIYA GOEL\Downloads\EBDESIGN\backend\src\modules\M125","7","0","5","1","1","1","0","1"
"MODULES","M126","C:\Users\DIYA GOEL\Downloads\EBDESIGN\backend\src\modules\M126","7","0","5","1","1","1","0","1"
"MODULES","M127","C:\Users\DIYA GOEL\Downloads\EBDESIGN\backend\src\modules\M127","7","0","5","1","1","1","0","1"
"MODULES","M128","C:\Users\DIYA GOEL\Downloads\EBDESIGN\backend\src\modules\M128","7","0","5","1","1","1","0","1"
"MODULES","M129","C:\Users\DIYA GOEL\Downloads\EBDESIGN\backend\src\modules\M129","7","0","5","1","1","1","0","1"
"MODULES","M129100_GREENHOUSE","C:\Users\DIYA GOEL\Downloads\EBDESIGN\backend\src\modules\M129100_GREENHOUSE","2","0","1","0","1","0","0","0"
"MODULES","M130","C:\Users\DIYA GOEL\Downloads\EBDESIGN\backend\src\modules\M130","7","0","5","1","1","1","0","1"
"MODULES","M131","C:\Users\DIYA GOEL\Downloads\EBDESIGN\backend\src\modules\M131","7","0","5","1","1","1","0","1"
"MODULES","M132","C:\Users\DIYA GOEL\Downloads\EBDESIGN\backend\src\modules\M132","8","0","5","1","1","1","0","1"
"MODULES","M132100_FREIGHTPOOLING","C:\Users\DIYA GOEL\Downloads\EBDESIGN\backend\src\modules\M132100_FREIGHTPOOLING","2","0","1","0","1","0","0","0"
"MODULES","M133","C:\Users\DIYA GOEL\Downloads\EBDESIGN\backend\src\modules\M133","7","0","5","1","1","1","0","1"
"MODULES","M134","C:\Users\DIYA GOEL\Downloads\EBDESIGN\backend\src\modules\M134","7","0","5","1","1","1","0","1"
"MODULES","M135","C:\Users\DIYA GOEL\Downloads\EBDESIGN\backend\src\modules\M135","7","0","5","1","1","1","0","1"
"MODULES","M136","C:\Users\DIYA GOEL\Downloads\EBDESIGN\backend\src\modules\M136","7","0","5","1","1","1","0","1"
"MODULES","M137","C:\Users\DIYA GOEL\Downloads\EBDESIGN\backend\src\modules\M137","6","0","5","1","1","1","0","0"
"MODULES","M138","C:\Users\DIYA GOEL\Downloads\EBDESIGN\backend\src\modules\M138","7","0","5","1","1","1","0","1"
"MODULES","M139","C:\Users\DIYA GOEL\Downloads\EBDESIGN\backend\src\modules\M139","6","0","5","1","1","1","0","0"
"MODULES","M140","C:\Users\DIYA GOEL\Downloads\EBDESIGN\backend\src\modules\M140","7","0","5","1","1","1","0","1"
"MODULES","M141","C:\Users\DIYA GOEL\Downloads\EBDESIGN\backend\src\modules\M141","8","0","5","1","1","1","0","1"
"MODULES","M142","C:\Users\DIYA GOEL\Downloads\EBDESIGN\backend\src\modules\M142","7","0","5","1","1","1","0","1"
"MODULES","M143","C:\Users\DIYA GOEL\Downloads\EBDESIGN\backend\src\modules\M143","7","0","5","1","1","1","0","1"
"MODULES","M144","C:\Users\DIYA GOEL\Downloads\EBDESIGN\backend\src\modules\M144","7","0","5","1","1","1","0","0"
"MODULES","M144100_MODULECATALOG","C:\Users\DIYA GOEL\Downloads\EBDESIGN\backend\src\modules\M144100_MODULECATALOG","2","0","1","0","1","0","0","0"
"MODULES","M145","C:\Users\DIYA GOEL\Downloads\EBDESIGN\backend\src\modules\M145","7","0","5","1","1","1","0","1"
"MODULES","M146","C:\Users\DIYA GOEL\Downloads\EBDESIGN\backend\src\modules\M146","7","0","5","1","1","1","0","1"
"MODULES","M147","C:\Users\DIYA GOEL\Downloads\EBDESIGN\backend\src\modules\M147","7","0","5","1","1","1","0","1"
"MODULES","M148","C:\Users\DIYA GOEL\Downloads\EBDESIGN\backend\src\modules\M148","6","0","5","1","1","1","0","0"
"MODULES","M149","C:\Users\DIYA GOEL\Downloads\EBDESIGN\backend\src\modules\M149","6","0","5","1","1","1","0","0"
"MODULES","M149100_MUSHROOM","C:\Users\DIYA GOEL\Downloads\EBDESIGN\backend\src\modules\M149100_MUSHROOM","2","0","1","0","1","0","0","0"
"MODULES","M150","C:\Users\DIYA GOEL\Downloads\EBDESIGN\backend\src\modules\M150","7","0","5","1","1","1","0","1"
"MODULES","M150100_COMPLETEAIINTEGRATION","C:\Users\DIYA GOEL\Downloads\EBDESIGN\backend\src\modules\M150100_COMPLETEAIINTEGRATION","2","0","1","0","1","0","0","0"
"MODULES","M151","C:\Users\DIYA GOEL\Downloads\EBDESIGN\backend\src\modules\M151","7","0","5","1","1","1","0","1"
"MODULES","M152","C:\Users\DIYA GOEL\Downloads\EBDESIGN\backend\src\modules\M152","5","0","4","1","1","1","0","0"
"MODULES","M152100_PLATFORMCONFIGURATION","C:\Users\DIYA GOEL\Downloads\EBDESIGN\backend\src\modules\M152100_PLATFORMCONFIGURATION","2","0","1","0","1","0","0","0"
"MODULES","M153","C:\Users\DIYA GOEL\Downloads\EBDESIGN\backend\src\modules\M153","5","0","4","1","1","1","0","0"
"MODULES","M154","C:\Users\DIYA GOEL\Downloads\EBDESIGN\backend\src\modules\M154","5","0","4","1","1","1","0","0"
"MODULES","M155","C:\Users\DIYA GOEL\Downloads\EBDESIGN\backend\src\modules\M155","5","0","4","1","1","1","0","0"
"MODULES","M156","C:\Users\DIYA GOEL\Downloads\EBDESIGN\backend\src\modules\M156","5","0","4","1","1","1","0","0"
"MODULES","M157","C:\Users\DIYA GOEL\Downloads\EBDESIGN\backend\src\modules\M157","5","0","4","1","1","1","0","0"
"MODULES","M158","C:\Users\DIYA GOEL\Downloads\EBDESIGN\backend\src\modules\M158","5","0","4","1","1","1","0","0"
"MODULES","M159","C:\Users\DIYA GOEL\Downloads\EBDESIGN\backend\src\modules\M159","5","0","4","1","1","1","0","0"
"MODULES","M160","C:\Users\DIYA GOEL\Downloads\EBDESIGN\backend\src\modules\M160","5","0","4","1","1","1","0","0"
"MODULES","M161","C:\Users\DIYA GOEL\Downloads\EBDESIGN\backend\src\modules\M161","5","0","4","1","1","1","0","0"
"MODULES","M162","C:\Users\DIYA GOEL\Downloads\EBDESIGN\backend\src\modules\M162","5","0","4","1","1","1","0","0"
"MODULES","M163","C:\Users\DIYA GOEL\Downloads\EBDESIGN\backend\src\modules\M163","5","0","4","1","1","1","0","0"
"MODULES","M164","C:\Users\DIYA GOEL\Downloads\EBDESIGN\backend\src\modules\M164","5","0","4","1","1","1","0","0"
"MODULES","M165","C:\Users\DIYA GOEL\Downloads\EBDESIGN\backend\src\modules\M165","5","0","4","1","1","1","0","0"
"MODULES","M166","C:\Users\DIYA GOEL\Downloads\EBDESIGN\backend\src\modules\M166","5","0","4","1","1","1","0","0"
"MODULES","M167","C:\Users\DIYA GOEL\Downloads\EBDESIGN\backend\src\modules\M167","5","0","4","1","1","1","0","0"
"MODULES","M167100_FOODINTELLIGENCE","C:\Users\DIYA GOEL\Downloads\EBDESIGN\backend\src\modules\M167100_FOODINTELLIGENCE","2","0","1","0","1","0","0","0"
"MODULES","M168","C:\Users\DIYA GOEL\Downloads\EBDESIGN\backend\src\modules\M168","5","0","4","1","1","1","0","0"
"MODULES","M169","C:\Users\DIYA GOEL\Downloads\EBDESIGN\backend\src\modules\M169","5","0","4","1","1","1","0","0"
"MODULES","M170","C:\Users\DIYA GOEL\Downloads\EBDESIGN\backend\src\modules\M170","5","0","4","1","1","1","0","0"
"MODULES","M171","C:\Users\DIYA GOEL\Downloads\EBDESIGN\backend\src\modules\M171","5","0","4","1","1","1","0","0"
"MODULES","M172","C:\Users\DIYA GOEL\Downloads\EBDESIGN\backend\src\modules\M172","5","0","4","1","1","1","0","0"
"MODULES","M173","C:\Users\DIYA GOEL\Downloads\EBDESIGN\backend\src\modules\M173","5","0","4","1","1","1","0","0"
"MODULES","M174","C:\Users\DIYA GOEL\Downloads\EBDESIGN\backend\src\modules\M174","5","0","4","1","1","1","0","0"
"MODULES","M175","C:\Users\DIYA GOEL\Downloads\EBDESIGN\backend\src\modules\M175","5","0","4","1","1","1","0","0"
"MODULES","M176","C:\Users\DIYA GOEL\Downloads\EBDESIGN\backend\src\modules\M176","5","0","4","1","1","1","0","0"
"MODULES","M177","C:\Users\DIYA GOEL\Downloads\EBDESIGN\backend\src\modules\M177","5","0","4","1","1","1","0","0"
"MODULES","M178","C:\Users\DIYA GOEL\Downloads\EBDESIGN\backend\src\modules\M178","5","0","4","1","1","1","0","0"
"MODULES","M179","C:\Users\DIYA GOEL\Downloads\EBDESIGN\backend\src\modules\M179","5","0","4","1","1","1","0","0"
"MODULES","M180","C:\Users\DIYA GOEL\Downloads\EBDESIGN\backend\src\modules\M180","5","0","4","1","1","1","0","0"
"MODULES","M181","C:\Users\DIYA GOEL\Downloads\EBDESIGN\backend\src\modules\M181","5","0","4","1","1","1","0","0"
"MODULES","M18100_INSURANCECLAIMS","C:\Users\DIYA GOEL\Downloads\EBDESIGN\backend\src\modules\M18100_INSURANCECLAIMS","2","0","1","0","1","0","0","0"
"MODULES","M18100_POULTRY","C:\Users\DIYA GOEL\Downloads\EBDESIGN\backend\src\modules\M18100_POULTRY","5","2","1","0","1","0","0","0"
"MODULES","M181100_CUSTODYEVENTROUTES","C:\Users\DIYA GOEL\Downloads\EBDESIGN\backend\src\modules\M181100_CUSTODYEVENTROUTES","2","0","1","0","1","0","0","0"
"MODULES","M182","C:\Users\DIYA GOEL\Downloads\EBDESIGN\backend\src\modules\M182","5","0","4","1","1","1","0","0"
"MODULES","M183","C:\Users\DIYA GOEL\Downloads\EBDESIGN\backend\src\modules\M183","5","0","4","1","1","1","0","0"
"MODULES","M184","C:\Users\DIYA GOEL\Downloads\EBDESIGN\backend\src\modules\M184","5","0","4","1","1","1","0","0"
"MODULES","M185","C:\Users\DIYA GOEL\Downloads\EBDESIGN\backend\src\modules\M185","5","0","4","1","1","1","0","0"
"MODULES","M186","C:\Users\DIYA GOEL\Downloads\EBDESIGN\backend\src\modules\M186","5","0","4","1","1","1","0","0"
"MODULES","M186100_IOTSENSOR","C:\Users\DIYA GOEL\Downloads\EBDESIGN\backend\src\modules\M186100_IOTSENSOR","2","0","1","0","1","0","0","0"
"MODULES","M186100_REGIONALVARIETY","C:\Users\DIYA GOEL\Downloads\EBDESIGN\backend\src\modules\M186100_REGIONALVARIETY","2","0","1","0","1","0","0","0"
"MODULES","M187","C:\Users\DIYA GOEL\Downloads\EBDESIGN\backend\src\modules\M187","5","0","4","1","1","1","0","0"
"MODULES","M188","C:\Users\DIYA GOEL\Downloads\EBDESIGN\backend\src\modules\M188","5","0","4","1","1","1","0","0"
"MODULES","M188100_DYNAMICPRICING","C:\Users\DIYA GOEL\Downloads\EBDESIGN\backend\src\modules\M188100_DYNAMICPRICING","2","0","1","0","1","0","0","0"
"MODULES","M189","C:\Users\DIYA GOEL\Downloads\EBDESIGN\backend\src\modules\M189","5","0","4","1","1","1","0","0"
"MODULES","M190","C:\Users\DIYA GOEL\Downloads\EBDESIGN\backend\src\modules\M190","5","0","4","1","1","1","0","0"
"MODULES","M190100_GIINTELLIGENCE","C:\Users\DIYA GOEL\Downloads\EBDESIGN\backend\src\modules\M190100_GIINTELLIGENCE","2","0","1","0","1","0","0","0"
"MODULES","M191","C:\Users\DIYA GOEL\Downloads\EBDESIGN\backend\src\modules\M191","5","0","4","1","1","1","0","0"
"MODULES","M192","C:\Users\DIYA GOEL\Downloads\EBDESIGN\backend\src\modules\M192","5","0","4","1","1","1","0","0"
"MODULES","M192100_LANDRECORDS","C:\Users\DIYA GOEL\Downloads\EBDESIGN\backend\src\modules\M192100_LANDRECORDS","2","0","1","0","1","0","0","0"
"MODULES","M193","C:\Users\DIYA GOEL\Downloads\EBDESIGN\backend\src\modules\M193","5","0","4","1","1","1","0","0"
"MODULES","M194","C:\Users\DIYA GOEL\Downloads\EBDESIGN\backend\src\modules\M194","5","0","4","1","1","1","0","0"
"MODULES","M195","C:\Users\DIYA GOEL\Downloads\EBDESIGN\backend\src\modules\M195","5","0","4","1","1","1","0","0"
"MODULES","M196","C:\Users\DIYA GOEL\Downloads\EBDESIGN\backend\src\modules\M196","5","0","4","1","1","1","0","0"
"MODULES","M197","C:\Users\DIYA GOEL\Downloads\EBDESIGN\backend\src\modules\M197","5","0","4","1","1","1","0","0"
"MODULES","M198","C:\Users\DIYA GOEL\Downloads\EBDESIGN\backend\src\modules\M198","5","0","4","1","1","1","0","0"
"MODULES","M199","C:\Users\DIYA GOEL\Downloads\EBDESIGN\backend\src\modules\M199","5","0","4","1","1","1","0","0"
"MODULES","M200","C:\Users\DIYA GOEL\Downloads\EBDESIGN\backend\src\modules\M200","5","0","4","1","1","1","0","0"
"MODULES","M200_ORGANIZATION_MANAGEMENT","C:\Users\DIYA GOEL\Downloads\EBDESIGN\backend\src\modules\M200_ORGANIZATION_MANAGEMENT","4","2","1","0","1","0","0","0"
"MODULES","M201","C:\Users\DIYA GOEL\Downloads\EBDESIGN\backend\src\modules\M201","7","0","5","1","1","1","0","1"
"MODULES","M201100_SERICULTURE","C:\Users\DIYA GOEL\Downloads\EBDESIGN\backend\src\modules\M201100_SERICULTURE","2","0","1","0","1","0","0","0"
"MODULES","M202","C:\Users\DIYA GOEL\Downloads\EBDESIGN\backend\src\modules\M202","5","0","4","1","1","1","0","0"
"MODULES","M203","C:\Users\DIYA GOEL\Downloads\EBDESIGN\backend\src\modules\M203","5","0","4","1","1","1","0","0"
"MODULES","M204","C:\Users\DIYA GOEL\Downloads\EBDESIGN\backend\src\modules\M204","5","0","4","1","1","1","0","0"
"MODULES","M205","C:\Users\DIYA GOEL\Downloads\EBDESIGN\backend\src\modules\M205","5","0","4","1","1","1","0","0"
"MODULES","M205_COMPLIANCE_MANAGEMENT","C:\Users\DIYA GOEL\Downloads\EBDESIGN\backend\src\modules\M205_COMPLIANCE_MANAGEMENT","2","0","1","0","1","0","0","0"
"MODULES","M205100_RFQ","C:\Users\DIYA GOEL\Downloads\EBDESIGN\backend\src\modules\M205100_RFQ","2","0","1","0","1","0","0","0"
"MODULES","M206","C:\Users\DIYA GOEL\Downloads\EBDESIGN\backend\src\modules\M206","5","0","4","1","1","1","0","0"
"MODULES","M206_AUDIT_MANAGEMENT","C:\Users\DIYA GOEL\Downloads\EBDESIGN\backend\src\modules\M206_AUDIT_MANAGEMENT","2","0","1","0","1","0","0","0"
"MODULES","M207","C:\Users\DIYA GOEL\Downloads\EBDESIGN\backend\src\modules\M207","5","0","4","1","1","1","0","0"
"MODULES","M208","C:\Users\DIYA GOEL\Downloads\EBDESIGN\backend\src\modules\M208","5","0","4","1","1","1","0","0"
"MODULES","M208_GOVERNANCE","C:\Users\DIYA GOEL\Downloads\EBDESIGN\backend\src\modules\M208_GOVERNANCE","2","0","1","0","1","0","0","0"
"MODULES","M209","C:\Users\DIYA GOEL\Downloads\EBDESIGN\backend\src\modules\M209","5","0","4","1","1","1","0","0"
"MODULES","M209100_ROLEMANAGEMENT","C:\Users\DIYA GOEL\Downloads\EBDESIGN\backend\src\modules\M209100_ROLEMANAGEMENT","2","0","1","0","1","0","0","0"
"MODULES","M210","C:\Users\DIYA GOEL\Downloads\EBDESIGN\backend\src\modules\M210","5","0","4","1","1","1","0","0"
"MODULES","M211","C:\Users\DIYA GOEL\Downloads\EBDESIGN\backend\src\modules\M211","5","0","4","1","1","1","0","0"
"MODULES","M212","C:\Users\DIYA GOEL\Downloads\EBDESIGN\backend\src\modules\M212","5","0","4","1","1","1","0","0"
"MODULES","M213","C:\Users\DIYA GOEL\Downloads\EBDESIGN\backend\src\modules\M213","5","0","4","1","1","1","0","0"
"MODULES","M214","C:\Users\DIYA GOEL\Downloads\EBDESIGN\backend\src\modules\M214","5","0","4","1","1","1","0","0"
"MODULES","M215","C:\Users\DIYA GOEL\Downloads\EBDESIGN\backend\src\modules\M215","5","0","4","1","1","1","0","0"
"MODULES","M216","C:\Users\DIYA GOEL\Downloads\EBDESIGN\backend\src\modules\M216","5","0","4","1","1","1","0","0"
"MODULES","M217","C:\Users\DIYA GOEL\Downloads\EBDESIGN\backend\src\modules\M217","5","0","4","1","1","1","0","0"
"MODULES","M218","C:\Users\DIYA GOEL\Downloads\EBDESIGN\backend\src\modules\M218","5","0","4","1","1","1","0","0"
"MODULES","M219","C:\Users\DIYA GOEL\Downloads\EBDESIGN\backend\src\modules\M219","5","0","4","1","1","1","0","0"
"MODULES","M220","C:\Users\DIYA GOEL\Downloads\EBDESIGN\backend\src\modules\M220","5","0","4","1","1","1","0","0"
"MODULES","M220100_ECOMMERCEMARKETING","C:\Users\DIYA GOEL\Downloads\EBDESIGN\backend\src\modules\M220100_ECOMMERCEMARKETING","2","0","1","0","1","0","0","0"
"MODULES","M221","C:\Users\DIYA GOEL\Downloads\EBDESIGN\backend\src\modules\M221","5","0","4","1","1","1","0","0"
"MODULES","M222","C:\Users\DIYA GOEL\Downloads\EBDESIGN\backend\src\modules\M222","5","0","4","1","1","1","0","0"
"MODULES","M223","C:\Users\DIYA GOEL\Downloads\EBDESIGN\backend\src\modules\M223","5","0","4","1","1","1","0","0"
"MODULES","M224","C:\Users\DIYA GOEL\Downloads\EBDESIGN\backend\src\modules\M224","5","0","4","1","1","1","0","0"
"MODULES","M225","C:\Users\DIYA GOEL\Downloads\EBDESIGN\backend\src\modules\M225","5","0","4","1","1","1","0","0"
"MODULES","M226","C:\Users\DIYA GOEL\Downloads\EBDESIGN\backend\src\modules\M226","5","0","4","1","1","1","0","0"
"MODULES","M227","C:\Users\DIYA GOEL\Downloads\EBDESIGN\backend\src\modules\M227","5","0","4","1","1","1","0","0"
"MODULES","M228","C:\Users\DIYA GOEL\Downloads\EBDESIGN\backend\src\modules\M228","5","0","4","1","1","1","0","0"
"MODULES","M229","C:\Users\DIYA GOEL\Downloads\EBDESIGN\backend\src\modules\M229","5","0","4","1","1","1","0","0"
"MODULES","M230","C:\Users\DIYA GOEL\Downloads\EBDESIGN\backend\src\modules\M230","5","0","4","1","1","1","0","0"
"MODULES","M231","C:\Users\DIYA GOEL\Downloads\EBDESIGN\backend\src\modules\M231","5","0","4","1","1","1","0","0"
"MODULES","M232","C:\Users\DIYA GOEL\Downloads\EBDESIGN\backend\src\modules\M232","5","0","4","1","1","1","0","0"
"MODULES","M233","C:\Users\DIYA GOEL\Downloads\EBDESIGN\backend\src\modules\M233","5","0","4","1","1","1","0","0"
"MODULES","M234","C:\Users\DIYA GOEL\Downloads\EBDESIGN\backend\src\modules\M234","5","0","4","1","1","1","0","0"
"MODULES","M235","C:\Users\DIYA GOEL\Downloads\EBDESIGN\backend\src\modules\M235","5","0","4","1","1","1","0","0"
"MODULES","M235100_FOODSAFETY","C:\Users\DIYA GOEL\Downloads\EBDESIGN\backend\src\modules\M235100_FOODSAFETY","2","0","1","0","1","0","0","0"
"MODULES","M236","C:\Users\DIYA GOEL\Downloads\EBDESIGN\backend\src\modules\M236","5","0","4","1","1","1","0","0"
"MODULES","M237","C:\Users\DIYA GOEL\Downloads\EBDESIGN\backend\src\modules\M237","5","0","4","1","1","1","0","0"
"MODULES","M238","C:\Users\DIYA GOEL\Downloads\EBDESIGN\backend\src\modules\M238","5","0","4","1","1","1","0","0"
"MODULES","M239","C:\Users\DIYA GOEL\Downloads\EBDESIGN\backend\src\modules\M239","5","0","4","1","1","1","0","0"
"MODULES","M240","C:\Users\DIYA GOEL\Downloads\EBDESIGN\backend\src\modules\M240","5","0","4","1","1","1","0","0"
"MODULES","M241","C:\Users\DIYA GOEL\Downloads\EBDESIGN\backend\src\modules\M241","5","0","4","1","1","1","0","0"
"MODULES","M242","C:\Users\DIYA GOEL\Downloads\EBDESIGN\backend\src\modules\M242","5","0","4","1","1","1","0","0"
"MODULES","M243","C:\Users\DIYA GOEL\Downloads\EBDESIGN\backend\src\modules\M243","5","0","4","1","1","1","0","0"
"MODULES","M244","C:\Users\DIYA GOEL\Downloads\EBDESIGN\backend\src\modules\M244","5","0","4","1","1","1","0","0"
"MODULES","M244100_ORGANICTRACEABILITY","C:\Users\DIYA GOEL\Downloads\EBDESIGN\backend\src\modules\M244100_ORGANICTRACEABILITY","2","0","1","0","1","0","0","0"
"MODULES","M245","C:\Users\DIYA GOEL\Downloads\EBDESIGN\backend\src\modules\M245","5","0","4","1","1","1","0","0"
"MODULES","M246","C:\Users\DIYA GOEL\Downloads\EBDESIGN\backend\src\modules\M246","5","0","4","1","1","1","0","0"
"MODULES","M247","C:\Users\DIYA GOEL\Downloads\EBDESIGN\backend\src\modules\M247","5","0","4","1","1","1","0","0"
"MODULES","M248","C:\Users\DIYA GOEL\Downloads\EBDESIGN\backend\src\modules\M248","5","0","4","1","1","1","0","0"
"MODULES","M249","C:\Users\DIYA GOEL\Downloads\EBDESIGN\backend\src\modules\M249","5","0","4","1","1","1","0","0"
"MODULES","M250","C:\Users\DIYA GOEL\Downloads\EBDESIGN\backend\src\modules\M250","5","0","4","1","1","1","0","0"
"MODULES","M251","C:\Users\DIYA GOEL\Downloads\EBDESIGN\backend\src\modules\M251","5","0","4","1","1","1","0","0"
"MODULES","M25100_OFFLINESYNC","C:\Users\DIYA GOEL\Downloads\EBDESIGN\backend\src\modules\M25100_OFFLINESYNC","2","0","1","0","1","0","0","0"
"MODULES","M251100_ECOMMERCEERP","C:\Users\DIYA GOEL\Downloads\EBDESIGN\backend\src\modules\M251100_ECOMMERCEERP","2","0","1","0","1","0","0","0"
"MODULES","M252","C:\Users\DIYA GOEL\Downloads\EBDESIGN\backend\src\modules\M252","5","0","4","1","1","1","0","0"
"MODULES","M253","C:\Users\DIYA GOEL\Downloads\EBDESIGN\backend\src\modules\M253","5","0","4","1","1","1","0","0"
"MODULES","M254","C:\Users\DIYA GOEL\Downloads\EBDESIGN\backend\src\modules\M254","5","0","4","1","1","1","0","0"
"MODULES","M254100_DIGITALTWIN","C:\Users\DIYA GOEL\Downloads\EBDESIGN\backend\src\modules\M254100_DIGITALTWIN","2","0","1","0","1","0","0","0"
"MODULES","M255","C:\Users\DIYA GOEL\Downloads\EBDESIGN\backend\src\modules\M255","5","0","4","1","1","1","0","0"
"MODULES","M256","C:\Users\DIYA GOEL\Downloads\EBDESIGN\backend\src\modules\M256","5","0","4","1","1","1","0","0"
"MODULES","M257","C:\Users\DIYA GOEL\Downloads\EBDESIGN\backend\src\modules\M257","5","0","4","1","1","1","0","0"
"MODULES","M258","C:\Users\DIYA GOEL\Downloads\EBDESIGN\backend\src\modules\M258","5","0","4","1","1","1","0","0"
"MODULES","M259","C:\Users\DIYA GOEL\Downloads\EBDESIGN\backend\src\modules\M259","5","0","4","1","1","1","0","0"
"MODULES","M260","C:\Users\DIYA GOEL\Downloads\EBDESIGN\backend\src\modules\M260","5","0","4","1","1","1","0","0"
"MODULES","M261","C:\Users\DIYA GOEL\Downloads\EBDESIGN\backend\src\modules\M261","5","0","4","1","1","1","0","0"
"MODULES","M262","C:\Users\DIYA GOEL\Downloads\EBDESIGN\backend\src\modules\M262","5","0","4","1","1","1","0","0"
"MODULES","M263","C:\Users\DIYA GOEL\Downloads\EBDESIGN\backend\src\modules\M263","5","0","4","1","1","1","0","0"
"MODULES","M263100_CLIMATEMONITORING","C:\Users\DIYA GOEL\Downloads\EBDESIGN\backend\src\modules\M263100_CLIMATEMONITORING","2","0","1","0","1","0","0","0"
"MODULES","M264","C:\Users\DIYA GOEL\Downloads\EBDESIGN\backend\src\modules\M264","5","0","4","1","1","1","0","0"
"MODULES","M265","C:\Users\DIYA GOEL\Downloads\EBDESIGN\backend\src\modules\M265","5","0","4","1","1","1","0","0"
"MODULES","M265100_ENTERPRISEMEMORY","C:\Users\DIYA GOEL\Downloads\EBDESIGN\backend\src\modules\M265100_ENTERPRISEMEMORY","2","0","1","0","1","0","0","0"
"MODULES","M266","C:\Users\DIYA GOEL\Downloads\EBDESIGN\backend\src\modules\M266","5","0","4","1","1","1","0","0"
"MODULES","M267","C:\Users\DIYA GOEL\Downloads\EBDESIGN\backend\src\modules\M267","5","0","4","1","1","1","0","0"
"MODULES","M268","C:\Users\DIYA GOEL\Downloads\EBDESIGN\backend\src\modules\M268","5","0","4","1","1","1","0","0"
"MODULES","M269","C:\Users\DIYA GOEL\Downloads\EBDESIGN\backend\src\modules\M269","5","0","4","1","1","1","0","0"
"MODULES","M270","C:\Users\DIYA GOEL\Downloads\EBDESIGN\backend\src\modules\M270","5","0","4","1","1","1","0","0"
"MODULES","M271","C:\Users\DIYA GOEL\Downloads\EBDESIGN\backend\src\modules\M271","5","0","4","1","1","1","0","0"
"MODULES","M272","C:\Users\DIYA GOEL\Downloads\EBDESIGN\backend\src\modules\M272","5","0","4","1","1","1","0","0"
"MODULES","M273","C:\Users\DIYA GOEL\Downloads\EBDESIGN\backend\src\modules\M273","5","0","4","1","1","1","0","0"
"MODULES","M274","C:\Users\DIYA GOEL\Downloads\EBDESIGN\backend\src\modules\M274","5","0","4","1","1","1","0","0"
"MODULES","M275","C:\Users\DIYA GOEL\Downloads\EBDESIGN\backend\src\modules\M275","5","0","4","1","1","1","0","0"
"MODULES","M276","C:\Users\DIYA GOEL\Downloads\EBDESIGN\backend\src\modules\M276","5","0","4","1","1","1","0","0"
"MODULES","M277","C:\Users\DIYA GOEL\Downloads\EBDESIGN\backend\src\modules\M277","5","0","4","1","1","1","0","0"
"MODULES","M278","C:\Users\DIYA GOEL\Downloads\EBDESIGN\backend\src\modules\M278","5","0","4","1","1","1","0","0"
"MODULES","M279","C:\Users\DIYA GOEL\Downloads\EBDESIGN\backend\src\modules\M279","5","0","4","1","1","1","0","0"
"MODULES","M280","C:\Users\DIYA GOEL\Downloads\EBDESIGN\backend\src\modules\M280","5","0","4","1","1","1","0","0"
"MODULES","M281","C:\Users\DIYA GOEL\Downloads\EBDESIGN\backend\src\modules\M281","5","0","4","1","1","1","0","0"
"MODULES","M282","C:\Users\DIYA GOEL\Downloads\EBDESIGN\backend\src\modules\M282","5","0","4","1","1","1","0","0"
"MODULES","M282100_LABORATORYERP","C:\Users\DIYA GOEL\Downloads\EBDESIGN\backend\src\modules\M282100_LABORATORYERP","2","0","1","0","1","0","0","0"
"MODULES","M283","C:\Users\DIYA GOEL\Downloads\EBDESIGN\backend\src\modules\M283","5","0","4","1","1","1","0","0"
"MODULES","M284","C:\Users\DIYA GOEL\Downloads\EBDESIGN\backend\src\modules\M284","5","0","4","1","1","1","0","0"
"MODULES","M285","C:\Users\DIYA GOEL\Downloads\EBDESIGN\backend\src\modules\M285","5","0","4","1","1","1","0","0"
"MODULES","M285100_NUTRIENTVALUESALES","C:\Users\DIYA GOEL\Downloads\EBDESIGN\backend\src\modules\M285100_NUTRIENTVALUESALES","2","0","1","0","1","0","0","0"
"MODULES","M286","C:\Users\DIYA GOEL\Downloads\EBDESIGN\backend\src\modules\M286","5","0","4","1","1","1","0","0"
"MODULES","M287","C:\Users\DIYA GOEL\Downloads\EBDESIGN\backend\src\modules\M287","5","0","4","1","1","1","0","0"
"MODULES","M288","C:\Users\DIYA GOEL\Downloads\EBDESIGN\backend\src\modules\M288","5","0","4","1","1","1","0","0"
"MODULES","M289","C:\Users\DIYA GOEL\Downloads\EBDESIGN\backend\src\modules\M289","5","0","4","1","1","1","0","0"
"MODULES","M290","C:\Users\DIYA GOEL\Downloads\EBDESIGN\backend\src\modules\M290","5","0","4","1","1","1","0","0"
"MODULES","M290100_MACHINERYACCESS","C:\Users\DIYA GOEL\Downloads\EBDESIGN\backend\src\modules\M290100_MACHINERYACCESS","4","2","1","0","1","0","0","0"
"MODULES","M291","C:\Users\DIYA GOEL\Downloads\EBDESIGN\backend\src\modules\M291","5","0","4","1","1","1","0","0"
"MODULES","M292","C:\Users\DIYA GOEL\Downloads\EBDESIGN\backend\src\modules\M292","5","0","4","1","1","1","0","0"
"MODULES","M292100_INSURANCEPREMIUM","C:\Users\DIYA GOEL\Downloads\EBDESIGN\backend\src\modules\M292100_INSURANCEPREMIUM","2","0","1","0","1","0","0","0"
"MODULES","M293","C:\Users\DIYA GOEL\Downloads\EBDESIGN\backend\src\modules\M293","5","0","4","1","1","1","0","0"
"MODULES","M294","C:\Users\DIYA GOEL\Downloads\EBDESIGN\backend\src\modules\M294","5","0","4","1","1","1","0","0"
"MODULES","M295","C:\Users\DIYA GOEL\Downloads\EBDESIGN\backend\src\modules\M295","5","0","4","1","1","1","0","0"
"MODULES","M296","C:\Users\DIYA GOEL\Downloads\EBDESIGN\backend\src\modules\M296","5","0","4","1","1","1","0","0"
"MODULES","M297","C:\Users\DIYA GOEL\Downloads\EBDESIGN\backend\src\modules\M297","5","0","4","1","1","1","0","0"
"MODULES","M298","C:\Users\DIYA GOEL\Downloads\EBDESIGN\backend\src\modules\M298","5","0","4","1","1","1","0","0"
"MODULES","M299","C:\Users\DIYA GOEL\Downloads\EBDESIGN\backend\src\modules\M299","5","0","4","1","1","1","0","0"
"MODULES","M300","C:\Users\DIYA GOEL\Downloads\EBDESIGN\backend\src\modules\M300","5","0","4","1","1","1","0","0"
"MODULES","M300_ERP_CORE","C:\Users\DIYA GOEL\Downloads\EBDESIGN\backend\src\modules\M300_ERP_CORE","4","2","1","0","1","0","0","0"
"MODULES","M301","C:\Users\DIYA GOEL\Downloads\EBDESIGN\backend\src\modules\M301","7","0","5","1","1","1","0","1"
"MODULES","M301_FINANCIAL_MANAGEMENT","C:\Users\DIYA GOEL\Downloads\EBDESIGN\backend\src\modules\M301_FINANCIAL_MANAGEMENT","2","0","1","0","1","0","0","0"
"MODULES","M30100_CROPPLANNING","C:\Users\DIYA GOEL\Downloads\EBDESIGN\backend\src\modules\M30100_CROPPLANNING","2","0","1","0","1","0","0","0"
"MODULES","M302","C:\Users\DIYA GOEL\Downloads\EBDESIGN\backend\src\modules\M302","5","0","4","1","1","1","0","0"
"MODULES","M303","C:\Users\DIYA GOEL\Downloads\EBDESIGN\backend\src\modules\M303","5","0","4","1","1","1","0","0"
"MODULES","M304","C:\Users\DIYA GOEL\Downloads\EBDESIGN\backend\src\modules\M304","5","0","4","1","1","1","0","0"
"MODULES","M305","C:\Users\DIYA GOEL\Downloads\EBDESIGN\backend\src\modules\M305","5","0","4","1","1","1","0","0"
"MODULES","M306","C:\Users\DIYA GOEL\Downloads\EBDESIGN\backend\src\modules\M306","5","0","4","1","1","1","0","0"
"MODULES","M306_HUMAN_RESOURCES","C:\Users\DIYA GOEL\Downloads\EBDESIGN\backend\src\modules\M306_HUMAN_RESOURCES","2","0","1","0","1","0","0","0"
"MODULES","M307","C:\Users\DIYA GOEL\Downloads\EBDESIGN\backend\src\modules\M307","5","0","4","1","1","1","0","0"
"MODULES","M308","C:\Users\DIYA GOEL\Downloads\EBDESIGN\backend\src\modules\M308","5","0","4","1","1","1","0","0"
"MODULES","M308_ASSET_MANAGEMENT","C:\Users\DIYA GOEL\Downloads\EBDESIGN\backend\src\modules\M308_ASSET_MANAGEMENT","4","2","1","0","1","0","0","0"
"MODULES","M309","C:\Users\DIYA GOEL\Downloads\EBDESIGN\backend\src\modules\M309","5","0","4","1","1","1","0","0"
"MODULES","M309_COST_MANAGEMENT","C:\Users\DIYA GOEL\Downloads\EBDESIGN\backend\src\modules\M309_COST_MANAGEMENT","3","0","1","0","1","0","0","0"
"MODULES","M310","C:\Users\DIYA GOEL\Downloads\EBDESIGN\backend\src\modules\M310","5","0","4","1","1","1","0","0"
"MODULES","M3100_OFFLINEPAYMENT","C:\Users\DIYA GOEL\Downloads\EBDESIGN\backend\src\modules\M3100_OFFLINEPAYMENT","2","0","1","0","1","0","0","0"
"MODULES","M311","C:\Users\DIYA GOEL\Downloads\EBDESIGN\backend\src\modules\M311","5","0","4","1","1","1","0","0"
"MODULES","M312","C:\Users\DIYA GOEL\Downloads\EBDESIGN\backend\src\modules\M312","5","0","4","1","1","1","0","0"
"MODULES","M313","C:\Users\DIYA GOEL\Downloads\EBDESIGN\backend\src\modules\M313","5","0","4","1","1","1","0","0"
"MODULES","M314","C:\Users\DIYA GOEL\Downloads\EBDESIGN\backend\src\modules\M314","5","0","4","1","1","1","0","0"
"MODULES","M315","C:\Users\DIYA GOEL\Downloads\EBDESIGN\backend\src\modules\M315","5","0","4","1","1","1","0","0"
"MODULES","M316","C:\Users\DIYA GOEL\Downloads\EBDESIGN\backend\src\modules\M316","5","0","4","1","1","1","0","0"
"MODULES","M317","C:\Users\DIYA GOEL\Downloads\EBDESIGN\backend\src\modules\M317","5","0","4","1","1","1","0","0"
"MODULES","M317100_AISELFHEALING","C:\Users\DIYA GOEL\Downloads\EBDESIGN\backend\src\modules\M317100_AISELFHEALING","2","0","1","0","1","0","0","0"
"MODULES","M318","C:\Users\DIYA GOEL\Downloads\EBDESIGN\backend\src\modules\M318","5","0","4","1","1","1","0","0"
"MODULES","M319","C:\Users\DIYA GOEL\Downloads\EBDESIGN\backend\src\modules\M319","5","0","4","1","1","1","0","0"
"MODULES","M320","C:\Users\DIYA GOEL\Downloads\EBDESIGN\backend\src\modules\M320","5","0","4","1","1","1","0","0"
"MODULES","M321","C:\Users\DIYA GOEL\Downloads\EBDESIGN\backend\src\modules\M321","5","0","4","1","1","1","0","0"
"MODULES","M322","C:\Users\DIYA GOEL\Downloads\EBDESIGN\backend\src\modules\M322","5","0","4","1","1","1","0","0"
"MODULES","M323","C:\Users\DIYA GOEL\Downloads\EBDESIGN\backend\src\modules\M323","5","0","4","1","1","1","0","0"
"MODULES","M324","C:\Users\DIYA GOEL\Downloads\EBDESIGN\backend\src\modules\M324","5","0","4","1","1","1","0","0"
"MODULES","M325","C:\Users\DIYA GOEL\Downloads\EBDESIGN\backend\src\modules\M325","5","0","4","1","1","1","0","0"
"MODULES","M326","C:\Users\DIYA GOEL\Downloads\EBDESIGN\backend\src\modules\M326","5","0","4","1","1","1","0","0"
"MODULES","M327","C:\Users\DIYA GOEL\Downloads\EBDESIGN\backend\src\modules\M327","5","0","4","1","1","1","0","0"
"MODULES","M328","C:\Users\DIYA GOEL\Downloads\EBDESIGN\backend\src\modules\M328","5","0","4","1","1","1","0","0"
"MODULES","M329","C:\Users\DIYA GOEL\Downloads\EBDESIGN\backend\src\modules\M329","5","0","4","1","1","1","0","0"
"MODULES","M330","C:\Users\DIYA GOEL\Downloads\EBDESIGN\backend\src\modules\M330","5","0","4","1","1","1","0","0"
"MODULES","M331","C:\Users\DIYA GOEL\Downloads\EBDESIGN\backend\src\modules\M331","5","0","4","1","1","1","0","0"
"MODULES","M331100_FARMERTRAINING","C:\Users\DIYA GOEL\Downloads\EBDESIGN\backend\src\modules\M331100_FARMERTRAINING","2","0","1","0","1","0","0","0"
"MODULES","M332","C:\Users\DIYA GOEL\Downloads\EBDESIGN\backend\src\modules\M332","5","0","4","1","1","1","0","0"
"MODULES","M333","C:\Users\DIYA GOEL\Downloads\EBDESIGN\backend\src\modules\M333","5","0","4","1","1","1","0","0"
"MODULES","M333100_RURALFINANCE","C:\Users\DIYA GOEL\Downloads\EBDESIGN\backend\src\modules\M333100_RURALFINANCE","2","0","1","0","1","0","0","0"
"MODULES","M334","C:\Users\DIYA GOEL\Downloads\EBDESIGN\backend\src\modules\M334","5","0","4","1","1","1","0","0"
"MODULES","M335","C:\Users\DIYA GOEL\Downloads\EBDESIGN\backend\src\modules\M335","5","0","4","1","1","1","0","0"
"MODULES","M336","C:\Users\DIYA GOEL\Downloads\EBDESIGN\backend\src\modules\M336","5","0","4","1","1","1","0","0"
"MODULES","M337","C:\Users\DIYA GOEL\Downloads\EBDESIGN\backend\src\modules\M337","5","0","4","1","1","1","0","0"
"MODULES","M338","C:\Users\DIYA GOEL\Downloads\EBDESIGN\backend\src\modules\M338","5","0","4","1","1","1","0","0"
"MODULES","M339","C:\Users\DIYA GOEL\Downloads\EBDESIGN\backend\src\modules\M339","5","0","4","1","1","1","0","0"
"MODULES","M340","C:\Users\DIYA GOEL\Downloads\EBDESIGN\backend\src\modules\M340","5","0","4","1","1","1","0","0"
"MODULES","M341","C:\Users\DIYA GOEL\Downloads\EBDESIGN\backend\src\modules\M341","5","0","4","1","1","1","0","0"
"MODULES","M342","C:\Users\DIYA GOEL\Downloads\EBDESIGN\backend\src\modules\M342","5","0","4","1","1","1","0","0"
"MODULES","M343","C:\Users\DIYA GOEL\Downloads\EBDESIGN\backend\src\modules\M343","5","0","4","1","1","1","0","0"
"MODULES","M344","C:\Users\DIYA GOEL\Downloads\EBDESIGN\backend\src\modules\M344","5","0","4","1","1","1","0","0"
"MODULES","M345100_SELLERRANKING","C:\Users\DIYA GOEL\Downloads\EBDESIGN\backend\src\modules\M345100_SELLERRANKING","2","0","1","0","1","0","0","0"
"MODULES","M353100_CUSTODYEVENT","C:\Users\DIYA GOEL\Downloads\EBDESIGN\backend\src\modules\M353100_CUSTODYEVENT","2","0","1","0","1","0","0","0"
"MODULES","M356100_BACKUP","C:\Users\DIYA GOEL\Downloads\EBDESIGN\backend\src\modules\M356100_BACKUP","2","0","1","0","1","0","0","0"
"MODULES","M356100_ECOMMERCEBUSINESSSALES","C:\Users\DIYA GOEL\Downloads\EBDESIGN\backend\src\modules\M356100_ECOMMERCEBUSINESSSALES","2","0","1","0","1","0","0","0"
"MODULES","M359100_INSURANCE","C:\Users\DIYA GOEL\Downloads\EBDESIGN\backend\src\modules\M359100_INSURANCE","4","2","1","0","1","0","0","0"
"MODULES","M37100_HOUSEHOLDECONOMY","C:\Users\DIYA GOEL\Downloads\EBDESIGN\backend\src\modules\M37100_HOUSEHOLDECONOMY","2","0","1","0","1","0","0","0"
"MODULES","M374100_MARKETDATA","C:\Users\DIYA GOEL\Downloads\EBDESIGN\backend\src\modules\M374100_MARKETDATA","2","0","1","0","1","0","0","0"
"MODULES","M377100_PRODUCT","C:\Users\DIYA GOEL\Downloads\EBDESIGN\backend\src\modules\M377100_PRODUCT","2","0","1","0","1","0","0","0"
"MODULES","M379100_COLDSTORAGE","C:\Users\DIYA GOEL\Downloads\EBDESIGN\backend\src\modules\M379100_COLDSTORAGE","2","0","1","0","1","0","0","0"
"MODULES","M386100_NUTRITIONINTELLIGENCE","C:\Users\DIYA GOEL\Downloads\EBDESIGN\backend\src\modules\M386100_NUTRITIONINTELLIGENCE","2","0","1","0","1","0","0","0"
"MODULES","M386100_SUBSIDY","C:\Users\DIYA GOEL\Downloads\EBDESIGN\backend\src\modules\M386100_SUBSIDY","4","2","1","0","1","0","0","0"
"MODULES","M388100_BLOCKCHAINTRACEABILITY","C:\Users\DIYA GOEL\Downloads\EBDESIGN\backend\src\modules\M388100_BLOCKCHAINTRACEABILITY","2","0","1","0","1","0","0","0"
"MODULES","M388100_SAPMODULEARCHITECTURE","C:\Users\DIYA GOEL\Downloads\EBDESIGN\backend\src\modules\M388100_SAPMODULEARCHITECTURE","2","0","1","0","1","0","0","0"
"MODULES","M39100_RENEWABLEENERGY","C:\Users\DIYA GOEL\Downloads\EBDESIGN\backend\src\modules\M39100_RENEWABLEENERGY","3","0","1","0","1","0","0","0"
"MODULES","M400_AI_BACKBONE","C:\Users\DIYA GOEL\Downloads\EBDESIGN\backend\src\modules\M400_AI_BACKBONE","2","0","1","0","1","0","0","0"
"MODULES","M400_AI_CORE","C:\Users\DIYA GOEL\Downloads\EBDESIGN\backend\src\modules\M400_AI_CORE","4","2","1","0","1","0","0","0"
"MODULES","M401_AI_GATEWAY","C:\Users\DIYA GOEL\Downloads\EBDESIGN\backend\src\modules\M401_AI_GATEWAY","5","2","1","0","1","0","0","0"
"MODULES","M402_AI_ORCHESTRATION","C:\Users\DIYA GOEL\Downloads\EBDESIGN\backend\src\modules\M402_AI_ORCHESTRATION","2","0","1","0","1","0","0","0"
"MODULES","M403_AGRICULTURAL_AI","C:\Users\DIYA GOEL\Downloads\EBDESIGN\backend\src\modules\M403_AGRICULTURAL_AI","4","2","1","0","1","0","0","0"
"MODULES","M404_DECISION_SUPPORT","C:\Users\DIYA GOEL\Downloads\EBDESIGN\backend\src\modules\M404_DECISION_SUPPORT","3","0","1","0","1","0","0","0"
"MODULES","M405_PREDICTIVE_ANALYTICS","C:\Users\DIYA GOEL\Downloads\EBDESIGN\backend\src\modules\M405_PREDICTIVE_ANALYTICS","2","0","1","0","1","0","0","0"
"MODULES","M406100_ECOMMERCEINTEGRATION","C:\Users\DIYA GOEL\Downloads\EBDESIGN\backend\src\modules\M406100_ECOMMERCEINTEGRATION","2","0","1","0","1","0","0","0"
"MODULES","M407_CONVERSATIONAL_AI","C:\Users\DIYA GOEL\Downloads\EBDESIGN\backend\src\modules\M407_CONVERSATIONAL_AI","4","2","1","0","1","0","0","0"
"MODULES","M407100_RECOVEREDFINANCE","C:\Users\DIYA GOEL\Downloads\EBDESIGN\backend\src\modules\M407100_RECOVEREDFINANCE","2","0","1","0","1","0","0","0"
"MODULES","M408_KNOWLEDGE_MANAGEMENT","C:\Users\DIYA GOEL\Downloads\EBDESIGN\backend\src\modules\M408_KNOWLEDGE_MANAGEMENT","5","2","1","0","1","0","0","0"
"MODULES","M409100_ADVANCEDAI","C:\Users\DIYA GOEL\Downloads\EBDESIGN\backend\src\modules\M409100_ADVANCEDAI","2","0","1","0","1","0","0","0"
"MODULES","M410_AI_INTELLIGENCE_FABRIC","C:\Users\DIYA GOEL\Downloads\EBDESIGN\backend\src\modules\M410_AI_INTELLIGENCE_FABRIC","2","0","1","0","1","0","0","0"
"MODULES","M412100_COMMERCERULES","C:\Users\DIYA GOEL\Downloads\EBDESIGN\backend\src\modules\M412100_COMMERCERULES","2","0","1","0","1","0","0","0"
"MODULES","M414100_RETURNLOADBOARD","C:\Users\DIYA GOEL\Downloads\EBDESIGN\backend\src\modules\M414100_RETURNLOADBOARD","2","0","1","0","1","0","0","0"
"MODULES","M415100_SMSAUTH","C:\Users\DIYA GOEL\Downloads\EBDESIGN\backend\src\modules\M415100_SMSAUTH","2","0","1","0","1","0","0","0"
"MODULES","M419100_ORDER","C:\Users\DIYA GOEL\Downloads\EBDESIGN\backend\src\modules\M419100_ORDER","2","0","1","0","1","0","0","0"
"MODULES","M43100_APICULTURE","C:\Users\DIYA GOEL\Downloads\EBDESIGN\backend\src\modules\M43100_APICULTURE","2","0","1","0","1","0","0","0"
"MODULES","M444100_CROPVALUERESEARCH","C:\Users\DIYA GOEL\Downloads\EBDESIGN\backend\src\modules\M444100_CROPVALUERESEARCH","2","0","1","0","1","0","0","0"
"MODULES","M445100_VILLAGEPROFILE","C:\Users\DIYA GOEL\Downloads\EBDESIGN\backend\src\modules\M445100_VILLAGEPROFILE","4","2","1","0","1","0","0","0"
"MODULES","M451100_SHELFLIFE","C:\Users\DIYA GOEL\Downloads\EBDESIGN\backend\src\modules\M451100_SHELFLIFE","2","0","1","0","1","0","0","0"
"MODULES","M454100_ADVANCEDFEATURES","C:\Users\DIYA GOEL\Downloads\EBDESIGN\backend\src\modules\M454100_ADVANCEDFEATURES","2","0","1","0","1","0","0","0"
"MODULES","M455100_AICOPILOT","C:\Users\DIYA GOEL\Downloads\EBDESIGN\backend\src\modules\M455100_AICOPILOT","2","0","1","0","1","0","2","0"
"MODULES","M456100_FORM","C:\Users\DIYA GOEL\Downloads\EBDESIGN\backend\src\modules\M456100_FORM","2","0","1","0","1","0","0","0"
"MODULES","M469100_DEFENSEFITNESSPREP","C:\Users\DIYA GOEL\Downloads\EBDESIGN\backend\src\modules\M469100_DEFENSEFITNESSPREP","2","0","1","0","1","0","0","0"
"MODULES","M472100_AIADVISORY","C:\Users\DIYA GOEL\Downloads\EBDESIGN\backend\src\modules\M472100_AIADVISORY","2","0","1","0","1","0","0","0"
"MODULES","M474100_VALUECOMMERCE","C:\Users\DIYA GOEL\Downloads\EBDESIGN\backend\src\modules\M474100_VALUECOMMERCE","2","0","1","0","1","0","0","0"
"MODULES","M477100_SOILTESTING","C:\Users\DIYA GOEL\Downloads\EBDESIGN\backend\src\modules\M477100_SOILTESTING","2","0","1","0","1","0","0","0"
"MODULES","M477100_VOICEAI","C:\Users\DIYA GOEL\Downloads\EBDESIGN\backend\src\modules\M477100_VOICEAI","2","0","1","0","1","0","0","0"
"MODULES","M48100_BUYINGCLUB","C:\Users\DIYA GOEL\Downloads\EBDESIGN\backend\src\modules\M48100_BUYINGCLUB","2","0","1","0","1","0","0","0"
"MODULES","M49100_WEARABLEINTEGRATION","C:\Users\DIYA GOEL\Downloads\EBDESIGN\backend\src\modules\M49100_WEARABLEINTEGRATION","2","0","1","0","1","0","0","0"
"MODULES","M499100_SHEEP","C:\Users\DIYA GOEL\Downloads\EBDESIGN\backend\src\modules\M499100_SHEEP","5","2","1","0","1","0","0","0"
"MODULES","M501100_IDENTITYMANAGEMENT","C:\Users\DIYA GOEL\Downloads\EBDESIGN\backend\src\modules\M501100_IDENTITYMANAGEMENT","4","2","1","0","1","0","0","0"
"MODULES","M510100_OCR","C:\Users\DIYA GOEL\Downloads\EBDESIGN\backend\src\modules\M510100_OCR","2","0","1","0","1","0","0","0"
"MODULES","M51100_MARKETACCESS","C:\Users\DIYA GOEL\Downloads\EBDESIGN\backend\src\modules\M51100_MARKETACCESS","2","0","1","0","1","0","0","0"
"MODULES","M513100_COMPREHENSIVEERP","C:\Users\DIYA GOEL\Downloads\EBDESIGN\backend\src\modules\M513100_COMPREHENSIVEERP","2","0","1","0","1","0","0","0"
"MODULES","M522100_PLATFORMTELEMETRY","C:\Users\DIYA GOEL\Downloads\EBDESIGN\backend\src\modules\M522100_PLATFORMTELEMETRY","2","0","1","0","1","0","0","0"
"MODULES","M528100_CIVILDISRUPTION","C:\Users\DIYA GOEL\Downloads\EBDESIGN\backend\src\modules\M528100_CIVILDISRUPTION","2","0","1","0","1","0","0","0"
"MODULES","M530100_PROCUREMENTSUBSCRIPTION","C:\Users\DIYA GOEL\Downloads\EBDESIGN\backend\src\modules\M530100_PROCUREMENTSUBSCRIPTION","2","0","1","0","1","0","0","0"
"MODULES","M538100_RESOURCECRUDFACTORY","C:\Users\DIYA GOEL\Downloads\EBDESIGN\backend\src\modules\M538100_RESOURCECRUDFACTORY","2","0","1","0","1","0","0","0"
"MODULES","M543100_RISKPRICING","C:\Users\DIYA GOEL\Downloads\EBDESIGN\backend\src\modules\M543100_RISKPRICING","2","0","1","0","1","0","0","0"
"MODULES","M557100_NEPRODUCTINTELLIGENCE","C:\Users\DIYA GOEL\Downloads\EBDESIGN\backend\src\modules\M557100_NEPRODUCTINTELLIGENCE","2","0","1","0","1","0","0","0"
"MODULES","M559100_KNOWLEDGEGRAPH","C:\Users\DIYA GOEL\Downloads\EBDESIGN\backend\src\modules\M559100_KNOWLEDGEGRAPH","2","0","1","0","1","0","0","0"
"MODULES","M560100_GEOFENCING","C:\Users\DIYA GOEL\Downloads\EBDESIGN\backend\src\modules\M560100_GEOFENCING","2","0","1","0","1","0","0","0"
"MODULES","M569100_COOPERATIVESHARE","C:\Users\DIYA GOEL\Downloads\EBDESIGN\backend\src\modules\M569100_COOPERATIVESHARE","2","0","1","0","1","0","0","0"
"MODULES","M570100_COMPANY","C:\Users\DIYA GOEL\Downloads\EBDESIGN\backend\src\modules\M570100_COMPANY","2","0","1","0","1","0","0","0"
"MODULES","M570100_PRESEASONORDER","C:\Users\DIYA GOEL\Downloads\EBDESIGN\backend\src\modules\M570100_PRESEASONORDER","2","0","1","0","1","0","0","0"
"MODULES","M573100_COMPLETEERPINTEGRATION","C:\Users\DIYA GOEL\Downloads\EBDESIGN\backend\src\modules\M573100_COMPLETEERPINTEGRATION","2","0","1","0","1","0","0","0"
"MODULES","M576100_ANALYTICSMONITORING","C:\Users\DIYA GOEL\Downloads\EBDESIGN\backend\src\modules\M576100_ANALYTICSMONITORING","2","0","1","0","1","0","0","0"
"MODULES","M590100_BIODIVERSITY","C:\Users\DIYA GOEL\Downloads\EBDESIGN\backend\src\modules\M590100_BIODIVERSITY","2","0","1","0","1","0","0","0"
"MODULES","M602100_COMMUNITYMANAGEMENT","C:\Users\DIYA GOEL\Downloads\EBDESIGN\backend\src\modules\M602100_COMMUNITYMANAGEMENT","4","2","1","0","1","0","0","0"
"MODULES","M604100_INPUTSUPPLYMANAGEMENT","C:\Users\DIYA GOEL\Downloads\EBDESIGN\backend\src\modules\M604100_INPUTSUPPLYMANAGEMENT","2","0","1","0","1","0","0","0"
"MODULES","M606100_REALTIMEMONITORING","C:\Users\DIYA GOEL\Downloads\EBDESIGN\backend\src\modules\M606100_REALTIMEMONITORING","2","0","1","0","1","0","0","0"
"MODULES","M61100_VISION","C:\Users\DIYA GOEL\Downloads\EBDESIGN\backend\src\modules\M61100_VISION","2","0","1","0","1","0","0","0"
"MODULES","M615100_LOGISTICS","C:\Users\DIYA GOEL\Downloads\EBDESIGN\backend\src\modules\M615100_LOGISTICS","4","2","1","0","1","0","0","0"
"MODULES","M618100_GLUTWARNING","C:\Users\DIYA GOEL\Downloads\EBDESIGN\backend\src\modules\M618100_GLUTWARNING","2","0","1","0","1","0","0","0"
"MODULES","M62100_EQUIPMENTEXCHANGE","C:\Users\DIYA GOEL\Downloads\EBDESIGN\backend\src\modules\M62100_EQUIPMENTEXCHANGE","2","0","1","0","1","0","0","0"
"MODULES","M629100_MOBILITYRIDES","C:\Users\DIYA GOEL\Downloads\EBDESIGN\backend\src\modules\M629100_MOBILITYRIDES","2","0","1","0","1","0","0","0"
"MODULES","M63","C:\Users\DIYA GOEL\Downloads\EBDESIGN\backend\src\modules\M63","6","0","4","1","1","1","0","1"
"MODULES","M639100_OMNICHANNELAI","C:\Users\DIYA GOEL\Downloads\EBDESIGN\backend\src\modules\M639100_OMNICHANNELAI","2","0","1","0","1","0","0","0"
"MODULES","M639100_WHATSAPP","C:\Users\DIYA GOEL\Downloads\EBDESIGN\backend\src\modules\M639100_WHATSAPP","2","0","1","0","1","0","0","0"
"MODULES","M64","C:\Users\DIYA GOEL\Downloads\EBDESIGN\backend\src\modules\M64","6","0","4","1","1","1","0","1"
"MODULES","M640100_INSURANCEPOLICYISSUANCE","C:\Users\DIYA GOEL\Downloads\EBDESIGN\backend\src\modules\M640100_INSURANCEPOLICYISSUANCE","2","0","1","0","1","0","0","0"
"MODULES","M645100_LIBRARYKNOWLEDGE","C:\Users\DIYA GOEL\Downloads\EBDESIGN\backend\src\modules\M645100_LIBRARYKNOWLEDGE","5","1","3","1","1","0","0","0"
"MODULES","M65","C:\Users\DIYA GOEL\Downloads\EBDESIGN\backend\src\modules\M65","6","0","4","1","1","1","0","1"
"MODULES","M651100_RESEARCHANDDEVELOPMENT","C:\Users\DIYA GOEL\Downloads\EBDESIGN\backend\src\modules\M651100_RESEARCHANDDEVELOPMENT","2","0","1","0","1","0","0","0"
"MODULES","M652100_ARVR","C:\Users\DIYA GOEL\Downloads\EBDESIGN\backend\src\modules\M652100_ARVR","2","0","1","0","1","0","0","0"
"MODULES","M652100_GOVERNMENTSCHEME","C:\Users\DIYA GOEL\Downloads\EBDESIGN\backend\src\modules\M652100_GOVERNMENTSCHEME","4","2","1","0","1","0","0","0"
"MODULES","M652100_TENANTMANAGEMENT","C:\Users\DIYA GOEL\Downloads\EBDESIGN\backend\src\modules\M652100_TENANTMANAGEMENT","2","0","1","0","1","0","0","0"
"MODULES","M657100_MULTILINGUAL","C:\Users\DIYA GOEL\Downloads\EBDESIGN\backend\src\modules\M657100_MULTILINGUAL","2","0","1","0","1","0","0","0"
"MODULES","M663100_SHAREDINFRA","C:\Users\DIYA GOEL\Downloads\EBDESIGN\backend\src\modules\M663100_SHAREDINFRA","2","0","1","0","1","0","0","0"
"MODULES","M664100_MARKETINTELLIGENCE","C:\Users\DIYA GOEL\Downloads\EBDESIGN\backend\src\modules\M664100_MARKETINTELLIGENCE","2","0","1","0","1","0","0","0"
"MODULES","M675100_AIAGENTICCOMPANION","C:\Users\DIYA GOEL\Downloads\EBDESIGN\backend\src\modules\M675100_AIAGENTICCOMPANION","2","0","1","0","1","0","2","0"
"MODULES","M68100_INDIGENOUSKNOWLEDGE","C:\Users\DIYA GOEL\Downloads\EBDESIGN\backend\src\modules\M68100_INDIGENOUSKNOWLEDGE","2","0","1","0","1","0","0","0"
"MODULES","M695100_GST","C:\Users\DIYA GOEL\Downloads\EBDESIGN\backend\src\modules\M695100_GST","2","0","1","0","1","0","0","0"
"MODULES","M697100_ESCROW","C:\Users\DIYA GOEL\Downloads\EBDESIGN\backend\src\modules\M697100_ESCROW","2","0","1","0","1","0","0","0"
"MODULES","M697100_INSURANCEFRAUDDETECTION","C:\Users\DIYA GOEL\Downloads\EBDESIGN\backend\src\modules\M697100_INSURANCEFRAUDDETECTION","2","0","1","0","1","0","0","0"
"MODULES","M699100_AIOPERATIONINTELLIGENCE","C:\Users\DIYA GOEL\Downloads\EBDESIGN\backend\src\modules\M699100_AIOPERATIONINTELLIGENCE","2","0","1","0","1","0","0","0"
"MODULES","M70100_MERCHANDISING","C:\Users\DIYA GOEL\Downloads\EBDESIGN\backend\src\modules\M70100_MERCHANDISING","2","0","1","0","1","0","0","0"
"MODULES","M701100_PREVENTIVEMAINTENANCE","C:\Users\DIYA GOEL\Downloads\EBDESIGN\backend\src\modules\M701100_PREVENTIVEMAINTENANCE","2","0","1","0","1","0","0","0"
"MODULES","M707100_CATALOGINTELLIGENCE","C:\Users\DIYA GOEL\Downloads\EBDESIGN\backend\src\modules\M707100_CATALOGINTELLIGENCE","2","0","1","0","1","0","0","0"
"MODULES","M712100_ENGINEERINGPROJECT","C:\Users\DIYA GOEL\Downloads\EBDESIGN\backend\src\modules\M712100_ENGINEERINGPROJECT","2","0","1","0","1","0","0","0"
"MODULES","M713100_WIKIPEDIA","C:\Users\DIYA GOEL\Downloads\EBDESIGN\backend\src\modules\M713100_WIKIPEDIA","2","0","1","0","1","0","0","0"
"MODULES","M714100_PRODUCTMEDIAAI","C:\Users\DIYA GOEL\Downloads\EBDESIGN\backend\src\modules\M714100_PRODUCTMEDIAAI","2","0","1","0","1","0","0","0"
"MODULES","M722100_FARMER","C:\Users\DIYA GOEL\Downloads\EBDESIGN\backend\src\modules\M722100_FARMER","2","0","1","0","1","0","0","0"
"MODULES","M723100_AIBRAIN","C:\Users\DIYA GOEL\Downloads\EBDESIGN\backend\src\modules\M723100_AIBRAIN","2","0","1","0","1","0","0","0"
"MODULES","M726100_FORESTRY","C:\Users\DIYA GOEL\Downloads\EBDESIGN\backend\src\modules\M726100_FORESTRY","2","0","1","0","1","0","0","0"
"MODULES","M735100_FOLUBENCHMARK","C:\Users\DIYA GOEL\Downloads\EBDESIGN\backend\src\modules\M735100_FOLUBENCHMARK","2","0","1","0","1","0","0","0"
"MODULES","M74100_OPERATIONSMANAGEMENT","C:\Users\DIYA GOEL\Downloads\EBDESIGN\backend\src\modules\M74100_OPERATIONSMANAGEMENT","4","2","1","0","1","0","0","0"
"MODULES","M746100_ANALYTICS","C:\Users\DIYA GOEL\Downloads\EBDESIGN\backend\src\modules\M746100_ANALYTICS","4","2","1","0","1","0","0","0"
"MODULES","M752100_AIBACKBONE","C:\Users\DIYA GOEL\Downloads\EBDESIGN\backend\src\modules\M752100_AIBACKBONE","2","0","1","0","1","0","0","0"
"MODULES","M759100_DEMAND","C:\Users\DIYA GOEL\Downloads\EBDESIGN\backend\src\modules\M759100_DEMAND","2","0","1","0","1","0","0","0"
"MODULES","M763100_ENTERPRISECONTROL","C:\Users\DIYA GOEL\Downloads\EBDESIGN\backend\src\modules\M763100_ENTERPRISECONTROL","2","0","1","0","1","0","0","0"
"MODULES","M764100_V42INTELLIGENCE","C:\Users\DIYA GOEL\Downloads\EBDESIGN\backend\src\modules\M764100_V42INTELLIGENCE","2","0","1","0","1","0","0","0"
"MODULES","M767100_DPRGENERATION","C:\Users\DIYA GOEL\Downloads\EBDESIGN\backend\src\modules\M767100_DPRGENERATION","2","0","1","0","1","0","0","0"
"MODULES","M77100_WATERMANAGEMENT","C:\Users\DIYA GOEL\Downloads\EBDESIGN\backend\src\modules\M77100_WATERMANAGEMENT","4","2","1","0","1","0","0","0"
"MODULES","M771100_COSTCONTROL","C:\Users\DIYA GOEL\Downloads\EBDESIGN\backend\src\modules\M771100_COSTCONTROL","4","2","1","0","1","0","0","0"
"MODULES","M775100_FARMERFAMILY","C:\Users\DIYA GOEL\Downloads\EBDESIGN\backend\src\modules\M775100_FARMERFAMILY","2","0","1","0","1","0","0","0"
"MODULES","M781100_LANDMANAGEMENT","C:\Users\DIYA GOEL\Downloads\EBDESIGN\backend\src\modules\M781100_LANDMANAGEMENT","2","0","1","0","1","0","0","0"
"MODULES","M791100_RURALENTERPRISE","C:\Users\DIYA GOEL\Downloads\EBDESIGN\backend\src\modules\M791100_RURALENTERPRISE","2","0","1","0","1","0","0","0"
"MODULES","M801100_INSTITUTIONALPROCUREMENT","C:\Users\DIYA GOEL\Downloads\EBDESIGN\backend\src\modules\M801100_INSTITUTIONALPROCUREMENT","2","0","1","0","1","0","0","0"
"MODULES","M805100_EXPERIENCELAYER","C:\Users\DIYA GOEL\Downloads\EBDESIGN\backend\src\modules\M805100_EXPERIENCELAYER","2","0","1","0","1","0","0","0"
"MODULES","M807100_ECOMMERCEAI","C:\Users\DIYA GOEL\Downloads\EBDESIGN\backend\src\modules\M807100_ECOMMERCEAI","2","0","1","0","1","0","0","0"
"MODULES","M8100_RECIPEINTELLIGENCE","C:\Users\DIYA GOEL\Downloads\EBDESIGN\backend\src\modules\M8100_RECIPEINTELLIGENCE","2","0","1","0","1","0","0","0"
"MODULES","M82100_GOAT","C:\Users\DIYA GOEL\Downloads\EBDESIGN\backend\src\modules\M82100_GOAT","5","2","1","0","1","0","0","0"
"MODULES","M822100_MILLCIRCUIT","C:\Users\DIYA GOEL\Downloads\EBDESIGN\backend\src\modules\M822100_MILLCIRCUIT","2","0","1","0","1","0","0","0"
"MODULES","M825100_DIGITALPRODUCTPASSPORT","C:\Users\DIYA GOEL\Downloads\EBDESIGN\backend\src\modules\M825100_DIGITALPRODUCTPASSPORT","2","0","1","0","1","0","0","0"
"MODULES","M826100_ECOMMERCE","C:\Users\DIYA GOEL\Downloads\EBDESIGN\backend\src\modules\M826100_ECOMMERCE","2","0","1","0","1","0","0","0"
"MODULES","M840100_SYSTEMADMINISTRATION","C:\Users\DIYA GOEL\Downloads\EBDESIGN\backend\src\modules\M840100_SYSTEMADMINISTRATION","4","2","1","0","1","0","0","0"
"MODULES","M844100_FARMERVALUE","C:\Users\DIYA GOEL\Downloads\EBDESIGN\backend\src\modules\M844100_FARMERVALUE","2","0","1","0","1","0","0","0"
"MODULES","M852100_SHAREDINFRASTRUCTURE","C:\Users\DIYA GOEL\Downloads\EBDESIGN\backend\src\modules\M852100_SHAREDINFRASTRUCTURE","2","0","1","0","1","0","0","0"
"MODULES","M854100_INFORMATIONSHARING","C:\Users\DIYA GOEL\Downloads\EBDESIGN\backend\src\modules\M854100_INFORMATIONSHARING","2","0","1","0","1","0","0","0"
"MODULES","M858100_PIG","C:\Users\DIYA GOEL\Downloads\EBDESIGN\backend\src\modules\M858100_PIG","5","2","1","0","1","0","0","0"
"MODULES","M865100_PROJECTSYSTEMS","C:\Users\DIYA GOEL\Downloads\EBDESIGN\backend\src\modules\M865100_PROJECTSYSTEMS","4","2","1","0","1","0","0","0"
"MODULES","M868100_HORTICULTUREMANAGEMENT","C:\Users\DIYA GOEL\Downloads\EBDESIGN\backend\src\modules\M868100_HORTICULTUREMANAGEMENT","4","2","1","0","1","0","0","0"
"MODULES","M87100_ANIMALHEALTH","C:\Users\DIYA GOEL\Downloads\EBDESIGN\backend\src\modules\M87100_ANIMALHEALTH","5","2","1","0","1","0","0","0"
"MODULES","M880100_FISHERIESMANAGEMENT","C:\Users\DIYA GOEL\Downloads\EBDESIGN\backend\src\modules\M880100_FISHERIESMANAGEMENT","2","0","1","0","1","0","0","0"
"MODULES","M897100_CONSUMERHEALTH","C:\Users\DIYA GOEL\Downloads\EBDESIGN\backend\src\modules\M897100_CONSUMERHEALTH","2","0","1","0","1","0","0","0"
"MODULES","M90100_IOTINTEGRATION","C:\Users\DIYA GOEL\Downloads\EBDESIGN\backend\src\modules\M90100_IOTINTEGRATION","2","0","1","0","1","0","0","0"
"MODULES","MIGRATION_SYSTEM","C:\Users\DIYA GOEL\Downloads\EBDESIGN\backend\src\modules\MIGRATION_SYSTEM","4","0","4","1","0","0","0","4"
"MODULES","TEMPLATES","C:\Users\DIYA GOEL\Downloads\EBDESIGN\backend\src\modules\TEMPLATES","8","1","6","1","1","0","4","0"
"MODULES","UIP_SYSTEM","C:\Users\DIYA GOEL\Downloads\EBDESIGN\backend\src\modules\UIP_SYSTEM","1","0","1","0","0","0","0","0"
